# 3ds Max Wavefront OBJ Exporter v0.99 - (c)2007 guruware
# File Created: 09.10.2026 00:52:41

mtllib NEED.mtl

#
# object Capsule_01_Roof
#

v  1200.000000 1434.436035 321.164154
v  2080.000000 1434.436035 321.164154
v  2200.000000 1434.436035 201.164154
v  2200.000000 1434.436035 -58.835838
v  2080.000000 1434.436035 -178.835846
v  1200.000000 1434.436035 -178.835846
v  1200.000000 1464.436035 321.164154
v  2080.000000 1464.436035 321.164154
v  2200.000000 1464.436035 201.164154
v  2200.000000 1464.436035 -58.835838
v  2080.000000 1464.436035 -178.835846
v  1200.000000 1464.436035 -178.835846
v  1200.000000 1464.436035 271.164154
v  2080.000000 1464.436035 271.164154
v  2200.000000 1464.436035 175.164154
v  2200.000000 1464.436035 -32.835838
v  2080.000000 1464.436035 -128.835846
v  1200.000000 1464.436035 -128.835846
v  1200.000000 1476.436035 271.164154
v  2080.000000 1476.436035 271.164154
v  2200.000000 1476.436035 175.164154
v  2200.000000 1476.436035 -32.835838
v  2080.000000 1476.436035 -128.835846
v  1200.000000 1476.436035 -128.835846
v  -2500.000244 1034.435913 2571.164062
v  2499.999756 1034.435913 2571.164062
v  -2500.000244 1034.435913 -2428.835938
v  2499.999756 1034.435913 -2428.835938
v  -2500.000244 1134.435913 2571.164062
v  2499.999756 1134.435913 2571.164062
v  -2500.000244 1134.435913 -2428.835938
v  2499.999756 1134.435913 -2428.835938
v  1200.000000 1134.436035 321.164185
v  2080.000000 1134.436035 321.164185
v  2200.000000 1134.436035 201.164185
v  2200.000000 1134.436035 -58.835823
v  2080.000000 1134.436035 -178.835815
v  1200.000000 1134.436035 -178.835815
v  1200.000000 1146.436035 321.164185
v  2080.000000 1146.436035 321.164185
v  2200.000000 1146.436035 201.164185
v  2200.000000 1146.436035 -58.835823
v  2080.000000 1146.436035 -178.835815
v  1200.000000 1146.436035 -178.835815
v  1200.000000 1146.436035 321.164185
v  2080.000000 1146.436035 321.164185
v  2080.000000 1146.436035 296.164185
v  1200.000000 1146.436035 296.164185
v  1200.000000 1434.436035 321.164154
v  2080.000000 1434.436035 321.164154
v  2080.000000 1434.436035 296.164154
v  1200.000000 1434.436035 296.164154
v  2080.000000 1146.436035 321.164185
v  2200.000000 1146.436035 201.164185
v  2182.322021 1146.436035 183.486176
v  2062.322021 1146.436035 303.486176
v  2080.000000 1434.436035 321.164154
v  2200.000000 1434.436035 201.164154
v  2182.322021 1434.436035 183.486160
v  2062.322021 1434.436035 303.486176
v  2200.000000 1146.436035 201.164185
v  2200.000000 1146.436035 -58.835823
v  2175.000000 1146.436035 -58.835823
v  2175.000000 1146.436035 201.164185
v  2200.000000 1434.436035 201.164154
v  2200.000000 1434.436035 -58.835838
v  2175.000000 1434.436035 -58.835838
v  2175.000000 1434.436035 201.164154
v  2200.000000 1146.436035 -58.835823
v  2080.000000 1146.436035 -178.835815
v  2062.322021 1146.436035 -161.157837
v  2182.322021 1146.436035 -41.157822
v  2200.000000 1434.436035 -58.835838
v  2080.000000 1434.436035 -178.835846
v  2062.322021 1434.436035 -161.157837
v  2182.322021 1434.436035 -41.157837
v  2080.000000 1146.436035 -178.835815
v  1200.000000 1146.436035 -178.835815
v  1200.000000 1146.436035 -153.835815
v  2080.000000 1146.436035 -153.835815
v  2080.000000 1434.436035 -178.835846
v  1200.000000 1434.436035 -178.835846
v  1200.000000 1434.436035 -153.835846
v  2080.000000 1434.436035 -153.835846
v  1200.000000 1146.436035 -178.835815
v  1200.000000 1146.436035 -48.835823
v  1225.000000 1146.436035 -48.835823
v  1225.000000 1146.436035 -178.835815
v  1200.000000 1434.436035 -178.835846
v  1200.000000 1434.436035 -48.835838
v  1225.000000 1434.436035 -48.835838
v  1225.000000 1434.436035 -178.835846
v  1200.000000 1146.436035 191.164185
v  1200.000000 1146.436035 321.164185
v  1225.000000 1146.436035 321.164185
v  1225.000000 1146.436035 191.164185
v  1200.000000 1434.436035 191.164154
v  1200.000000 1434.436035 321.164154
v  1225.000000 1434.436035 321.164154
v  1225.000000 1434.436035 191.164154
v  1200.000000 1394.436035 -48.835831
v  1200.000000 1394.436035 191.164169
v  1225.000000 1394.436035 191.164169
v  1225.000000 1394.436035 -48.835831
v  1200.000000 1434.436035 -48.835838
v  1200.000000 1434.436035 191.164154
v  1225.000000 1434.436035 191.164154
v  1225.000000 1434.436035 -48.835838
v  1200.000000 1146.436035 -63.835823
v  1200.000000 1146.436035 -48.835823
v  1233.000000 1146.436035 -48.835823
v  1233.000000 1146.436035 -63.835823
v  1200.000000 1394.436035 -63.835838
v  1200.000000 1394.436035 -48.835831
v  1233.000000 1394.436035 -48.835831
v  1233.000000 1394.436035 -63.835838
v  1200.000000 1146.436035 191.164185
v  1200.000000 1146.436035 206.164185
v  1233.000000 1146.436035 206.164185
v  1233.000000 1146.436035 191.164185
v  1200.000000 1394.436035 191.164169
v  1200.000000 1394.436035 206.164154
v  1233.000000 1394.436035 206.164154
v  1233.000000 1394.436035 191.164169
v  1200.000000 1388.436035 -48.835831
v  1200.000000 1388.436035 191.164169
v  1233.000000 1388.436035 191.164169
v  1233.000000 1388.436035 -48.835831
v  1200.000000 1394.436035 -48.835831
v  1200.000000 1394.436035 191.164169
v  1233.000000 1394.436035 191.164169
v  1233.000000 1394.436035 -48.835831
v  1220.000000 1334.436035 321.164154
v  2060.000000 1334.436035 321.164154
v  2060.000000 1334.436035 290.164154
v  1220.000000 1334.436035 290.164154
v  1220.000000 1348.436035 321.164154
v  2060.000000 1348.436035 321.164154
v  2060.000000 1348.436035 290.164154
v  1220.000000 1348.436035 290.164154
v  2094.142090 1334.436035 307.022156
v  2185.857910 1334.436035 215.306152
v  2163.937988 1334.436035 193.386169
v  2072.221924 1334.436035 285.102173
v  2094.142090 1348.436035 307.022156
v  2185.857910 1348.436035 215.306152
v  2163.937988 1348.436035 193.386169
v  2072.221924 1348.436035 285.102173
v  2200.000000 1334.436035 181.164169
v  2200.000000 1334.436035 -38.835831
v  2169.000000 1334.436035 -38.835831
v  2169.000000 1334.436035 181.164169
v  2200.000000 1348.436035 181.164169
v  2200.000000 1348.436035 -38.835831
v  2169.000000 1348.436035 -38.835831
v  2169.000000 1348.436035 181.164169
v  2185.857910 1334.436035 -72.977837
v  2094.142090 1334.436035 -164.693848
v  2072.221924 1334.436035 -142.773834
v  2163.937988 1334.436035 -51.057831
v  2185.857910 1348.436035 -72.977837
v  2094.142090 1348.436035 -164.693848
v  2072.221924 1348.436035 -142.773834
v  2163.937988 1348.436035 -51.057831
v  2060.000000 1334.436035 -178.835846
v  1220.000000 1334.436035 -178.835846
v  1220.000000 1334.436035 -147.835846
v  2060.000000 1334.436035 -147.835846
v  2060.000000 1348.436035 -178.835846
v  1220.000000 1348.436035 -178.835846
v  1220.000000 1348.436035 -147.835846
v  2060.000000 1348.436035 -147.835846
v  1200.000000 1146.436035 321.164185
v  2080.000000 1146.436035 321.164185
v  2080.000000 1146.436035 286.164185
v  1200.000000 1146.436035 286.164185
v  1200.000000 1174.436035 321.164185
v  2080.000000 1174.436035 321.164185
v  2080.000000 1174.436035 286.164185
v  1200.000000 1174.436035 286.164185
v  2080.000000 1146.436035 321.164185
v  2200.000000 1146.436035 201.164185
v  2175.250977 1146.436035 176.415176
v  2055.250977 1146.436035 296.415192
v  2080.000000 1174.436035 321.164185
v  2200.000000 1174.436035 201.164185
v  2175.250977 1174.436035 176.415176
v  2055.250977 1174.436035 296.415192
v  2200.000000 1146.436035 201.164185
v  2200.000000 1146.436035 -58.835823
v  2165.000000 1146.436035 -58.835823
v  2165.000000 1146.436035 201.164185
v  2200.000000 1174.436035 201.164185
v  2200.000000 1174.436035 -58.835823
v  2165.000000 1174.436035 -58.835823
v  2165.000000 1174.436035 201.164185
v  2200.000000 1146.436035 -58.835823
v  2080.000000 1146.436035 -178.835815
v  2055.250977 1146.436035 -154.086823
v  2175.250977 1146.436035 -34.086823
v  2200.000000 1174.436035 -58.835823
v  2080.000000 1174.436035 -178.835815
v  2055.250977 1174.436035 -154.086823
v  2175.250977 1174.436035 -34.086823
v  2080.000000 1146.436035 -178.835815
v  1200.000000 1146.436035 -178.835815
v  1200.000000 1146.436035 -143.835815
v  2080.000000 1146.436035 -143.835815
v  2080.000000 1174.436035 -178.835815
v  1200.000000 1174.436035 -178.835815
v  1200.000000 1174.436035 -143.835815
v  2080.000000 1174.436035 -143.835815
v  1025.305054 1134.436035 -600.586792
v  1647.558960 1134.436035 -1222.840820
v  1647.558960 1134.435913 -1392.546875
v  1463.711060 1134.435913 -1576.394775
v  1294.005005 1134.435913 -1576.394775
v  671.750977 1134.436035 -954.140869
v  1025.305054 1146.436035 -600.586792
v  1647.558960 1146.436035 -1222.840820
v  1647.558960 1146.435913 -1392.546875
v  1463.711060 1146.435913 -1576.394775
v  1294.005005 1146.435913 -1576.394775
v  671.750977 1146.436035 -954.140869
v  1025.305054 1434.436035 -600.586792
v  1647.558960 1434.436035 -1222.840820
v  1647.558960 1434.436035 -1392.546875
v  1463.711060 1434.436035 -1576.394775
v  1294.005005 1434.436035 -1576.394775
v  671.750977 1434.436035 -954.140869
v  1025.305054 1464.436035 -600.586792
v  1647.558960 1464.436035 -1222.840820
v  1647.558960 1464.436035 -1392.546875
v  1463.711060 1464.436035 -1576.394775
v  1294.005005 1464.436035 -1576.394775
v  671.750977 1464.436035 -954.140869
v  989.948975 1464.436035 -635.942810
v  1612.203003 1464.436035 -1258.196777
v  1629.173950 1464.436035 -1410.931763
v  1482.095947 1464.436035 -1558.009766
v  1329.360962 1464.436035 -1541.038818
v  707.106995 1464.436035 -918.784790
v  989.948975 1476.436035 -635.942810
v  1612.203003 1476.436035 -1258.196777
v  1629.173950 1476.436035 -1410.931763
v  1482.095947 1476.436035 -1558.009766
v  1329.360962 1476.436035 -1541.038818
v  707.106995 1476.436035 -918.784790
v  1025.305054 1146.436035 -600.586792
v  1647.558960 1146.436035 -1222.840820
v  1629.880981 1146.436035 -1240.518799
v  1007.627014 1146.436035 -618.264832
v  1025.305054 1434.436035 -600.586792
v  1647.558960 1434.436035 -1222.840820
v  1629.880981 1434.436035 -1240.518799
v  1007.627014 1434.436035 -618.264832
v  1647.558960 1146.436035 -1222.840820
v  1647.558960 1146.435913 -1392.546875
v  1622.558960 1146.435913 -1392.546875
v  1622.558960 1146.436035 -1222.840820
v  1647.558960 1434.436035 -1222.840820
v  1647.558960 1434.436035 -1392.546875
v  1622.558960 1434.436035 -1392.546875
v  1622.558960 1434.436035 -1222.840820
v  1647.558960 1146.435913 -1392.546875
v  1463.711060 1146.435913 -1576.394775
v  1446.032959 1146.435913 -1558.716797
v  1629.880981 1146.435913 -1374.868774
v  1647.558960 1434.436035 -1392.546875
v  1463.711060 1434.436035 -1576.394775
v  1446.032959 1434.436035 -1558.716797
v  1629.880981 1434.436035 -1374.868774
v  1463.711060 1146.435913 -1576.394775
v  1294.005005 1146.435913 -1576.394775
v  1294.005005 1146.435913 -1551.394775
v  1463.711060 1146.435913 -1551.394775
v  1463.711060 1434.436035 -1576.394775
v  1294.005005 1434.436035 -1576.394775
v  1294.005005 1434.436035 -1551.394775
v  1463.711060 1434.436035 -1551.394775
v  1294.005005 1146.435913 -1576.394775
v  671.750977 1146.436035 -954.140869
v  689.429016 1146.436035 -936.462830
v  1311.682983 1146.435913 -1558.716797
v  1294.005005 1434.436035 -1576.394775
v  671.750977 1434.436035 -954.140869
v  689.429016 1434.436035 -936.462830
v  1311.682983 1434.436035 -1558.716797
v  671.750977 1146.436035 -954.140869
v  763.674988 1146.436035 -862.216797
v  781.353027 1146.436035 -879.894836
v  689.429016 1146.436035 -971.818848
v  671.750977 1434.436035 -954.140869
v  763.674988 1434.436035 -862.216797
v  781.353027 1434.436035 -879.894836
v  689.429016 1434.436035 -971.818848
v  933.380981 1146.436035 -692.510803
v  1025.305054 1146.436035 -600.586792
v  1042.983032 1146.436035 -618.264832
v  951.059021 1146.436035 -710.188843
v  933.380981 1434.436035 -692.510803
v  1025.305054 1434.436035 -600.586792
v  1042.983032 1434.436035 -618.264832
v  951.059021 1434.436035 -710.188843
v  763.674988 1394.436035 -862.216797
v  933.380981 1394.436035 -692.510803
v  951.059021 1394.436035 -710.188843
v  781.353027 1394.436035 -879.894836
v  763.674988 1434.436035 -862.216797
v  933.380981 1434.436035 -692.510803
v  951.059021 1434.436035 -710.188843
v  781.353027 1434.436035 -879.894836
v  753.068970 1146.436035 -872.823792
v  763.674988 1146.436035 -862.216797
v  787.010010 1146.436035 -885.550842
v  776.403015 1146.436035 -896.157837
v  753.068970 1394.436035 -872.823792
v  763.674988 1394.436035 -862.216797
v  787.010010 1394.436035 -885.550842
v  776.403015 1394.436035 -896.157837
v  933.380981 1146.436035 -692.510803
v  943.987976 1146.436035 -681.904785
v  967.322021 1146.436035 -705.238831
v  956.715027 1146.436035 -715.845825
v  933.380981 1394.436035 -692.510803
v  943.987976 1394.436035 -681.904785
v  967.322021 1394.436035 -705.238831
v  956.715027 1394.436035 -715.845825
v  763.674988 1388.436035 -862.216797
v  933.380981 1388.436035 -692.510803
v  956.715027 1388.436035 -715.845825
v  787.010010 1388.436035 -885.550842
v  763.674988 1394.436035 -862.216797
v  933.380981 1394.436035 -692.510803
v  956.715027 1394.436035 -715.845825
v  787.010010 1394.436035 -885.550842
v  1039.447021 1334.436035 -614.729797
v  1633.416992 1334.436035 -1208.698853
v  1611.495972 1334.436035 -1230.619873
v  1017.526978 1334.436035 -636.649841
v  1039.447021 1348.436035 -614.729797
v  1633.416992 1348.436035 -1208.698853
v  1611.495972 1348.436035 -1230.619873
v  1017.526978 1348.436035 -636.649841
v  1647.558960 1334.436035 -1242.840820
v  1647.558960 1334.436035 -1372.546875
v  1616.558960 1334.436035 -1372.546875
v  1616.558960 1334.436035 -1242.840820
v  1647.558960 1348.436035 -1242.840820
v  1647.558960 1348.436035 -1372.546875
v  1616.558960 1348.436035 -1372.546875
v  1616.558960 1348.436035 -1242.840820
v  1633.416992 1334.436035 -1406.688843
v  1477.853027 1334.435913 -1562.252808
v  1455.932983 1334.435913 -1540.331787
v  1611.495972 1334.436035 -1384.768799
v  1633.416992 1348.436035 -1406.688843
v  1477.853027 1348.435913 -1562.252808
v  1455.932983 1348.435913 -1540.331787
v  1611.495972 1348.436035 -1384.768799
v  1443.711060 1334.435913 -1576.394775
v  1314.005005 1334.435913 -1576.394775
v  1314.005005 1334.435913 -1545.394775
v  1443.711060 1334.435913 -1545.394775
v  1443.711060 1348.435913 -1576.394775
v  1314.005005 1348.435913 -1576.394775
v  1314.005005 1348.435913 -1545.394775
v  1443.711060 1348.435913 -1545.394775
v  1279.863037 1334.435913 -1562.252808
v  685.893982 1334.436035 -968.282837
v  707.814026 1334.436035 -946.362793
v  1301.784058 1334.435913 -1540.331787
v  1279.863037 1348.435913 -1562.252808
v  685.893982 1348.436035 -968.282837
v  707.814026 1348.436035 -946.362793
v  1301.784058 1348.435913 -1540.331787
v  1025.305054 1146.436035 -600.586792
v  1647.558960 1146.436035 -1222.840820
v  1622.810059 1146.436035 -1247.589844
v  1000.556030 1146.436035 -625.335815
v  1025.305054 1174.436035 -600.586792
v  1647.558960 1174.436035 -1222.840820
v  1622.810059 1174.436035 -1247.589844
v  1000.556030 1174.436035 -625.335815
v  1647.558960 1146.436035 -1222.840820
v  1647.558960 1146.435913 -1392.546875
v  1612.558960 1146.435913 -1392.546875
v  1612.558960 1146.436035 -1222.840820
v  1647.558960 1174.436035 -1222.840820
v  1647.558960 1174.435913 -1392.546875
v  1612.558960 1174.435913 -1392.546875
v  1612.558960 1174.436035 -1222.840820
v  1647.558960 1146.435913 -1392.546875
v  1463.711060 1146.435913 -1576.394775
v  1438.962036 1146.435913 -1551.645874
v  1622.810059 1146.435913 -1367.797852
v  1647.558960 1174.435913 -1392.546875
v  1463.711060 1174.435913 -1576.394775
v  1438.962036 1174.435913 -1551.645874
v  1622.810059 1174.436035 -1367.797852
v  1463.711060 1146.435913 -1576.394775
v  1294.005005 1146.435913 -1576.394775
v  1294.005005 1146.435913 -1541.394775
v  1463.711060 1146.435913 -1541.394775
v  1463.711060 1174.435913 -1576.394775
v  1294.005005 1174.435913 -1576.394775
v  1294.005005 1174.435913 -1541.394775
v  1463.711060 1174.435913 -1541.394775
v  1294.005005 1146.435913 -1576.394775
v  671.750977 1146.436035 -954.140869
v  696.500000 1146.436035 -929.391846
v  1318.754028 1146.435913 -1551.645874
v  1294.005005 1174.435913 -1576.394775
v  671.750977 1174.436035 -954.140869
v  696.500000 1174.436035 -929.391846
v  1318.754028 1174.435913 -1551.645874
v  250.000000 1134.436035 -1128.835815
v  250.000000 1134.435913 -2008.835815
v  130.000000 1134.435913 -2128.835938
v  -130.000000 1134.435913 -2128.835938
v  -250.000000 1134.435913 -2008.835815
v  -250.000000 1134.436035 -1128.835815
v  250.000000 1146.436035 -1128.835815
v  250.000000 1146.435913 -2008.835815
v  130.000000 1146.435913 -2128.835938
v  -130.000000 1146.435913 -2128.835938
v  -250.000000 1146.435913 -2008.835815
v  -250.000000 1146.436035 -1128.835815
v  250.000000 1434.436035 -1128.835815
v  250.000000 1434.435913 -2008.835815
v  130.000000 1434.435913 -2128.835938
v  -130.000000 1434.435913 -2128.835938
v  -250.000000 1434.435913 -2008.835815
v  -250.000000 1434.436035 -1128.835815
v  250.000000 1464.436035 -1128.835815
v  250.000000 1464.435913 -2008.835815
v  130.000000 1464.435913 -2128.835938
v  -130.000000 1464.435913 -2128.835938
v  -250.000000 1464.435913 -2008.835815
v  -250.000000 1464.436035 -1128.835815
v  200.000000 1464.436035 -1128.835815
v  200.000000 1464.435913 -2008.835815
v  104.000000 1464.435913 -2128.835938
v  -104.000000 1464.435913 -2128.835938
v  -200.000000 1464.435913 -2008.835815
v  -200.000000 1464.436035 -1128.835815
v  200.000000 1476.436035 -1128.835815
v  200.000000 1476.435913 -2008.835815
v  104.000000 1476.435913 -2128.835938
v  -104.000000 1476.435913 -2128.835938
v  -200.000000 1476.435913 -2008.835815
v  -200.000000 1476.436035 -1128.835815
v  250.000000 1146.436035 -1128.835815
v  250.000000 1146.435913 -2008.835815
v  225.000000 1146.435913 -2008.835815
v  225.000000 1146.436035 -1128.835815
v  250.000000 1434.436035 -1128.835815
v  250.000000 1434.435913 -2008.835815
v  225.000000 1434.435913 -2008.835815
v  225.000000 1434.436035 -1128.835815
v  250.000000 1146.435913 -2008.835815
v  130.000000 1146.435913 -2128.835938
v  112.321999 1146.435913 -2111.157959
v  232.322006 1146.435913 -1991.157837
v  250.000000 1434.435913 -2008.835815
v  130.000000 1434.435913 -2128.835938
v  112.321999 1434.435913 -2111.157959
v  232.322006 1434.435913 -1991.157837
v  130.000000 1146.435913 -2128.835938
v  -130.000000 1146.435913 -2128.835938
v  -130.000000 1146.435913 -2103.835938
v  130.000000 1146.435913 -2103.835938
v  130.000000 1434.435913 -2128.835938
v  -130.000000 1434.435913 -2128.835938
v  -130.000000 1434.435913 -2103.835938
v  130.000000 1434.435913 -2103.835938
v  -130.000000 1146.435913 -2128.835938
v  -250.000000 1146.435913 -2008.835815
v  -232.322006 1146.435913 -1991.157837
v  -112.321999 1146.435913 -2111.157959
v  -130.000000 1434.435913 -2128.835938
v  -250.000000 1434.435913 -2008.835815
v  -232.322006 1434.435913 -1991.157837
v  -112.321999 1434.435913 -2111.157959
v  -250.000000 1146.435913 -2008.835815
v  -250.000000 1146.436035 -1128.835815
v  -225.000000 1146.436035 -1128.835815
v  -225.000000 1146.435913 -2008.835815
v  -250.000000 1434.435913 -2008.835815
v  -250.000000 1434.436035 -1128.835815
v  -225.000000 1434.436035 -1128.835815
v  -225.000000 1434.435913 -2008.835815
v  -250.000000 1146.436035 -1128.835815
v  -120.000000 1146.436035 -1128.835815
v  -120.000000 1146.436035 -1153.835815
v  -250.000000 1146.436035 -1153.835815
v  -250.000000 1434.436035 -1128.835815
v  -120.000000 1434.436035 -1128.835815
v  -120.000000 1434.436035 -1153.835815
v  -250.000000 1434.436035 -1153.835815
v  120.000000 1146.436035 -1128.835815
v  250.000000 1146.436035 -1128.835815
v  250.000000 1146.436035 -1153.835815
v  120.000000 1146.436035 -1153.835815
v  120.000000 1434.436035 -1128.835815
v  250.000000 1434.436035 -1128.835815
v  250.000000 1434.436035 -1153.835815
v  120.000000 1434.436035 -1153.835815
v  -120.000000 1394.436035 -1128.835815
v  120.000000 1394.436035 -1128.835815
v  120.000000 1394.436035 -1153.835815
v  -120.000000 1394.436035 -1153.835815
v  -120.000000 1434.436035 -1128.835815
v  120.000000 1434.436035 -1128.835815
v  120.000000 1434.436035 -1153.835815
v  -120.000000 1434.436035 -1153.835815
v  -135.000000 1146.436035 -1128.835815
v  -120.000000 1146.436035 -1128.835815
v  -120.000000 1146.436035 -1161.835815
v  -135.000000 1146.436035 -1161.835815
v  -135.000000 1394.436035 -1128.835815
v  -120.000000 1394.436035 -1128.835815
v  -120.000000 1394.436035 -1161.835815
v  -135.000000 1394.436035 -1161.835815
v  120.000000 1146.436035 -1128.835815
v  135.000000 1146.436035 -1128.835815
v  135.000000 1146.436035 -1161.835815
v  120.000000 1146.436035 -1161.835815
v  120.000000 1394.436035 -1128.835815
v  135.000000 1394.436035 -1128.835815
v  135.000000 1394.436035 -1161.835815
v  120.000000 1394.436035 -1161.835815
v  -120.000000 1388.436035 -1128.835815
v  120.000000 1388.436035 -1128.835815
v  120.000000 1388.436035 -1161.835815
v  -120.000000 1388.436035 -1161.835815
v  -120.000000 1394.436035 -1128.835815
v  120.000000 1394.436035 -1128.835815
v  120.000000 1394.436035 -1161.835815
v  -120.000000 1394.436035 -1161.835815
v  250.000000 1334.436035 -1148.835815
v  250.000000 1334.435913 -1988.835815
v  219.000000 1334.435913 -1988.835815
v  219.000000 1334.436035 -1148.835815
v  250.000000 1348.436035 -1148.835815
v  250.000000 1348.435913 -1988.835815
v  219.000000 1348.435913 -1988.835815
v  219.000000 1348.436035 -1148.835815
v  235.858002 1334.435913 -2022.977905
v  144.141998 1334.435913 -2114.693848
v  122.222000 1334.435913 -2092.773926
v  213.938004 1334.435913 -2001.057739
v  235.858002 1348.435913 -2022.977905
v  144.141998 1348.435913 -2114.693848
v  122.222000 1348.435913 -2092.773926
v  213.938004 1348.435913 -2001.057739
v  110.000000 1334.435913 -2128.835938
v  -110.000000 1334.435913 -2128.835938
v  -110.000000 1334.435913 -2097.835938
v  110.000000 1334.435913 -2097.835938
v  110.000000 1348.435913 -2128.835938
v  -110.000000 1348.435913 -2128.835938
v  -110.000000 1348.435913 -2097.835938
v  110.000000 1348.435913 -2097.835938
v  -144.141998 1334.435913 -2114.693848
v  -235.858002 1334.435913 -2022.977905
v  -213.938004 1334.435913 -2001.057739
v  -122.222000 1334.435913 -2092.773926
v  -144.141998 1348.435913 -2114.693848
v  -235.858002 1348.435913 -2022.977905
v  -213.938004 1348.435913 -2001.057739
v  -122.222000 1348.435913 -2092.773926
v  -250.000000 1334.435913 -1988.835815
v  -250.000000 1334.436035 -1148.835815
v  -219.000000 1334.436035 -1148.835815
v  -219.000000 1334.435913 -1988.835815
v  -250.000000 1348.435913 -1988.835815
v  -250.000000 1348.436035 -1148.835815
v  -219.000000 1348.436035 -1148.835815
v  -219.000000 1348.435913 -1988.835815
v  250.000000 1146.436035 -1128.835815
v  250.000000 1146.435913 -2008.835815
v  215.000000 1146.435913 -2008.835815
v  215.000000 1146.436035 -1128.835815
v  250.000000 1174.436035 -1128.835815
v  250.000000 1174.435913 -2008.835815
v  215.000000 1174.435913 -2008.835815
v  215.000000 1174.436035 -1128.835815
v  250.000000 1146.435913 -2008.835815
v  130.000000 1146.435913 -2128.835938
v  105.250999 1146.435913 -2104.086914
v  225.251007 1146.435913 -1984.086792
v  250.000000 1174.435913 -2008.835815
v  130.000000 1174.435913 -2128.835938
v  105.250999 1174.435913 -2104.086914
v  225.251007 1174.435913 -1984.086792
v  130.000000 1146.435913 -2128.835938
v  -130.000000 1146.435913 -2128.835938
v  -130.000000 1146.435913 -2093.835938
v  130.000000 1146.435913 -2093.835938
v  130.000000 1174.435913 -2128.835938
v  -130.000000 1174.435913 -2128.835938
v  -130.000000 1174.435913 -2093.835938
v  130.000000 1174.435913 -2093.835938
v  -130.000000 1146.435913 -2128.835938
v  -250.000000 1146.435913 -2008.835815
v  -225.251007 1146.435913 -1984.086792
v  -105.250999 1146.435913 -2104.086914
v  -130.000000 1174.435913 -2128.835938
v  -250.000000 1174.435913 -2008.835815
v  -225.251007 1174.435913 -1984.086792
v  -105.250999 1174.435913 -2104.086914
v  -250.000000 1146.435913 -2008.835815
v  -250.000000 1146.436035 -1128.835815
v  -215.000000 1146.436035 -1128.835815
v  -215.000000 1146.435913 -2008.835815
v  -250.000000 1174.435913 -2008.835815
v  -250.000000 1174.436035 -1128.835815
v  -215.000000 1174.436035 -1128.835815
v  -215.000000 1174.435913 -2008.835815
v  -671.750977 1134.436035 -954.140869
v  -1294.005005 1134.435913 -1576.394775
v  -1463.711060 1134.435913 -1576.394775
v  -1647.558960 1134.435913 -1392.546875
v  -1647.558960 1134.436035 -1222.840820
v  -1025.305054 1134.436035 -600.586792
v  -671.750977 1146.436035 -954.140869
v  -1294.005005 1146.435913 -1576.394775
v  -1463.711060 1146.435913 -1576.394775
v  -1647.558960 1146.435913 -1392.546875
v  -1647.558960 1146.436035 -1222.840820
v  -1025.305054 1146.436035 -600.586792
v  -671.750977 1434.436035 -954.140869
v  -1294.005005 1434.436035 -1576.394775
v  -1463.711060 1434.436035 -1576.394775
v  -1647.558960 1434.436035 -1392.546875
v  -1647.558960 1434.436035 -1222.840820
v  -1025.305054 1434.436035 -600.586792
v  -671.750977 1464.436035 -954.140869
v  -1294.005005 1464.436035 -1576.394775
v  -1463.711060 1464.436035 -1576.394775
v  -1647.558960 1464.436035 -1392.546875
v  -1647.558960 1464.436035 -1222.840820
v  -1025.305054 1464.436035 -600.586792
v  -707.106995 1464.436035 -918.784790
v  -1329.360962 1464.436035 -1541.038818
v  -1482.095947 1464.436035 -1558.009766
v  -1629.173950 1464.436035 -1410.931763
v  -1612.203003 1464.436035 -1258.196777
v  -989.948975 1464.436035 -635.942810
v  -707.106995 1476.436035 -918.784790
v  -1329.360962 1476.436035 -1541.038818
v  -1482.095947 1476.436035 -1558.009766
v  -1629.173950 1476.436035 -1410.931763
v  -1612.203003 1476.436035 -1258.196777
v  -989.948975 1476.436035 -635.942810
v  -671.750977 1146.436035 -954.140869
v  -1294.005005 1146.435913 -1576.394775
v  -1311.682983 1146.435913 -1558.716797
v  -689.429016 1146.436035 -936.462830
v  -671.750977 1434.436035 -954.140869
v  -1294.005005 1434.436035 -1576.394775
v  -1311.682983 1434.436035 -1558.716797
v  -689.429016 1434.436035 -936.462830
v  -1294.005005 1146.435913 -1576.394775
v  -1463.711060 1146.435913 -1576.394775
v  -1463.711060 1146.435913 -1551.394775
v  -1294.005005 1146.435913 -1551.394775
v  -1294.005005 1434.436035 -1576.394775
v  -1463.711060 1434.436035 -1576.394775
v  -1463.711060 1434.436035 -1551.394775
v  -1294.005005 1434.436035 -1551.394775
v  -1463.711060 1146.435913 -1576.394775
v  -1647.558960 1146.435913 -1392.546875
v  -1629.880981 1146.435913 -1374.868774
v  -1446.032959 1146.435913 -1558.716797
v  -1463.711060 1434.436035 -1576.394775
v  -1647.558960 1434.436035 -1392.546875
v  -1629.880981 1434.436035 -1374.868774
v  -1446.032959 1434.436035 -1558.716797
v  -1647.558960 1146.435913 -1392.546875
v  -1647.558960 1146.436035 -1222.840820
v  -1622.558960 1146.436035 -1222.840820
v  -1622.558960 1146.435913 -1392.546875
v  -1647.558960 1434.436035 -1392.546875
v  -1647.558960 1434.436035 -1222.840820
v  -1622.558960 1434.436035 -1222.840820
v  -1622.558960 1434.436035 -1392.546875
v  -1647.558960 1146.436035 -1222.840820
v  -1025.305054 1146.436035 -600.586792
v  -1007.627014 1146.436035 -618.264832
v  -1629.880981 1146.436035 -1240.518799
v  -1647.558960 1434.436035 -1222.840820
v  -1025.305054 1434.436035 -600.586792
v  -1007.627014 1434.436035 -618.264832
v  -1629.880981 1434.436035 -1240.518799
v  -1025.305054 1146.436035 -600.586792
v  -933.380981 1146.436035 -692.510803
v  -951.059021 1146.436035 -710.188843
v  -1042.983032 1146.436035 -618.264832
v  -1025.305054 1434.436035 -600.586792
v  -933.380981 1434.436035 -692.510803
v  -951.059021 1434.436035 -710.188843
v  -1042.983032 1434.436035 -618.264832
v  -763.674988 1146.436035 -862.216797
v  -671.750977 1146.436035 -954.140869
v  -689.429016 1146.436035 -971.818848
v  -781.353027 1146.436035 -879.894836
v  -763.674988 1434.436035 -862.216797
v  -671.750977 1434.436035 -954.140869
v  -689.429016 1434.436035 -971.818848
v  -781.353027 1434.436035 -879.894836
v  -933.380981 1394.436035 -692.510803
v  -763.674988 1394.436035 -862.216797
v  -781.353027 1394.436035 -879.894836
v  -951.059021 1394.436035 -710.188843
v  -933.380981 1434.436035 -692.510803
v  -763.674988 1434.436035 -862.216797
v  -781.353027 1434.436035 -879.894836
v  -951.059021 1434.436035 -710.188843
v  -943.987976 1146.436035 -681.904785
v  -933.380981 1146.436035 -692.510803
v  -956.715027 1146.436035 -715.845825
v  -967.322021 1146.436035 -705.238831
v  -943.987976 1394.436035 -681.904785
v  -933.380981 1394.436035 -692.510803
v  -956.715027 1394.436035 -715.845825
v  -967.322021 1394.436035 -705.238831
v  -763.674988 1146.436035 -862.216797
v  -753.068970 1146.436035 -872.823792
v  -776.403015 1146.436035 -896.157837
v  -787.010010 1146.436035 -885.550842
v  -763.674988 1394.436035 -862.216797
v  -753.068970 1394.436035 -872.823792
v  -776.403015 1394.436035 -896.157837
v  -787.010010 1394.436035 -885.550842
v  -933.380981 1388.436035 -692.510803
v  -763.674988 1388.436035 -862.216797
v  -787.010010 1388.436035 -885.550842
v  -956.715027 1388.436035 -715.845825
v  -933.380981 1394.436035 -692.510803
v  -763.674988 1394.436035 -862.216797
v  -787.010010 1394.436035 -885.550842
v  -956.715027 1394.436035 -715.845825
v  -685.893982 1334.436035 -968.282837
v  -1279.863037 1334.435913 -1562.252808
v  -1301.784058 1334.435913 -1540.331787
v  -707.814026 1334.436035 -946.362793
v  -685.893982 1348.436035 -968.282837
v  -1279.863037 1348.435913 -1562.252808
v  -1301.784058 1348.435913 -1540.331787
v  -707.814026 1348.436035 -946.362793
v  -1314.005005 1334.435913 -1576.394775
v  -1443.711060 1334.435913 -1576.394775
v  -1443.711060 1334.435913 -1545.394775
v  -1314.005005 1334.435913 -1545.394775
v  -1314.005005 1348.435913 -1576.394775
v  -1443.711060 1348.435913 -1576.394775
v  -1443.711060 1348.435913 -1545.394775
v  -1314.005005 1348.435913 -1545.394775
v  -1477.853027 1334.435913 -1562.252808
v  -1633.416992 1334.436035 -1406.688843
v  -1611.495972 1334.436035 -1384.768799
v  -1455.932983 1334.435913 -1540.331787
v  -1477.853027 1348.435913 -1562.252808
v  -1633.416992 1348.436035 -1406.688843
v  -1611.495972 1348.436035 -1384.768799
v  -1455.932983 1348.435913 -1540.331787
v  -1647.558960 1334.436035 -1372.546875
v  -1647.558960 1334.436035 -1242.840820
v  -1616.558960 1334.436035 -1242.840820
v  -1616.558960 1334.436035 -1372.546875
v  -1647.558960 1348.436035 -1372.546875
v  -1647.558960 1348.436035 -1242.840820
v  -1616.558960 1348.436035 -1242.840820
v  -1616.558960 1348.436035 -1372.546875
v  -1633.416992 1334.436035 -1208.698853
v  -1039.447021 1334.436035 -614.729797
v  -1017.526978 1334.436035 -636.649841
v  -1611.495972 1334.436035 -1230.619873
v  -1633.416992 1348.436035 -1208.698853
v  -1039.447021 1348.436035 -614.729797
v  -1017.526978 1348.436035 -636.649841
v  -1611.495972 1348.436035 -1230.619873
v  -671.750977 1146.436035 -954.140869
v  -1294.005005 1146.435913 -1576.394775
v  -1318.754028 1146.435913 -1551.645874
v  -696.500000 1146.436035 -929.391846
v  -671.750977 1174.436035 -954.140869
v  -1294.005005 1174.435913 -1576.394775
v  -1318.754028 1174.435913 -1551.645874
v  -696.500000 1174.436035 -929.391846
v  -1294.005005 1146.435913 -1576.394775
v  -1463.711060 1146.435913 -1576.394775
v  -1463.711060 1146.435913 -1541.394775
v  -1294.005005 1146.435913 -1541.394775
v  -1294.005005 1174.435913 -1576.394775
v  -1463.711060 1174.435913 -1576.394775
v  -1463.711060 1174.435913 -1541.394775
v  -1294.005005 1174.435913 -1541.394775
v  -1463.711060 1146.435913 -1576.394775
v  -1647.558960 1146.435913 -1392.546875
v  -1622.810059 1146.435913 -1367.797852
v  -1438.962036 1146.435913 -1551.645874
v  -1463.711060 1174.435913 -1576.394775
v  -1647.558960 1174.435913 -1392.546875
v  -1622.810059 1174.436035 -1367.797852
v  -1438.962036 1174.435913 -1551.645874
v  -1647.558960 1146.435913 -1392.546875
v  -1647.558960 1146.436035 -1222.840820
v  -1612.558960 1146.436035 -1222.840820
v  -1612.558960 1146.435913 -1392.546875
v  -1647.558960 1174.435913 -1392.546875
v  -1647.558960 1174.436035 -1222.840820
v  -1612.558960 1174.436035 -1222.840820
v  -1612.558960 1174.435913 -1392.546875
v  -1647.558960 1146.436035 -1222.840820
v  -1025.305054 1146.436035 -600.586792
v  -1000.556030 1146.436035 -625.335815
v  -1622.810059 1146.436035 -1247.589844
v  -1647.558960 1174.436035 -1222.840820
v  -1025.305054 1174.436035 -600.586792
v  -1000.556030 1174.436035 -625.335815
v  -1622.810059 1174.436035 -1247.589844
v  -1200.000000 1134.436035 -178.835815
v  -2080.000000 1134.436035 -178.835815
v  -2200.000000 1134.436035 -58.835823
v  -2200.000000 1134.436035 201.164185
v  -2080.000000 1134.436035 321.164185
v  -1200.000000 1134.436035 321.164185
v  -1200.000000 1146.436035 -178.835815
v  -2080.000000 1146.436035 -178.835815
v  -2200.000000 1146.436035 -58.835823
v  -2200.000000 1146.436035 201.164185
v  -2080.000000 1146.436035 321.164185
v  -1200.000000 1146.436035 321.164185
v  -1200.000000 1434.436035 -178.835846
v  -2080.000000 1434.436035 -178.835846
v  -2200.000000 1434.436035 -58.835838
v  -2200.000000 1434.436035 201.164154
v  -2080.000000 1434.436035 321.164154
v  -1200.000000 1434.436035 321.164154
v  -1200.000000 1464.436035 -178.835846
v  -2080.000000 1464.436035 -178.835846
v  -2200.000000 1464.436035 -58.835838
v  -2200.000000 1464.436035 201.164154
v  -2080.000000 1464.436035 321.164154
v  -1200.000000 1464.436035 321.164154
v  -1200.000000 1464.436035 -128.835846
v  -2080.000000 1464.436035 -128.835846
v  -2200.000000 1464.436035 -32.835838
v  -2200.000000 1464.436035 175.164154
v  -2080.000000 1464.436035 271.164154
v  -1200.000000 1464.436035 271.164154
v  -1200.000000 1476.436035 -128.835846
v  -2080.000000 1476.436035 -128.835846
v  -2200.000000 1476.436035 -32.835838
v  -2200.000000 1476.436035 175.164154
v  -2080.000000 1476.436035 271.164154
v  -1200.000000 1476.436035 271.164154
v  -1200.000000 1146.436035 -178.835815
v  -2080.000000 1146.436035 -178.835815
v  -2080.000000 1146.436035 -153.835815
v  -1200.000000 1146.436035 -153.835815
v  -1200.000000 1434.436035 -178.835846
v  -2080.000000 1434.436035 -178.835846
v  -2080.000000 1434.436035 -153.835846
v  -1200.000000 1434.436035 -153.835846
v  -2080.000000 1146.436035 -178.835815
v  -2200.000000 1146.436035 -58.835823
v  -2182.322021 1146.436035 -41.157822
v  -2062.322021 1146.436035 -161.157837
v  -2080.000000 1434.436035 -178.835846
v  -2200.000000 1434.436035 -58.835838
v  -2182.322021 1434.436035 -41.157837
v  -2062.322021 1434.436035 -161.157837
v  -2200.000000 1146.436035 -58.835823
v  -2200.000000 1146.436035 201.164185
v  -2175.000000 1146.436035 201.164185
v  -2175.000000 1146.436035 -58.835823
v  -2200.000000 1434.436035 -58.835838
v  -2200.000000 1434.436035 201.164154
v  -2175.000000 1434.436035 201.164154
v  -2175.000000 1434.436035 -58.835838
v  -2200.000000 1146.436035 201.164185
v  -2080.000000 1146.436035 321.164185
v  -2062.322021 1146.436035 303.486176
v  -2182.322021 1146.436035 183.486176
v  -2200.000000 1434.436035 201.164154
v  -2080.000000 1434.436035 321.164154
v  -2062.322021 1434.436035 303.486176
v  -2182.322021 1434.436035 183.486160
v  -2080.000000 1146.436035 321.164185
v  -1200.000000 1146.436035 321.164185
v  -1200.000000 1146.436035 296.164185
v  -2080.000000 1146.436035 296.164185
v  -2080.000000 1434.436035 321.164154
v  -1200.000000 1434.436035 321.164154
v  -1200.000000 1434.436035 296.164154
v  -2080.000000 1434.436035 296.164154
v  -1200.000000 1146.436035 321.164185
v  -1200.000000 1146.436035 191.164185
v  -1225.000000 1146.436035 191.164185
v  -1225.000000 1146.436035 321.164185
v  -1200.000000 1434.436035 321.164154
v  -1200.000000 1434.436035 191.164154
v  -1225.000000 1434.436035 191.164154
v  -1225.000000 1434.436035 321.164154
v  -1200.000000 1146.436035 -48.835823
v  -1200.000000 1146.436035 -178.835815
v  -1225.000000 1146.436035 -178.835815
v  -1225.000000 1146.436035 -48.835823
v  -1200.000000 1434.436035 -48.835838
v  -1200.000000 1434.436035 -178.835846
v  -1225.000000 1434.436035 -178.835846
v  -1225.000000 1434.436035 -48.835838
v  -1200.000000 1394.436035 191.164169
v  -1200.000000 1394.436035 -48.835831
v  -1225.000000 1394.436035 -48.835831
v  -1225.000000 1394.436035 191.164169
v  -1200.000000 1434.436035 191.164154
v  -1200.000000 1434.436035 -48.835838
v  -1225.000000 1434.436035 -48.835838
v  -1225.000000 1434.436035 191.164154
v  -1200.000000 1146.436035 206.164185
v  -1200.000000 1146.436035 191.164185
v  -1233.000000 1146.436035 191.164185
v  -1233.000000 1146.436035 206.164185
v  -1200.000000 1394.436035 206.164154
v  -1200.000000 1394.436035 191.164169
v  -1233.000000 1394.436035 191.164169
v  -1233.000000 1394.436035 206.164154
v  -1200.000000 1146.436035 -48.835823
v  -1200.000000 1146.436035 -63.835823
v  -1233.000000 1146.436035 -63.835823
v  -1233.000000 1146.436035 -48.835823
v  -1200.000000 1394.436035 -48.835831
v  -1200.000000 1394.436035 -63.835838
v  -1233.000000 1394.436035 -63.835838
v  -1233.000000 1394.436035 -48.835831
v  -1200.000000 1388.436035 191.164169
v  -1200.000000 1388.436035 -48.835831
v  -1233.000000 1388.436035 -48.835831
v  -1233.000000 1388.436035 191.164169
v  -1200.000000 1394.436035 191.164169
v  -1200.000000 1394.436035 -48.835831
v  -1233.000000 1394.436035 -48.835831
v  -1233.000000 1394.436035 191.164169
v  -1220.000000 1334.436035 -178.835846
v  -2060.000000 1334.436035 -178.835846
v  -2060.000000 1334.436035 -147.835846
v  -1220.000000 1334.436035 -147.835846
v  -1220.000000 1348.436035 -178.835846
v  -2060.000000 1348.436035 -178.835846
v  -2060.000000 1348.436035 -147.835846
v  -1220.000000 1348.436035 -147.835846
v  -2094.142090 1334.436035 -164.693848
v  -2185.857910 1334.436035 -72.977837
v  -2163.937988 1334.436035 -51.057831
v  -2072.221924 1334.436035 -142.773834
v  -2094.142090 1348.436035 -164.693848
v  -2185.857910 1348.436035 -72.977837
v  -2163.937988 1348.436035 -51.057831
v  -2072.221924 1348.436035 -142.773834
v  -2200.000000 1334.436035 -38.835831
v  -2200.000000 1334.436035 181.164169
v  -2169.000000 1334.436035 181.164169
v  -2169.000000 1334.436035 -38.835831
v  -2200.000000 1348.436035 -38.835831
v  -2200.000000 1348.436035 181.164169
v  -2169.000000 1348.436035 181.164169
v  -2169.000000 1348.436035 -38.835831
v  -2185.857910 1334.436035 215.306152
v  -2094.142090 1334.436035 307.022156
v  -2072.221924 1334.436035 285.102173
v  -2163.937988 1334.436035 193.386169
v  -2185.857910 1348.436035 215.306152
v  -2094.142090 1348.436035 307.022156
v  -2072.221924 1348.436035 285.102173
v  -2163.937988 1348.436035 193.386169
v  -2060.000000 1334.436035 321.164154
v  -1220.000000 1334.436035 321.164154
v  -1220.000000 1334.436035 290.164154
v  -2060.000000 1334.436035 290.164154
v  -2060.000000 1348.436035 321.164154
v  -1220.000000 1348.436035 321.164154
v  -1220.000000 1348.436035 290.164154
v  -2060.000000 1348.436035 290.164154
v  -1200.000000 1146.436035 -178.835815
v  -2080.000000 1146.436035 -178.835815
v  -2080.000000 1146.436035 -143.835815
v  -1200.000000 1146.436035 -143.835815
v  -1200.000000 1174.436035 -178.835815
v  -2080.000000 1174.436035 -178.835815
v  -2080.000000 1174.436035 -143.835815
v  -1200.000000 1174.436035 -143.835815
v  -2080.000000 1146.436035 -178.835815
v  -2200.000000 1146.436035 -58.835823
v  -2175.250977 1146.436035 -34.086823
v  -2055.250977 1146.436035 -154.086823
v  -2080.000000 1174.436035 -178.835815
v  -2200.000000 1174.436035 -58.835823
v  -2175.250977 1174.436035 -34.086823
v  -2055.250977 1174.436035 -154.086823
v  -2200.000000 1146.436035 -58.835823
v  -2200.000000 1146.436035 201.164185
v  -2165.000000 1146.436035 201.164185
v  -2165.000000 1146.436035 -58.835823
v  -2200.000000 1174.436035 -58.835823
v  -2200.000000 1174.436035 201.164185
v  -2165.000000 1174.436035 201.164185
v  -2165.000000 1174.436035 -58.835823
v  -2200.000000 1146.436035 201.164185
v  -2080.000000 1146.436035 321.164185
v  -2055.250977 1146.436035 296.415192
v  -2175.250977 1146.436035 176.415176
v  -2200.000000 1174.436035 201.164185
v  -2080.000000 1174.436035 321.164185
v  -2055.250977 1174.436035 296.415192
v  -2175.250977 1174.436035 176.415176
v  -2080.000000 1146.436035 321.164185
v  -1200.000000 1146.436035 321.164185
v  -1200.000000 1146.436035 286.164185
v  -2080.000000 1146.436035 286.164185
v  -2080.000000 1174.436035 321.164185
v  -1200.000000 1174.436035 321.164185
v  -1200.000000 1174.436035 286.164185
v  -2080.000000 1174.436035 286.164185
v  -1025.305054 1134.436035 742.915161
v  -1647.558960 1134.436035 1365.169189
v  -1647.558960 1134.436157 1534.875244
v  -1463.711060 1134.436157 1718.723145
v  -1294.005005 1134.436157 1718.723145
v  -671.750977 1134.436035 1096.469238
v  -1025.305054 1146.436035 742.915161
v  -1647.558960 1146.436035 1365.169189
v  -1647.558960 1146.436157 1534.875244
v  -1463.711060 1146.436157 1718.723145
v  -1294.005005 1146.436157 1718.723145
v  -671.750977 1146.436035 1096.469238
v  -1025.305054 1434.436035 742.915161
v  -1647.558960 1434.436035 1365.169189
v  -1647.558960 1434.436035 1534.875244
v  -1463.711060 1434.436035 1718.723145
v  -1294.005005 1434.436035 1718.723145
v  -671.750977 1434.436035 1096.469238
v  -1025.305054 1464.436035 742.915161
v  -1647.558960 1464.436035 1365.169189
v  -1647.558960 1464.436035 1534.875244
v  -1463.711060 1464.436035 1718.723145
v  -1294.005005 1464.436035 1718.723145
v  -671.750977 1464.436035 1096.469238
v  -989.948975 1464.436035 778.271179
v  -1612.203003 1464.436035 1400.525146
v  -1629.173950 1464.436035 1553.260132
v  -1482.095947 1464.436035 1700.338135
v  -1329.360962 1464.436035 1683.367188
v  -707.106995 1464.436035 1061.113159
v  -989.948975 1476.436035 778.271179
v  -1612.203003 1476.436035 1400.525146
v  -1629.173950 1476.436035 1553.260132
v  -1482.095947 1476.436035 1700.338135
v  -1329.360962 1476.436035 1683.367188
v  -707.106995 1476.436035 1061.113159
v  -1025.305054 1146.436035 742.915161
v  -1647.558960 1146.436035 1365.169189
v  -1629.880981 1146.436035 1382.847168
v  -1007.627014 1146.436035 760.593201
v  -1025.305054 1434.436035 742.915161
v  -1647.558960 1434.436035 1365.169189
v  -1629.880981 1434.436035 1382.847168
v  -1007.627014 1434.436035 760.593201
v  -1647.558960 1146.436035 1365.169189
v  -1647.558960 1146.436157 1534.875244
v  -1622.558960 1146.436157 1534.875244
v  -1622.558960 1146.436035 1365.169189
v  -1647.558960 1434.436035 1365.169189
v  -1647.558960 1434.436035 1534.875244
v  -1622.558960 1434.436035 1534.875244
v  -1622.558960 1434.436035 1365.169189
v  -1647.558960 1146.436157 1534.875244
v  -1463.711060 1146.436157 1718.723145
v  -1446.032959 1146.436157 1701.045166
v  -1629.880981 1146.436157 1517.197144
v  -1647.558960 1434.436035 1534.875244
v  -1463.711060 1434.436035 1718.723145
v  -1446.032959 1434.436035 1701.045166
v  -1629.880981 1434.436035 1517.197144
v  -1463.711060 1146.436157 1718.723145
v  -1294.005005 1146.436157 1718.723145
v  -1294.005005 1146.436157 1693.723145
v  -1463.711060 1146.436157 1693.723145
v  -1463.711060 1434.436035 1718.723145
v  -1294.005005 1434.436035 1718.723145
v  -1294.005005 1434.436035 1693.723145
v  -1463.711060 1434.436035 1693.723145
v  -1294.005005 1146.436157 1718.723145
v  -671.750977 1146.436035 1096.469238
v  -689.429016 1146.436035 1078.791138
v  -1311.682983 1146.436157 1701.045166
v  -1294.005005 1434.436035 1718.723145
v  -671.750977 1434.436035 1096.469238
v  -689.429016 1434.436035 1078.791138
v  -1311.682983 1434.436035 1701.045166
v  -671.750977 1146.436035 1096.469238
v  -763.674988 1146.436035 1004.545166
v  -781.353027 1146.436035 1022.223206
v  -689.429016 1146.436035 1114.147217
v  -671.750977 1434.436035 1096.469238
v  -763.674988 1434.436035 1004.545166
v  -781.353027 1434.436035 1022.223206
v  -689.429016 1434.436035 1114.147217
v  -933.380981 1146.436035 834.839172
v  -1025.305054 1146.436035 742.915161
v  -1042.983032 1146.436035 760.593201
v  -951.059021 1146.436035 852.517212
v  -933.380981 1434.436035 834.839172
v  -1025.305054 1434.436035 742.915161
v  -1042.983032 1434.436035 760.593201
v  -951.059021 1434.436035 852.517212
v  -763.674988 1394.436035 1004.545166
v  -933.380981 1394.436035 834.839172
v  -951.059021 1394.436035 852.517212
v  -781.353027 1394.436035 1022.223206
v  -763.674988 1434.436035 1004.545166
v  -933.380981 1434.436035 834.839172
v  -951.059021 1434.436035 852.517212
v  -781.353027 1434.436035 1022.223206
v  -753.068970 1146.436035 1015.152161
v  -763.674988 1146.436035 1004.545166
v  -787.010010 1146.436035 1027.879150
v  -776.403015 1146.436035 1038.486206
v  -753.068970 1394.436035 1015.152161
v  -763.674988 1394.436035 1004.545166
v  -787.010010 1394.436035 1027.879150
v  -776.403015 1394.436035 1038.486206
v  -933.380981 1146.436035 834.839172
v  -943.987976 1146.436035 824.233154
v  -967.322021 1146.436035 847.567200
v  -956.715027 1146.436035 858.174194
v  -933.380981 1394.436035 834.839172
v  -943.987976 1394.436035 824.233154
v  -967.322021 1394.436035 847.567200
v  -956.715027 1394.436035 858.174194
v  -763.674988 1388.436035 1004.545166
v  -933.380981 1388.436035 834.839172
v  -956.715027 1388.436035 858.174194
v  -787.010010 1388.436035 1027.879150
v  -763.674988 1394.436035 1004.545166
v  -933.380981 1394.436035 834.839172
v  -956.715027 1394.436035 858.174194
v  -787.010010 1394.436035 1027.879150
v  -1039.447021 1334.436035 757.058167
v  -1633.416992 1334.436035 1351.027222
v  -1611.495972 1334.436035 1372.948242
v  -1017.526978 1334.436035 778.978210
v  -1039.447021 1348.436035 757.058167
v  -1633.416992 1348.436035 1351.027222
v  -1611.495972 1348.436035 1372.948242
v  -1017.526978 1348.436035 778.978210
v  -1647.558960 1334.436035 1385.169189
v  -1647.558960 1334.436035 1514.875244
v  -1616.558960 1334.436035 1514.875244
v  -1616.558960 1334.436035 1385.169189
v  -1647.558960 1348.436035 1385.169189
v  -1647.558960 1348.436035 1514.875244
v  -1616.558960 1348.436035 1514.875244
v  -1616.558960 1348.436035 1385.169189
v  -1633.416992 1334.436035 1549.017212
v  -1477.853027 1334.436157 1704.581177
v  -1455.932983 1334.436157 1682.660156
v  -1611.495972 1334.436035 1527.097168
v  -1633.416992 1348.436035 1549.017212
v  -1477.853027 1348.436157 1704.581177
v  -1455.932983 1348.436157 1682.660156
v  -1611.495972 1348.436035 1527.097168
v  -1443.711060 1334.436157 1718.723145
v  -1314.005005 1334.436157 1718.723145
v  -1314.005005 1334.436157 1687.723145
v  -1443.711060 1334.436157 1687.723145
v  -1443.711060 1348.436157 1718.723145
v  -1314.005005 1348.436157 1718.723145
v  -1314.005005 1348.436157 1687.723145
v  -1443.711060 1348.436157 1687.723145
v  -1279.863037 1334.436157 1704.581177
v  -685.893982 1334.436035 1110.611206
v  -707.814026 1334.436035 1088.691162
v  -1301.784058 1334.436157 1682.660156
v  -1279.863037 1348.436157 1704.581177
v  -685.893982 1348.436035 1110.611206
v  -707.814026 1348.436035 1088.691162
v  -1301.784058 1348.436157 1682.660156
v  -1025.305054 1146.436035 742.915161
v  -1647.558960 1146.436035 1365.169189
v  -1622.810059 1146.436035 1389.918213
v  -1000.556030 1146.436035 767.664185
v  -1025.305054 1174.436035 742.915161
v  -1647.558960 1174.436035 1365.169189
v  -1622.810059 1174.436035 1389.918213
v  -1000.556030 1174.436035 767.664185
v  -1647.558960 1146.436035 1365.169189
v  -1647.558960 1146.436157 1534.875244
v  -1612.558960 1146.436157 1534.875244
v  -1612.558960 1146.436035 1365.169189
v  -1647.558960 1174.436035 1365.169189
v  -1647.558960 1174.436157 1534.875244
v  -1612.558960 1174.436157 1534.875244
v  -1612.558960 1174.436035 1365.169189
v  -1647.558960 1146.436157 1534.875244
v  -1463.711060 1146.436157 1718.723145
v  -1438.962036 1146.436157 1693.974243
v  -1622.810059 1146.436157 1510.126221
v  -1647.558960 1174.436157 1534.875244
v  -1463.711060 1174.436157 1718.723145
v  -1438.962036 1174.436157 1693.974243
v  -1622.810059 1174.436035 1510.126221
v  -1463.711060 1146.436157 1718.723145
v  -1294.005005 1146.436157 1718.723145
v  -1294.005005 1146.436157 1683.723145
v  -1463.711060 1146.436157 1683.723145
v  -1463.711060 1174.436157 1718.723145
v  -1294.005005 1174.436157 1718.723145
v  -1294.005005 1174.436157 1683.723145
v  -1463.711060 1174.436157 1683.723145
v  -1294.005005 1146.436157 1718.723145
v  -671.750977 1146.436035 1096.469238
v  -696.500000 1146.436035 1071.720215
v  -1318.754028 1146.436157 1693.974243
v  -1294.005005 1174.436157 1718.723145
v  -671.750977 1174.436035 1096.469238
v  -696.500000 1174.436035 1071.720215
v  -1318.754028 1174.436157 1693.974243
v  -250.000000 1134.436035 1271.164185
v  -250.000000 1134.436157 2151.164062
v  -130.000000 1134.436157 2271.164062
v  130.000000 1134.436157 2271.164062
v  250.000000 1134.436157 2151.164062
v  250.000000 1134.436035 1271.164185
v  -250.000000 1146.436035 1271.164185
v  -250.000000 1146.436157 2151.164062
v  -130.000000 1146.436157 2271.164062
v  130.000000 1146.436157 2271.164062
v  250.000000 1146.436157 2151.164062
v  250.000000 1146.436035 1271.164185
v  -250.000000 1434.436035 1271.164185
v  -250.000000 1434.436157 2151.164062
v  -130.000000 1434.436157 2271.164062
v  130.000000 1434.436157 2271.164062
v  250.000000 1434.436157 2151.164062
v  250.000000 1434.436035 1271.164185
v  -250.000000 1464.436035 1271.164185
v  -250.000000 1464.436157 2151.164062
v  -130.000000 1464.436157 2271.164062
v  130.000000 1464.436157 2271.164062
v  250.000000 1464.436157 2151.164062
v  250.000000 1464.436035 1271.164185
v  -200.000000 1464.436035 1271.164185
v  -200.000000 1464.436157 2151.164062
v  -104.000000 1464.436157 2271.164062
v  104.000000 1464.436157 2271.164062
v  200.000000 1464.436157 2151.164062
v  200.000000 1464.436035 1271.164185
v  -200.000000 1476.436035 1271.164185
v  -200.000000 1476.436157 2151.164062
v  -104.000000 1476.436157 2271.164062
v  104.000000 1476.436157 2271.164062
v  200.000000 1476.436157 2151.164062
v  200.000000 1476.436035 1271.164185
v  -250.000000 1146.436035 1271.164185
v  -250.000000 1146.436157 2151.164062
v  -225.000000 1146.436157 2151.164062
v  -225.000000 1146.436035 1271.164185
v  -250.000000 1434.436035 1271.164185
v  -250.000000 1434.436157 2151.164062
v  -225.000000 1434.436157 2151.164062
v  -225.000000 1434.436035 1271.164185
v  -250.000000 1146.436157 2151.164062
v  -130.000000 1146.436157 2271.164062
v  -112.321999 1146.436157 2253.486084
v  -232.322006 1146.436157 2133.486084
v  -250.000000 1434.436157 2151.164062
v  -130.000000 1434.436157 2271.164062
v  -112.321999 1434.436157 2253.486084
v  -232.322006 1434.436157 2133.486084
v  -130.000000 1146.436157 2271.164062
v  130.000000 1146.436157 2271.164062
v  130.000000 1146.436157 2246.164062
v  -130.000000 1146.436157 2246.164062
v  -130.000000 1434.436157 2271.164062
v  130.000000 1434.436157 2271.164062
v  130.000000 1434.436157 2246.164062
v  -130.000000 1434.436157 2246.164062
v  130.000000 1146.436157 2271.164062
v  250.000000 1146.436157 2151.164062
v  232.322006 1146.436157 2133.486084
v  112.321999 1146.436157 2253.486084
v  130.000000 1434.436157 2271.164062
v  250.000000 1434.436157 2151.164062
v  232.322006 1434.436157 2133.486084
v  112.321999 1434.436157 2253.486084
v  250.000000 1146.436157 2151.164062
v  250.000000 1146.436035 1271.164185
v  225.000000 1146.436035 1271.164185
v  225.000000 1146.436157 2151.164062
v  250.000000 1434.436157 2151.164062
v  250.000000 1434.436035 1271.164185
v  225.000000 1434.436035 1271.164185
v  225.000000 1434.436157 2151.164062
v  250.000000 1146.436035 1271.164185
v  120.000000 1146.436035 1271.164185
v  120.000000 1146.436035 1296.164185
v  250.000000 1146.436035 1296.164185
v  250.000000 1434.436035 1271.164185
v  120.000000 1434.436035 1271.164185
v  120.000000 1434.436035 1296.164185
v  250.000000 1434.436035 1296.164185
v  -120.000000 1146.436035 1271.164185
v  -250.000000 1146.436035 1271.164185
v  -250.000000 1146.436035 1296.164185
v  -120.000000 1146.436035 1296.164185
v  -120.000000 1434.436035 1271.164185
v  -250.000000 1434.436035 1271.164185
v  -250.000000 1434.436035 1296.164185
v  -120.000000 1434.436035 1296.164185
v  120.000000 1394.436035 1271.164185
v  -120.000000 1394.436035 1271.164185
v  -120.000000 1394.436035 1296.164185
v  120.000000 1394.436035 1296.164185
v  120.000000 1434.436035 1271.164185
v  -120.000000 1434.436035 1271.164185
v  -120.000000 1434.436035 1296.164185
v  120.000000 1434.436035 1296.164185
v  135.000000 1146.436035 1271.164185
v  120.000000 1146.436035 1271.164185
v  120.000000 1146.436035 1304.164185
v  135.000000 1146.436035 1304.164185
v  135.000000 1394.436035 1271.164185
v  120.000000 1394.436035 1271.164185
v  120.000000 1394.436035 1304.164185
v  135.000000 1394.436035 1304.164185
v  -120.000000 1146.436035 1271.164185
v  -135.000000 1146.436035 1271.164185
v  -135.000000 1146.436035 1304.164185
v  -120.000000 1146.436035 1304.164185
v  -120.000000 1394.436035 1271.164185
v  -135.000000 1394.436035 1271.164185
v  -135.000000 1394.436035 1304.164185
v  -120.000000 1394.436035 1304.164185
v  120.000000 1388.436035 1271.164185
v  -120.000000 1388.436035 1271.164185
v  -120.000000 1388.436035 1304.164185
v  120.000000 1388.436035 1304.164185
v  120.000000 1394.436035 1271.164185
v  -120.000000 1394.436035 1271.164185
v  -120.000000 1394.436035 1304.164185
v  120.000000 1394.436035 1304.164185
v  -250.000000 1334.436035 1291.164185
v  -250.000000 1334.436157 2131.164062
v  -219.000000 1334.436157 2131.164062
v  -219.000000 1334.436035 1291.164185
v  -250.000000 1348.436035 1291.164185
v  -250.000000 1348.436157 2131.164062
v  -219.000000 1348.436157 2131.164062
v  -219.000000 1348.436035 1291.164185
v  -235.858002 1334.436157 2165.306152
v  -144.141998 1334.436157 2257.021973
v  -122.222000 1334.436157 2235.102051
v  -213.938004 1334.436157 2143.385986
v  -235.858002 1348.436157 2165.306152
v  -144.141998 1348.436157 2257.021973
v  -122.222000 1348.436157 2235.102051
v  -213.938004 1348.436157 2143.385986
v  -110.000000 1334.436157 2271.164062
v  110.000000 1334.436157 2271.164062
v  110.000000 1334.436157 2240.164062
v  -110.000000 1334.436157 2240.164062
v  -110.000000 1348.436157 2271.164062
v  110.000000 1348.436157 2271.164062
v  110.000000 1348.436157 2240.164062
v  -110.000000 1348.436157 2240.164062
v  144.141998 1334.436157 2257.021973
v  235.858002 1334.436157 2165.306152
v  213.938004 1334.436157 2143.385986
v  122.222000 1334.436157 2235.102051
v  144.141998 1348.436157 2257.021973
v  235.858002 1348.436157 2165.306152
v  213.938004 1348.436157 2143.385986
v  122.222000 1348.436157 2235.102051
v  250.000000 1334.436157 2131.164062
v  250.000000 1334.436035 1291.164185
v  219.000000 1334.436035 1291.164185
v  219.000000 1334.436157 2131.164062
v  250.000000 1348.436157 2131.164062
v  250.000000 1348.436035 1291.164185
v  219.000000 1348.436035 1291.164185
v  219.000000 1348.436157 2131.164062
v  -250.000000 1146.436035 1271.164185
v  -250.000000 1146.436157 2151.164062
v  -215.000000 1146.436157 2151.164062
v  -215.000000 1146.436035 1271.164185
v  -250.000000 1174.436035 1271.164185
v  -250.000000 1174.436157 2151.164062
v  -215.000000 1174.436157 2151.164062
v  -215.000000 1174.436035 1271.164185
v  -250.000000 1146.436157 2151.164062
v  -130.000000 1146.436157 2271.164062
v  -105.250999 1146.436157 2246.415039
v  -225.251007 1146.436157 2126.415039
v  -250.000000 1174.436157 2151.164062
v  -130.000000 1174.436157 2271.164062
v  -105.250999 1174.436157 2246.415039
v  -225.251007 1174.436157 2126.415039
v  -130.000000 1146.436157 2271.164062
v  130.000000 1146.436157 2271.164062
v  130.000000 1146.436157 2236.164062
v  -130.000000 1146.436157 2236.164062
v  -130.000000 1174.436157 2271.164062
v  130.000000 1174.436157 2271.164062
v  130.000000 1174.436157 2236.164062
v  -130.000000 1174.436157 2236.164062
v  130.000000 1146.436157 2271.164062
v  250.000000 1146.436157 2151.164062
v  225.251007 1146.436157 2126.415039
v  105.250999 1146.436157 2246.415039
v  130.000000 1174.436157 2271.164062
v  250.000000 1174.436157 2151.164062
v  225.251007 1174.436157 2126.415039
v  105.250999 1174.436157 2246.415039
v  250.000000 1146.436157 2151.164062
v  250.000000 1146.436035 1271.164185
v  215.000000 1146.436035 1271.164185
v  215.000000 1146.436157 2151.164062
v  250.000000 1174.436157 2151.164062
v  250.000000 1174.436035 1271.164185
v  215.000000 1174.436035 1271.164185
v  215.000000 1174.436157 2151.164062
v  671.750977 1134.436035 1096.469238
v  1294.005005 1134.436157 1718.723145
v  1463.711060 1134.436157 1718.723145
v  1647.558960 1134.436157 1534.875244
v  1647.558960 1134.436035 1365.169189
v  1025.305054 1134.436035 742.915161
v  671.750977 1146.436035 1096.469238
v  1294.005005 1146.436157 1718.723145
v  1463.711060 1146.436157 1718.723145
v  1647.558960 1146.436157 1534.875244
v  1647.558960 1146.436035 1365.169189
v  1025.305054 1146.436035 742.915161
v  671.750977 1434.436035 1096.469238
v  1294.005005 1434.436035 1718.723145
v  1463.711060 1434.436035 1718.723145
v  1647.558960 1434.436035 1534.875244
v  1647.558960 1434.436035 1365.169189
v  1025.305054 1434.436035 742.915161
v  671.750977 1464.436035 1096.469238
v  1294.005005 1464.436035 1718.723145
v  1463.711060 1464.436035 1718.723145
v  1647.558960 1464.436035 1534.875244
v  1647.558960 1464.436035 1365.169189
v  1025.305054 1464.436035 742.915161
v  707.106995 1464.436035 1061.113159
v  1329.360962 1464.436035 1683.367188
v  1482.095947 1464.436035 1700.338135
v  1629.173950 1464.436035 1553.260132
v  1612.203003 1464.436035 1400.525146
v  989.948975 1464.436035 778.271179
v  707.106995 1476.436035 1061.113159
v  1329.360962 1476.436035 1683.367188
v  1482.095947 1476.436035 1700.338135
v  1629.173950 1476.436035 1553.260132
v  1612.203003 1476.436035 1400.525146
v  989.948975 1476.436035 778.271179
v  671.750977 1146.436035 1096.469238
v  1294.005005 1146.436157 1718.723145
v  1311.682983 1146.436157 1701.045166
v  689.429016 1146.436035 1078.791138
v  671.750977 1434.436035 1096.469238
v  1294.005005 1434.436035 1718.723145
v  1311.682983 1434.436035 1701.045166
v  689.429016 1434.436035 1078.791138
v  1294.005005 1146.436157 1718.723145
v  1463.711060 1146.436157 1718.723145
v  1463.711060 1146.436157 1693.723145
v  1294.005005 1146.436157 1693.723145
v  1294.005005 1434.436035 1718.723145
v  1463.711060 1434.436035 1718.723145
v  1463.711060 1434.436035 1693.723145
v  1294.005005 1434.436035 1693.723145
v  1463.711060 1146.436157 1718.723145
v  1647.558960 1146.436157 1534.875244
v  1629.880981 1146.436157 1517.197144
v  1446.032959 1146.436157 1701.045166
v  1463.711060 1434.436035 1718.723145
v  1647.558960 1434.436035 1534.875244
v  1629.880981 1434.436035 1517.197144
v  1446.032959 1434.436035 1701.045166
v  1647.558960 1146.436157 1534.875244
v  1647.558960 1146.436035 1365.169189
v  1622.558960 1146.436035 1365.169189
v  1622.558960 1146.436157 1534.875244
v  1647.558960 1434.436035 1534.875244
v  1647.558960 1434.436035 1365.169189
v  1622.558960 1434.436035 1365.169189
v  1622.558960 1434.436035 1534.875244
v  1647.558960 1146.436035 1365.169189
v  1025.305054 1146.436035 742.915161
v  1007.627014 1146.436035 760.593201
v  1629.880981 1146.436035 1382.847168
v  1647.558960 1434.436035 1365.169189
v  1025.305054 1434.436035 742.915161
v  1007.627014 1434.436035 760.593201
v  1629.880981 1434.436035 1382.847168
v  1025.305054 1146.436035 742.915161
v  933.380981 1146.436035 834.839172
v  951.059021 1146.436035 852.517212
v  1042.983032 1146.436035 760.593201
v  1025.305054 1434.436035 742.915161
v  933.380981 1434.436035 834.839172
v  951.059021 1434.436035 852.517212
v  1042.983032 1434.436035 760.593201
v  763.674988 1146.436035 1004.545166
v  671.750977 1146.436035 1096.469238
v  689.429016 1146.436035 1114.147217
v  781.353027 1146.436035 1022.223206
v  763.674988 1434.436035 1004.545166
v  671.750977 1434.436035 1096.469238
v  689.429016 1434.436035 1114.147217
v  781.353027 1434.436035 1022.223206
v  933.380981 1394.436035 834.839172
v  763.674988 1394.436035 1004.545166
v  781.353027 1394.436035 1022.223206
v  951.059021 1394.436035 852.517212
v  933.380981 1434.436035 834.839172
v  763.674988 1434.436035 1004.545166
v  781.353027 1434.436035 1022.223206
v  951.059021 1434.436035 852.517212
v  943.987976 1146.436035 824.233154
v  933.380981 1146.436035 834.839172
v  956.715027 1146.436035 858.174194
v  967.322021 1146.436035 847.567200
v  943.987976 1394.436035 824.233154
v  933.380981 1394.436035 834.839172
v  956.715027 1394.436035 858.174194
v  967.322021 1394.436035 847.567200
v  763.674988 1146.436035 1004.545166
v  753.068970 1146.436035 1015.152161
v  776.403015 1146.436035 1038.486206
v  787.010010 1146.436035 1027.879150
v  763.674988 1394.436035 1004.545166
v  753.068970 1394.436035 1015.152161
v  776.403015 1394.436035 1038.486206
v  787.010010 1394.436035 1027.879150
v  933.380981 1388.436035 834.839172
v  763.674988 1388.436035 1004.545166
v  787.010010 1388.436035 1027.879150
v  956.715027 1388.436035 858.174194
v  933.380981 1394.436035 834.839172
v  763.674988 1394.436035 1004.545166
v  787.010010 1394.436035 1027.879150
v  956.715027 1394.436035 858.174194
v  685.893982 1334.436035 1110.611206
v  1279.863037 1334.436157 1704.581177
v  1301.784058 1334.436157 1682.660156
v  707.814026 1334.436035 1088.691162
v  685.893982 1348.436035 1110.611206
v  1279.863037 1348.436157 1704.581177
v  1301.784058 1348.436157 1682.660156
v  707.814026 1348.436035 1088.691162
v  1314.005005 1334.436157 1718.723145
v  1443.711060 1334.436157 1718.723145
v  1443.711060 1334.436157 1687.723145
v  1314.005005 1334.436157 1687.723145
v  1314.005005 1348.436157 1718.723145
v  1443.711060 1348.436157 1718.723145
v  1443.711060 1348.436157 1687.723145
v  1314.005005 1348.436157 1687.723145
v  1477.853027 1334.436157 1704.581177
v  1633.416992 1334.436035 1549.017212
v  1611.495972 1334.436035 1527.097168
v  1455.932983 1334.436157 1682.660156
v  1477.853027 1348.436157 1704.581177
v  1633.416992 1348.436035 1549.017212
v  1611.495972 1348.436035 1527.097168
v  1455.932983 1348.436157 1682.660156
v  1647.558960 1334.436035 1514.875244
v  1647.558960 1334.436035 1385.169189
v  1616.558960 1334.436035 1385.169189
v  1616.558960 1334.436035 1514.875244
v  1647.558960 1348.436035 1514.875244
v  1647.558960 1348.436035 1385.169189
v  1616.558960 1348.436035 1385.169189
v  1616.558960 1348.436035 1514.875244
v  1633.416992 1334.436035 1351.027222
v  1039.447021 1334.436035 757.058167
v  1017.526978 1334.436035 778.978210
v  1611.495972 1334.436035 1372.948242
v  1633.416992 1348.436035 1351.027222
v  1039.447021 1348.436035 757.058167
v  1017.526978 1348.436035 778.978210
v  1611.495972 1348.436035 1372.948242
v  671.750977 1146.436035 1096.469238
v  1294.005005 1146.436157 1718.723145
v  1318.754028 1146.436157 1693.974243
v  696.500000 1146.436035 1071.720215
v  671.750977 1174.436035 1096.469238
v  1294.005005 1174.436157 1718.723145
v  1318.754028 1174.436157 1693.974243
v  696.500000 1174.436035 1071.720215
v  1294.005005 1146.436157 1718.723145
v  1463.711060 1146.436157 1718.723145
v  1463.711060 1146.436157 1683.723145
v  1294.005005 1146.436157 1683.723145
v  1294.005005 1174.436157 1718.723145
v  1463.711060 1174.436157 1718.723145
v  1463.711060 1174.436157 1683.723145
v  1294.005005 1174.436157 1683.723145
v  1463.711060 1146.436157 1718.723145
v  1647.558960 1146.436157 1534.875244
v  1622.810059 1146.436157 1510.126221
v  1438.962036 1146.436157 1693.974243
v  1463.711060 1174.436157 1718.723145
v  1647.558960 1174.436157 1534.875244
v  1622.810059 1174.436035 1510.126221
v  1438.962036 1174.436157 1693.974243
v  1647.558960 1146.436157 1534.875244
v  1647.558960 1146.436035 1365.169189
v  1612.558960 1146.436035 1365.169189
v  1612.558960 1146.436157 1534.875244
v  1647.558960 1174.436157 1534.875244
v  1647.558960 1174.436035 1365.169189
v  1612.558960 1174.436035 1365.169189
v  1612.558960 1174.436157 1534.875244
v  1647.558960 1146.436035 1365.169189
v  1025.305054 1146.436035 742.915161
v  1000.556030 1146.436035 767.664185
v  1622.810059 1146.436035 1389.918213
v  1647.558960 1174.436035 1365.169189
v  1025.305054 1174.436035 742.915161
v  1000.556030 1174.436035 767.664185
v  1622.810059 1174.436035 1389.918213
v  150.000000 1134.436035 71.164177
v  260.000000 1134.436035 71.164177
v  260.000000 1534.436035 71.164162
v  150.000000 1534.436035 71.164162
v  148.716995 1134.436035 51.585175
v  257.776001 1134.436035 37.227177
v  257.776001 1534.436035 37.227158
v  148.716995 1534.436035 51.585159
v  144.889008 1134.436035 32.341175
v  251.141006 1134.436035 3.871178
v  251.141006 1534.436035 3.871162
v  144.889008 1534.436035 32.341156
v  138.582001 1134.436035 13.761177
v  240.209000 1134.436035 -28.333824
v  240.209000 1534.436035 -28.333839
v  138.582001 1534.436035 13.761158
v  129.904007 1134.436035 -3.835823
v  225.167007 1134.436035 -58.835823
v  225.167007 1534.436035 -58.835838
v  129.904007 1534.436035 -3.835838
v  119.002998 1134.436035 -20.149826
v  206.272003 1134.436035 -87.113823
v  206.272003 1534.436035 -87.113838
v  119.002998 1534.436035 -20.149841
v  106.066002 1134.436035 -34.901825
v  183.848007 1134.436035 -112.683830
v  183.848007 1534.436035 -112.683846
v  106.066002 1534.436035 -34.901840
v  91.314003 1134.436035 -47.838821
v  158.278000 1134.436035 -135.107819
v  158.278000 1534.436035 -135.107849
v  91.314003 1534.436035 -47.838837
v  75.000000 1134.436035 -58.739830
v  130.000000 1134.436035 -154.002838
v  130.000000 1534.436035 -154.002838
v  75.000000 1534.436035 -58.739845
v  57.403000 1134.436035 -67.417824
v  99.498001 1134.436035 -169.044830
v  99.498001 1534.436035 -169.044830
v  57.403000 1534.436035 -67.417839
v  38.823002 1134.436035 -73.724831
v  67.292999 1134.436035 -179.976837
v  67.292999 1534.436035 -179.976837
v  38.823002 1534.436035 -73.724846
v  19.579000 1134.436035 -77.552818
v  33.937000 1134.436035 -186.611816
v  33.937000 1534.436035 -186.611847
v  19.579000 1534.436035 -77.552834
v  0.000000 1134.436035 -78.835823
v  0.000000 1134.436035 -188.835815
v  0.000000 1534.436035 -188.835846
v  0.000000 1534.436035 -78.835838
v  -19.579000 1134.436035 -77.552818
v  -33.937000 1134.436035 -186.611816
v  -33.937000 1534.436035 -186.611847
v  -19.579000 1534.436035 -77.552834
v  -38.823002 1134.436035 -73.724831
v  -67.292999 1134.436035 -179.976837
v  -67.292999 1534.436035 -179.976837
v  -38.823002 1534.436035 -73.724846
v  -57.403000 1134.436035 -67.417824
v  -99.498001 1134.436035 -169.044830
v  -99.498001 1534.436035 -169.044830
v  -57.403000 1534.436035 -67.417839
v  -75.000000 1134.436035 -58.739830
v  -130.000000 1134.436035 -154.002838
v  -130.000000 1534.436035 -154.002838
v  -75.000000 1534.436035 -58.739845
v  -91.314003 1134.436035 -47.838821
v  -158.278000 1134.436035 -135.107819
v  -158.278000 1534.436035 -135.107849
v  -91.314003 1534.436035 -47.838837
v  -106.066002 1134.436035 -34.901825
v  -183.848007 1134.436035 -112.683830
v  -183.848007 1534.436035 -112.683846
v  -106.066002 1534.436035 -34.901840
v  -119.002998 1134.436035 -20.149826
v  -206.272003 1134.436035 -87.113823
v  -206.272003 1534.436035 -87.113838
v  -119.002998 1534.436035 -20.149841
v  -129.904007 1134.436035 -3.835823
v  -225.167007 1134.436035 -58.835823
v  -225.167007 1534.436035 -58.835838
v  -129.904007 1534.436035 -3.835838
v  -138.582001 1134.436035 13.761177
v  -240.209000 1134.436035 -28.333824
v  -240.209000 1534.436035 -28.333839
v  -138.582001 1534.436035 13.761158
v  -144.889008 1134.436035 32.341175
v  -251.141006 1134.436035 3.871178
v  -251.141006 1534.436035 3.871162
v  -144.889008 1534.436035 32.341156
v  -148.716995 1134.436035 51.585175
v  -257.776001 1134.436035 37.227177
v  -257.776001 1534.436035 37.227158
v  -148.716995 1534.436035 51.585159
v  -150.000000 1134.436035 71.164177
v  -260.000000 1134.436035 71.164177
v  -260.000000 1534.436035 71.164162
v  -150.000000 1534.436035 71.164162
v  -148.716995 1134.436035 90.743179
v  -257.776001 1134.436035 105.101181
v  -257.776001 1534.436035 105.101158
v  -148.716995 1534.436035 90.743164
v  -144.889008 1134.436035 109.987183
v  -251.141006 1134.436035 138.457184
v  -251.141006 1534.436035 138.457153
v  -144.889008 1534.436035 109.987160
v  -138.582001 1134.436035 128.567169
v  -240.209000 1134.436035 170.662170
v  -240.209000 1534.436035 170.662170
v  -138.582001 1534.436035 128.567154
v  -129.904007 1134.436035 146.164185
v  -225.167007 1134.436035 201.164185
v  -225.167007 1534.436035 201.164154
v  -129.904007 1534.436035 146.164154
v  -119.002998 1134.436035 162.478180
v  -206.272003 1134.436035 229.442169
v  -206.272003 1534.436035 229.442169
v  -119.002998 1534.436035 162.478165
v  -106.066002 1134.436035 177.230179
v  -183.848007 1134.436035 255.012177
v  -183.848007 1534.436035 255.012177
v  -106.066002 1534.436035 177.230164
v  -91.314003 1134.436035 190.167175
v  -158.278000 1134.436035 277.436188
v  -158.278000 1534.436035 277.436157
v  -91.314003 1534.436035 190.167160
v  -75.000000 1134.436035 201.068176
v  -130.000000 1134.436035 296.331177
v  -130.000000 1534.436035 296.331177
v  -75.000000 1534.436035 201.068176
v  -57.403000 1134.436035 209.746185
v  -99.498001 1134.436035 311.373169
v  -99.498001 1534.436035 311.373169
v  -57.403000 1534.436035 209.746155
v  -38.823002 1134.436035 216.053192
v  -67.292999 1134.436035 322.305176
v  -67.292999 1534.436035 322.305176
v  -38.823002 1534.436035 216.053162
v  -19.579000 1134.436035 219.881165
v  -33.937000 1134.436035 328.940186
v  -33.937000 1534.436035 328.940155
v  -19.579000 1534.436035 219.881165
v  0.000000 1134.436035 221.164185
v  0.000000 1134.436035 331.164185
v  0.000000 1534.436035 331.164154
v  0.000000 1534.436035 221.164154
v  19.579000 1134.436035 219.881165
v  33.937000 1134.436035 328.940186
v  33.937000 1534.436035 328.940155
v  19.579000 1534.436035 219.881165
v  38.823002 1134.436035 216.053192
v  67.292999 1134.436035 322.305176
v  67.292999 1534.436035 322.305176
v  38.823002 1534.436035 216.053162
v  57.403000 1134.436035 209.746185
v  99.498001 1134.436035 311.373169
v  99.498001 1534.436035 311.373169
v  57.403000 1534.436035 209.746155
v  75.000000 1134.436035 201.068176
v  130.000000 1134.436035 296.331177
v  130.000000 1534.436035 296.331177
v  75.000000 1534.436035 201.068176
v  91.314003 1134.436035 190.167175
v  158.278000 1134.436035 277.436188
v  158.278000 1534.436035 277.436157
v  91.314003 1534.436035 190.167160
v  106.066002 1134.436035 177.230179
v  183.848007 1134.436035 255.012177
v  183.848007 1534.436035 255.012177
v  106.066002 1534.436035 177.230164
v  119.002998 1134.436035 162.478180
v  206.272003 1134.436035 229.442169
v  206.272003 1534.436035 229.442169
v  119.002998 1534.436035 162.478165
v  129.904007 1134.436035 146.164185
v  225.167007 1134.436035 201.164185
v  225.167007 1534.436035 201.164154
v  129.904007 1534.436035 146.164154
v  138.582001 1134.436035 128.567169
v  240.209000 1134.436035 170.662170
v  240.209000 1534.436035 170.662170
v  138.582001 1534.436035 128.567154
v  144.889008 1134.436035 109.987183
v  251.141006 1134.436035 138.457184
v  251.141006 1534.436035 138.457153
v  144.889008 1534.436035 109.987160
v  148.716995 1134.436035 90.743179
v  257.776001 1134.436035 105.101181
v  257.776001 1534.436035 105.101158
v  148.716995 1534.436035 90.743164
v  262.000000 1134.436035 71.164177
v  270.000000 1134.436035 71.164177
v  270.000000 1534.436035 71.164162
v  262.000000 1534.436035 71.164162
v  259.759003 1134.436035 36.966175
v  267.690002 1134.436035 35.922176
v  267.690002 1534.436035 35.922157
v  259.759003 1534.436035 36.966156
v  253.072998 1134.436035 3.353180
v  260.799988 1134.436035 1.283180
v  260.799988 1534.436035 1.283165
v  253.072998 1534.436035 3.353165
v  242.056000 1134.436035 -29.098824
v  249.447006 1134.436035 -32.160820
v  249.447006 1534.436035 -32.160835
v  242.056000 1534.436035 -29.098839
v  226.899002 1134.436035 -59.835823
v  233.826996 1134.436035 -63.835823
v  233.826996 1534.436035 -63.835838
v  226.899002 1534.436035 -59.835838
v  207.858994 1134.436035 -88.330818
v  214.205002 1134.436035 -93.201820
v  214.205002 1534.436035 -93.201836
v  207.858994 1534.436035 -88.330833
v  185.261993 1134.436035 -114.097816
v  190.919006 1134.436035 -119.754829
v  190.919006 1534.436035 -119.754845
v  185.261993 1534.436035 -114.097832
v  159.494995 1134.436035 -136.694824
v  164.365997 1134.436035 -143.040833
v  164.365997 1534.436035 -143.040833
v  159.494995 1534.436035 -136.694824
v  131.000000 1134.436035 -155.734833
v  135.000000 1134.436035 -162.662811
v  135.000000 1534.436035 -162.662842
v  131.000000 1534.436035 -155.734833
v  100.263000 1134.436035 -170.891815
v  103.324997 1134.436035 -178.282837
v  103.324997 1534.436035 -178.282837
v  100.263000 1534.436035 -170.891846
v  67.810997 1134.436035 -181.908813
v  69.880997 1134.436035 -189.635803
v  69.880997 1534.436035 -189.635834
v  67.810997 1534.436035 -181.908844
v  34.198002 1134.436035 -188.594818
v  35.242001 1134.436035 -196.525818
v  35.242001 1534.436035 -196.525848
v  34.198002 1534.436035 -188.594849
v  0.000000 1134.436035 -190.835815
v  0.000000 1134.436035 -198.835815
v  0.000000 1534.436035 -198.835846
v  0.000000 1534.436035 -190.835846
v  -34.198002 1134.436035 -188.594818
v  -35.242001 1134.436035 -196.525818
v  -35.242001 1534.436035 -196.525848
v  -34.198002 1534.436035 -188.594849
v  -67.810997 1134.436035 -181.908813
v  -69.880997 1134.436035 -189.635803
v  -69.880997 1534.436035 -189.635834
v  -67.810997 1534.436035 -181.908844
v  -100.263000 1134.436035 -170.891815
v  -103.324997 1134.436035 -178.282837
v  -103.324997 1534.436035 -178.282837
v  -100.263000 1534.436035 -170.891846
v  -131.000000 1134.436035 -155.734833
v  -135.000000 1134.436035 -162.662811
v  -135.000000 1534.436035 -162.662842
v  -131.000000 1534.436035 -155.734833
v  -159.494995 1134.436035 -136.694824
v  -164.365997 1134.436035 -143.040833
v  -164.365997 1534.436035 -143.040833
v  -159.494995 1534.436035 -136.694824
v  -185.261993 1134.436035 -114.097816
v  -190.919006 1134.436035 -119.754829
v  -190.919006 1534.436035 -119.754845
v  -185.261993 1534.436035 -114.097832
v  -207.858994 1134.436035 -88.330818
v  -214.205002 1134.436035 -93.201820
v  -214.205002 1534.436035 -93.201836
v  -207.858994 1534.436035 -88.330833
v  -226.899002 1134.436035 -59.835823
v  -233.826996 1134.436035 -63.835823
v  -233.826996 1534.436035 -63.835838
v  -226.899002 1534.436035 -59.835838
v  -242.056000 1134.436035 -29.098824
v  -249.447006 1134.436035 -32.160820
v  -249.447006 1534.436035 -32.160835
v  -242.056000 1534.436035 -29.098839
v  -253.072998 1134.436035 3.353180
v  -260.799988 1134.436035 1.283180
v  -260.799988 1534.436035 1.283165
v  -253.072998 1534.436035 3.353165
v  -259.759003 1134.436035 36.966175
v  -267.690002 1134.436035 35.922176
v  -267.690002 1534.436035 35.922157
v  -259.759003 1534.436035 36.966156
v  -262.000000 1134.436035 71.164177
v  -270.000000 1134.436035 71.164177
v  -270.000000 1534.436035 71.164162
v  -262.000000 1534.436035 71.164162
v  -259.759003 1134.436035 105.362183
v  -267.690002 1134.436035 106.406174
v  -267.690002 1534.436035 106.406158
v  -259.759003 1534.436035 105.362160
v  -253.072998 1134.436035 138.975174
v  -260.799988 1134.436035 141.045166
v  -260.799988 1534.436035 141.045166
v  -253.072998 1534.436035 138.975159
v  -242.056000 1134.436035 171.427185
v  -249.447006 1134.436035 174.489166
v  -249.447006 1534.436035 174.489166
v  -242.056000 1534.436035 171.427155
v  -226.899002 1134.436035 202.164185
v  -233.826996 1134.436035 206.164185
v  -233.826996 1534.436035 206.164154
v  -226.899002 1534.436035 202.164154
v  -207.858994 1134.436035 230.659180
v  -214.205002 1134.436035 235.530182
v  -214.205002 1534.436035 235.530151
v  -207.858994 1534.436035 230.659149
v  -185.261993 1134.436035 256.426178
v  -190.919006 1134.436035 262.083191
v  -190.919006 1534.436035 262.083160
v  -185.261993 1534.436035 256.426147
v  -159.494995 1134.436035 279.023163
v  -164.365997 1134.436035 285.369171
v  -164.365997 1534.436035 285.369171
v  -159.494995 1534.436035 279.023163
v  -131.000000 1134.436035 298.063171
v  -135.000000 1134.436035 304.991180
v  -135.000000 1534.436035 304.991150
v  -131.000000 1534.436035 298.063171
v  -100.263000 1134.436035 313.220184
v  -103.324997 1134.436035 320.611176
v  -103.324997 1534.436035 320.611176
v  -100.263000 1534.436035 313.220154
v  -67.810997 1134.436035 324.237183
v  -69.880997 1134.436035 331.964172
v  -69.880997 1534.436035 331.964142
v  -67.810997 1534.436035 324.237152
v  -34.198002 1134.436035 330.923187
v  -35.242001 1134.436035 338.854187
v  -35.242001 1534.436035 338.854156
v  -34.198002 1534.436035 330.923157
v  0.000000 1134.436035 333.164185
v  0.000000 1134.436035 341.164185
v  0.000000 1534.436035 341.164154
v  0.000000 1534.436035 333.164154
v  34.198002 1134.436035 330.923187
v  35.242001 1134.436035 338.854187
v  35.242001 1534.436035 338.854156
v  34.198002 1534.436035 330.923157
v  67.810997 1134.436035 324.237183
v  69.880997 1134.436035 331.964172
v  69.880997 1534.436035 331.964142
v  67.810997 1534.436035 324.237152
v  100.263000 1134.436035 313.220184
v  103.324997 1134.436035 320.611176
v  103.324997 1534.436035 320.611176
v  100.263000 1534.436035 313.220154
v  131.000000 1134.436035 298.063171
v  135.000000 1134.436035 304.991180
v  135.000000 1534.436035 304.991150
v  131.000000 1534.436035 298.063171
v  159.494995 1134.436035 279.023163
v  164.365997 1134.436035 285.369171
v  164.365997 1534.436035 285.369171
v  159.494995 1534.436035 279.023163
v  185.261993 1134.436035 256.426178
v  190.919006 1134.436035 262.083191
v  190.919006 1534.436035 262.083160
v  185.261993 1534.436035 256.426147
v  207.858994 1134.436035 230.659180
v  214.205002 1134.436035 235.530182
v  214.205002 1534.436035 235.530151
v  207.858994 1534.436035 230.659149
v  226.899002 1134.436035 202.164185
v  233.826996 1134.436035 206.164185
v  233.826996 1534.436035 206.164154
v  226.899002 1534.436035 202.164154
v  242.056000 1134.436035 171.427185
v  249.447006 1134.436035 174.489166
v  249.447006 1534.436035 174.489166
v  242.056000 1534.436035 171.427155
v  253.072998 1134.436035 138.975174
v  260.799988 1134.436035 141.045166
v  260.799988 1534.436035 141.045166
v  253.072998 1534.436035 138.975159
v  259.759003 1134.436035 105.362183
v  267.690002 1134.436035 106.406174
v  267.690002 1534.436035 106.406158
v  259.759003 1534.436035 105.362160
v  150.000000 1134.436035 71.164177
v  300.000000 1134.436035 71.164177
v  300.000000 1174.436035 71.164177
v  150.000000 1174.436035 71.164177
v  148.716995 1134.436035 51.585175
v  297.433014 1134.436035 32.006176
v  297.433014 1174.436035 32.006176
v  148.716995 1174.436035 51.585175
v  144.889008 1134.436035 32.341175
v  289.778015 1134.436035 -6.481827
v  289.778015 1174.436035 -6.481827
v  144.889008 1174.436035 32.341175
v  138.582001 1134.436035 13.761177
v  277.164001 1134.436035 -43.640823
v  277.164001 1174.436035 -43.640823
v  138.582001 1174.436035 13.761177
v  129.904007 1134.436035 -3.835823
v  259.808014 1134.436035 -78.835823
v  259.808014 1174.436035 -78.835823
v  129.904007 1174.436035 -3.835823
v  119.002998 1134.436035 -20.149826
v  238.005997 1134.436035 -111.463829
v  238.005997 1174.436035 -111.463829
v  119.002998 1174.436035 -20.149826
v  106.066002 1134.436035 -34.901825
v  212.132004 1134.436035 -140.967834
v  212.132004 1174.436035 -140.967834
v  106.066002 1174.436035 -34.901825
v  91.314003 1134.436035 -47.838821
v  182.628006 1134.436035 -166.841827
v  182.628006 1174.436035 -166.841827
v  91.314003 1174.436035 -47.838821
v  75.000000 1134.436035 -58.739830
v  150.000000 1134.436035 -188.643829
v  150.000000 1174.436035 -188.643829
v  75.000000 1174.436035 -58.739830
v  57.403000 1134.436035 -67.417824
v  114.805000 1134.436035 -205.999817
v  114.805000 1174.436035 -205.999817
v  57.403000 1174.436035 -67.417824
v  38.823002 1134.436035 -73.724831
v  77.646004 1134.436035 -218.613831
v  77.646004 1174.436035 -218.613831
v  38.823002 1174.436035 -73.724831
v  19.579000 1134.436035 -77.552818
v  39.158001 1134.436035 -226.268829
v  39.158001 1174.436035 -226.268829
v  19.579000 1174.436035 -77.552818
v  0.000000 1134.436035 -78.835823
v  0.000000 1134.436035 -228.835815
v  0.000000 1174.436035 -228.835815
v  0.000000 1174.436035 -78.835823
v  -19.579000 1134.436035 -77.552818
v  -39.158001 1134.436035 -226.268829
v  -39.158001 1174.436035 -226.268829
v  -19.579000 1174.436035 -77.552818
v  -38.823002 1134.436035 -73.724831
v  -77.646004 1134.436035 -218.613831
v  -77.646004 1174.436035 -218.613831
v  -38.823002 1174.436035 -73.724831
v  -57.403000 1134.436035 -67.417824
v  -114.805000 1134.436035 -205.999817
v  -114.805000 1174.436035 -205.999817
v  -57.403000 1174.436035 -67.417824
v  -75.000000 1134.436035 -58.739830
v  -150.000000 1134.436035 -188.643829
v  -150.000000 1174.436035 -188.643829
v  -75.000000 1174.436035 -58.739830
v  -91.314003 1134.436035 -47.838821
v  -182.628006 1134.436035 -166.841827
v  -182.628006 1174.436035 -166.841827
v  -91.314003 1174.436035 -47.838821
v  -106.066002 1134.436035 -34.901825
v  -212.132004 1134.436035 -140.967834
v  -212.132004 1174.436035 -140.967834
v  -106.066002 1174.436035 -34.901825
v  -119.002998 1134.436035 -20.149826
v  -238.005997 1134.436035 -111.463829
v  -238.005997 1174.436035 -111.463829
v  -119.002998 1174.436035 -20.149826
v  -129.904007 1134.436035 -3.835823
v  -259.808014 1134.436035 -78.835823
v  -259.808014 1174.436035 -78.835823
v  -129.904007 1174.436035 -3.835823
v  -138.582001 1134.436035 13.761177
v  -277.164001 1134.436035 -43.640823
v  -277.164001 1174.436035 -43.640823
v  -138.582001 1174.436035 13.761177
v  -144.889008 1134.436035 32.341175
v  -289.778015 1134.436035 -6.481827
v  -289.778015 1174.436035 -6.481827
v  -144.889008 1174.436035 32.341175
v  -148.716995 1134.436035 51.585175
v  -297.433014 1134.436035 32.006176
v  -297.433014 1174.436035 32.006176
v  -148.716995 1174.436035 51.585175
v  -150.000000 1134.436035 71.164177
v  -300.000000 1134.436035 71.164177
v  -300.000000 1174.436035 71.164177
v  -150.000000 1174.436035 71.164177
v  -148.716995 1134.436035 90.743179
v  -297.433014 1134.436035 110.322174
v  -297.433014 1174.436035 110.322174
v  -148.716995 1174.436035 90.743179
v  -144.889008 1134.436035 109.987183
v  -289.778015 1134.436035 148.810181
v  -289.778015 1174.436035 148.810181
v  -144.889008 1174.436035 109.987183
v  -138.582001 1134.436035 128.567169
v  -277.164001 1134.436035 185.969177
v  -277.164001 1174.436035 185.969177
v  -138.582001 1174.436035 128.567169
v  -129.904007 1134.436035 146.164185
v  -259.808014 1134.436035 221.164185
v  -259.808014 1174.436035 221.164185
v  -129.904007 1174.436035 146.164185
v  -119.002998 1134.436035 162.478180
v  -238.005997 1134.436035 253.792175
v  -238.005997 1174.436035 253.792175
v  -119.002998 1174.436035 162.478180
v  -106.066002 1134.436035 177.230179
v  -212.132004 1134.436035 283.296173
v  -212.132004 1174.436035 283.296173
v  -106.066002 1174.436035 177.230179
v  -91.314003 1134.436035 190.167175
v  -182.628006 1134.436035 309.170166
v  -182.628006 1174.436035 309.170166
v  -91.314003 1174.436035 190.167175
v  -75.000000 1134.436035 201.068176
v  -150.000000 1134.436035 330.972198
v  -150.000000 1174.436035 330.972198
v  -75.000000 1174.436035 201.068176
v  -57.403000 1134.436035 209.746185
v  -114.805000 1134.436035 348.328186
v  -114.805000 1174.436035 348.328186
v  -57.403000 1174.436035 209.746185
v  -38.823002 1134.436035 216.053192
v  -77.646004 1134.436035 360.942200
v  -77.646004 1174.436035 360.942200
v  -38.823002 1174.436035 216.053192
v  -19.579000 1134.436035 219.881165
v  -39.158001 1134.436035 368.597198
v  -39.158001 1174.436035 368.597198
v  -19.579000 1174.436035 219.881165
v  0.000000 1134.436035 221.164185
v  0.000000 1134.436035 371.164185
v  0.000000 1174.436035 371.164185
v  0.000000 1174.436035 221.164185
v  19.579000 1134.436035 219.881165
v  39.158001 1134.436035 368.597198
v  39.158001 1174.436035 368.597198
v  19.579000 1174.436035 219.881165
v  38.823002 1134.436035 216.053192
v  77.646004 1134.436035 360.942200
v  77.646004 1174.436035 360.942200
v  38.823002 1174.436035 216.053192
v  57.403000 1134.436035 209.746185
v  114.805000 1134.436035 348.328186
v  114.805000 1174.436035 348.328186
v  57.403000 1174.436035 209.746185
v  75.000000 1134.436035 201.068176
v  150.000000 1134.436035 330.972198
v  150.000000 1174.436035 330.972198
v  75.000000 1174.436035 201.068176
v  91.314003 1134.436035 190.167175
v  182.628006 1134.436035 309.170166
v  182.628006 1174.436035 309.170166
v  91.314003 1174.436035 190.167175
v  106.066002 1134.436035 177.230179
v  212.132004 1134.436035 283.296173
v  212.132004 1174.436035 283.296173
v  106.066002 1174.436035 177.230179
v  119.002998 1134.436035 162.478180
v  238.005997 1134.436035 253.792175
v  238.005997 1174.436035 253.792175
v  119.002998 1174.436035 162.478180
v  129.904007 1134.436035 146.164185
v  259.808014 1134.436035 221.164185
v  259.808014 1174.436035 221.164185
v  129.904007 1174.436035 146.164185
v  138.582001 1134.436035 128.567169
v  277.164001 1134.436035 185.969177
v  277.164001 1174.436035 185.969177
v  138.582001 1174.436035 128.567169
v  144.889008 1134.436035 109.987183
v  289.778015 1134.436035 148.810181
v  289.778015 1174.436035 148.810181
v  144.889008 1174.436035 109.987183
v  148.716995 1134.436035 90.743179
v  297.433014 1134.436035 110.322174
v  297.433014 1174.436035 110.322174
v  148.716995 1174.436035 90.743179
v  150.000000 1494.436035 71.164162
v  300.000000 1494.436035 71.164162
v  300.000000 1534.436035 71.164162
v  150.000000 1534.436035 71.164162
v  148.716995 1494.436035 51.585159
v  297.433014 1494.436035 32.006161
v  297.433014 1534.436035 32.006157
v  148.716995 1534.436035 51.585159
v  144.889008 1494.436035 32.341160
v  289.778015 1494.436035 -6.481842
v  289.778015 1534.436035 -6.481842
v  144.889008 1534.436035 32.341156
v  138.582001 1494.436035 13.761162
v  277.164001 1494.436035 -43.640839
v  277.164001 1534.436035 -43.640839
v  138.582001 1534.436035 13.761158
v  129.904007 1494.436035 -3.835838
v  259.808014 1494.436035 -78.835838
v  259.808014 1534.436035 -78.835838
v  129.904007 1534.436035 -3.835838
v  119.002998 1494.436035 -20.149841
v  238.005997 1494.436035 -111.463844
v  238.005997 1534.436035 -111.463844
v  119.002998 1534.436035 -20.149841
v  106.066002 1494.436035 -34.901840
v  212.132004 1494.436035 -140.967834
v  212.132004 1534.436035 -140.967834
v  106.066002 1534.436035 -34.901840
v  91.314003 1494.436035 -47.838837
v  182.628006 1494.436035 -166.841827
v  182.628006 1534.436035 -166.841827
v  91.314003 1534.436035 -47.838837
v  75.000000 1494.436035 -58.739845
v  150.000000 1494.436035 -188.643860
v  150.000000 1534.436035 -188.643860
v  75.000000 1534.436035 -58.739845
v  57.403000 1494.436035 -67.417839
v  114.805000 1494.436035 -205.999847
v  114.805000 1534.436035 -205.999847
v  57.403000 1534.436035 -67.417839
v  38.823002 1494.436035 -73.724846
v  77.646004 1494.436035 -218.613861
v  77.646004 1534.436035 -218.613861
v  38.823002 1534.436035 -73.724846
v  19.579000 1494.436035 -77.552834
v  39.158001 1494.436035 -226.268860
v  39.158001 1534.436035 -226.268860
v  19.579000 1534.436035 -77.552834
v  0.000000 1494.436035 -78.835838
v  0.000000 1494.436035 -228.835846
v  0.000000 1534.436035 -228.835846
v  0.000000 1534.436035 -78.835838
v  -19.579000 1494.436035 -77.552834
v  -39.158001 1494.436035 -226.268860
v  -39.158001 1534.436035 -226.268860
v  -19.579000 1534.436035 -77.552834
v  -38.823002 1494.436035 -73.724846
v  -77.646004 1494.436035 -218.613861
v  -77.646004 1534.436035 -218.613861
v  -38.823002 1534.436035 -73.724846
v  -57.403000 1494.436035 -67.417839
v  -114.805000 1494.436035 -205.999847
v  -114.805000 1534.436035 -205.999847
v  -57.403000 1534.436035 -67.417839
v  -75.000000 1494.436035 -58.739845
v  -150.000000 1494.436035 -188.643860
v  -150.000000 1534.436035 -188.643860
v  -75.000000 1534.436035 -58.739845
v  -91.314003 1494.436035 -47.838837
v  -182.628006 1494.436035 -166.841827
v  -182.628006 1534.436035 -166.841827
v  -91.314003 1534.436035 -47.838837
v  -106.066002 1494.436035 -34.901840
v  -212.132004 1494.436035 -140.967834
v  -212.132004 1534.436035 -140.967834
v  -106.066002 1534.436035 -34.901840
v  -119.002998 1494.436035 -20.149841
v  -238.005997 1494.436035 -111.463844
v  -238.005997 1534.436035 -111.463844
v  -119.002998 1534.436035 -20.149841
v  -129.904007 1494.436035 -3.835838
v  -259.808014 1494.436035 -78.835838
v  -259.808014 1534.436035 -78.835838
v  -129.904007 1534.436035 -3.835838
v  -138.582001 1494.436035 13.761162
v  -277.164001 1494.436035 -43.640839
v  -277.164001 1534.436035 -43.640839
v  -138.582001 1534.436035 13.761158
v  -144.889008 1494.436035 32.341160
v  -289.778015 1494.436035 -6.481842
v  -289.778015 1534.436035 -6.481842
v  -144.889008 1534.436035 32.341156
v  -148.716995 1494.436035 51.585159
v  -297.433014 1494.436035 32.006161
v  -297.433014 1534.436035 32.006157
v  -148.716995 1534.436035 51.585159
v  -150.000000 1494.436035 71.164162
v  -300.000000 1494.436035 71.164162
v  -300.000000 1534.436035 71.164162
v  -150.000000 1534.436035 71.164162
v  -148.716995 1494.436035 90.743164
v  -297.433014 1494.436035 110.322159
v  -297.433014 1534.436035 110.322159
v  -148.716995 1534.436035 90.743164
v  -144.889008 1494.436035 109.987167
v  -289.778015 1494.436035 148.810165
v  -289.778015 1534.436035 148.810165
v  -144.889008 1534.436035 109.987160
v  -138.582001 1494.436035 128.567169
v  -277.164001 1494.436035 185.969162
v  -277.164001 1534.436035 185.969162
v  -138.582001 1534.436035 128.567154
v  -129.904007 1494.436035 146.164154
v  -259.808014 1494.436035 221.164154
v  -259.808014 1534.436035 221.164154
v  -129.904007 1534.436035 146.164154
v  -119.002998 1494.436035 162.478165
v  -238.005997 1494.436035 253.792175
v  -238.005997 1534.436035 253.792175
v  -119.002998 1534.436035 162.478165
v  -106.066002 1494.436035 177.230164
v  -212.132004 1494.436035 283.296173
v  -212.132004 1534.436035 283.296173
v  -106.066002 1534.436035 177.230164
v  -91.314003 1494.436035 190.167160
v  -182.628006 1494.436035 309.170166
v  -182.628006 1534.436035 309.170166
v  -91.314003 1534.436035 190.167160
v  -75.000000 1494.436035 201.068176
v  -150.000000 1494.436035 330.972168
v  -150.000000 1534.436035 330.972168
v  -75.000000 1534.436035 201.068176
v  -57.403000 1494.436035 209.746155
v  -114.805000 1494.436035 348.328156
v  -114.805000 1534.436035 348.328156
v  -57.403000 1534.436035 209.746155
v  -38.823002 1494.436035 216.053162
v  -77.646004 1494.436035 360.942169
v  -77.646004 1534.436035 360.942169
v  -38.823002 1534.436035 216.053162
v  -19.579000 1494.436035 219.881165
v  -39.158001 1494.436035 368.597168
v  -39.158001 1534.436035 368.597168
v  -19.579000 1534.436035 219.881165
v  0.000000 1494.436035 221.164154
v  0.000000 1494.436035 371.164154
v  0.000000 1534.436035 371.164154
v  0.000000 1534.436035 221.164154
v  19.579000 1494.436035 219.881165
v  39.158001 1494.436035 368.597168
v  39.158001 1534.436035 368.597168
v  19.579000 1534.436035 219.881165
v  38.823002 1494.436035 216.053162
v  77.646004 1494.436035 360.942169
v  77.646004 1534.436035 360.942169
v  38.823002 1534.436035 216.053162
v  57.403000 1494.436035 209.746155
v  114.805000 1494.436035 348.328156
v  114.805000 1534.436035 348.328156
v  57.403000 1534.436035 209.746155
v  75.000000 1494.436035 201.068176
v  150.000000 1494.436035 330.972168
v  150.000000 1534.436035 330.972168
v  75.000000 1534.436035 201.068176
v  91.314003 1494.436035 190.167160
v  182.628006 1494.436035 309.170166
v  182.628006 1534.436035 309.170166
v  91.314003 1534.436035 190.167160
v  106.066002 1494.436035 177.230164
v  212.132004 1494.436035 283.296173
v  212.132004 1534.436035 283.296173
v  106.066002 1534.436035 177.230164
v  119.002998 1494.436035 162.478165
v  238.005997 1494.436035 253.792175
v  238.005997 1534.436035 253.792175
v  119.002998 1534.436035 162.478165
v  129.904007 1494.436035 146.164154
v  259.808014 1494.436035 221.164154
v  259.808014 1534.436035 221.164154
v  129.904007 1534.436035 146.164154
v  138.582001 1494.436035 128.567169
v  277.164001 1494.436035 185.969162
v  277.164001 1534.436035 185.969162
v  138.582001 1534.436035 128.567154
v  144.889008 1494.436035 109.987167
v  289.778015 1494.436035 148.810165
v  289.778015 1534.436035 148.810165
v  144.889008 1534.436035 109.987160
v  148.716995 1494.436035 90.743164
v  297.433014 1494.436035 110.322159
v  297.433014 1534.436035 110.322159
v  148.716995 1534.436035 90.743164
v  850.000000 1134.436035 206.164185
v  905.000000 1134.436035 206.164185
v  905.000000 1134.436035 191.164185
v  850.000000 1134.436035 191.164185
v  850.000000 1394.436035 206.164154
v  905.000000 1394.436035 206.164154
v  905.000000 1394.436035 191.164169
v  850.000000 1394.436035 191.164169
v  850.000000 1134.436035 -48.835823
v  905.000000 1134.436035 -48.835823
v  905.000000 1134.436035 -63.835823
v  850.000000 1134.436035 -63.835823
v  850.000000 1394.436035 -48.835831
v  905.000000 1394.436035 -48.835831
v  905.000000 1394.436035 -63.835838
v  850.000000 1394.436035 -63.835838
v  850.000000 1388.436035 191.164169
v  903.000000 1388.436035 191.164169
v  903.000000 1388.436035 -48.835831
v  850.000000 1388.436035 -48.835831
v  850.000000 1394.436035 191.164169
v  903.000000 1394.436035 191.164169
v  903.000000 1394.436035 -48.835831
v  850.000000 1394.436035 -48.835831
v  696.500000 1134.436035 -434.416809
v  735.390991 1134.436035 -473.307800
v  724.783997 1134.436035 -483.914795
v  685.893982 1134.436035 -445.023804
v  696.500000 1394.436035 -434.416809
v  735.390991 1394.436035 -473.307800
v  724.783997 1394.436035 -483.914795
v  685.893982 1394.436035 -445.023804
v  516.187988 1134.436035 -614.729797
v  555.078979 1134.436035 -653.619812
v  544.471985 1134.436035 -664.226807
v  505.580994 1134.436035 -625.335815
v  516.187988 1394.436035 -614.729797
v  555.078979 1394.436035 -653.619812
v  544.471985 1394.436035 -664.226807
v  505.580994 1394.436035 -625.335815
v  685.893982 1388.436035 -445.023804
v  723.369995 1388.436035 -482.500793
v  553.664978 1388.436035 -652.205811
v  516.187988 1388.436035 -614.729797
v  685.893982 1394.436035 -445.023804
v  723.369995 1394.436035 -482.500793
v  553.664978 1394.436035 -652.205811
v  516.187988 1394.436035 -614.729797
v  135.000000 1134.436035 -778.835815
v  135.000000 1134.436035 -833.835815
v  120.000000 1134.436035 -833.835815
v  120.000000 1134.436035 -778.835815
v  135.000000 1394.436035 -778.835815
v  135.000000 1394.436035 -833.835815
v  120.000000 1394.436035 -833.835815
v  120.000000 1394.436035 -778.835815
v  -120.000000 1134.436035 -778.835815
v  -120.000000 1134.436035 -833.835815
v  -135.000000 1134.436035 -833.835815
v  -135.000000 1134.436035 -778.835815
v  -120.000000 1394.436035 -778.835815
v  -120.000000 1394.436035 -833.835815
v  -135.000000 1394.436035 -833.835815
v  -135.000000 1394.436035 -778.835815
v  120.000000 1388.436035 -778.835815
v  120.000000 1388.436035 -831.835815
v  -120.000000 1388.436035 -831.835815
v  -120.000000 1388.436035 -778.835815
v  120.000000 1394.436035 -778.835815
v  120.000000 1394.436035 -831.835815
v  -120.000000 1394.436035 -831.835815
v  -120.000000 1394.436035 -778.835815
v  -505.580994 1134.436035 -625.335815
v  -544.471985 1134.436035 -664.226807
v  -555.078979 1134.436035 -653.619812
v  -516.187988 1134.436035 -614.729797
v  -505.580994 1394.436035 -625.335815
v  -544.471985 1394.436035 -664.226807
v  -555.078979 1394.436035 -653.619812
v  -516.187988 1394.436035 -614.729797
v  -685.893982 1134.436035 -445.023804
v  -724.783997 1134.436035 -483.914795
v  -735.390991 1134.436035 -473.307800
v  -696.500000 1134.436035 -434.416809
v  -685.893982 1394.436035 -445.023804
v  -724.783997 1394.436035 -483.914795
v  -735.390991 1394.436035 -473.307800
v  -696.500000 1394.436035 -434.416809
v  -516.187988 1388.436035 -614.729797
v  -553.664978 1388.436035 -652.205811
v  -723.369995 1388.436035 -482.500793
v  -685.893982 1388.436035 -445.023804
v  -516.187988 1394.436035 -614.729797
v  -553.664978 1394.436035 -652.205811
v  -723.369995 1394.436035 -482.500793
v  -685.893982 1394.436035 -445.023804
v  -850.000000 1134.436035 -63.835823
v  -905.000000 1134.436035 -63.835823
v  -905.000000 1134.436035 -48.835823
v  -850.000000 1134.436035 -48.835823
v  -850.000000 1394.436035 -63.835838
v  -905.000000 1394.436035 -63.835838
v  -905.000000 1394.436035 -48.835831
v  -850.000000 1394.436035 -48.835831
v  -850.000000 1134.436035 191.164185
v  -905.000000 1134.436035 191.164185
v  -905.000000 1134.436035 206.164185
v  -850.000000 1134.436035 206.164185
v  -850.000000 1394.436035 191.164169
v  -905.000000 1394.436035 191.164169
v  -905.000000 1394.436035 206.164154
v  -850.000000 1394.436035 206.164154
v  -850.000000 1388.436035 -48.835831
v  -903.000000 1388.436035 -48.835831
v  -903.000000 1388.436035 191.164169
v  -850.000000 1388.436035 191.164169
v  -850.000000 1394.436035 -48.835831
v  -903.000000 1394.436035 -48.835831
v  -903.000000 1394.436035 191.164169
v  -850.000000 1394.436035 191.164169
v  -696.500000 1134.436035 576.745178
v  -735.390991 1134.436035 615.636169
v  -724.783997 1134.436035 626.243164
v  -685.893982 1134.436035 587.352173
v  -696.500000 1394.436035 576.745178
v  -735.390991 1394.436035 615.636169
v  -724.783997 1394.436035 626.243164
v  -685.893982 1394.436035 587.352173
v  -516.187988 1134.436035 757.058167
v  -555.078979 1134.436035 795.948181
v  -544.471985 1134.436035 806.555176
v  -505.580994 1134.436035 767.664185
v  -516.187988 1394.436035 757.058167
v  -555.078979 1394.436035 795.948181
v  -544.471985 1394.436035 806.555176
v  -505.580994 1394.436035 767.664185
v  -685.893982 1388.436035 587.352173
v  -723.369995 1388.436035 624.829163
v  -553.664978 1388.436035 794.534180
v  -516.187988 1388.436035 757.058167
v  -685.893982 1394.436035 587.352173
v  -723.369995 1394.436035 624.829163
v  -553.664978 1394.436035 794.534180
v  -516.187988 1394.436035 757.058167
v  -135.000000 1134.436035 921.164185
v  -135.000000 1134.436035 976.164185
v  -120.000000 1134.436035 976.164185
v  -120.000000 1134.436035 921.164185
v  -135.000000 1394.436035 921.164185
v  -135.000000 1394.436035 976.164185
v  -120.000000 1394.436035 976.164185
v  -120.000000 1394.436035 921.164185
v  120.000000 1134.436035 921.164185
v  120.000000 1134.436035 976.164185
v  135.000000 1134.436035 976.164185
v  135.000000 1134.436035 921.164185
v  120.000000 1394.436035 921.164185
v  120.000000 1394.436035 976.164185
v  135.000000 1394.436035 976.164185
v  135.000000 1394.436035 921.164185
v  -120.000000 1388.436035 921.164185
v  -120.000000 1388.436035 974.164185
v  120.000000 1388.436035 974.164185
v  120.000000 1388.436035 921.164185
v  -120.000000 1394.436035 921.164185
v  -120.000000 1394.436035 974.164185
v  120.000000 1394.436035 974.164185
v  120.000000 1394.436035 921.164185
v  505.580994 1134.436035 767.664185
v  544.471985 1134.436035 806.555176
v  555.078979 1134.436035 795.948181
v  516.187988 1134.436035 757.058167
v  505.580994 1394.436035 767.664185
v  544.471985 1394.436035 806.555176
v  555.078979 1394.436035 795.948181
v  516.187988 1394.436035 757.058167
v  685.893982 1134.436035 587.352173
v  724.783997 1134.436035 626.243164
v  735.390991 1134.436035 615.636169
v  696.500000 1134.436035 576.745178
v  685.893982 1394.436035 587.352173
v  724.783997 1394.436035 626.243164
v  735.390991 1394.436035 615.636169
v  696.500000 1394.436035 576.745178
v  516.187988 1388.436035 757.058167
v  553.664978 1388.436035 794.534180
v  723.369995 1388.436035 624.829163
v  685.893982 1388.436035 587.352173
v  516.187988 1394.436035 757.058167
v  553.664978 1394.436035 794.534180
v  723.369995 1394.436035 624.829163
v  685.893982 1394.436035 587.352173
v  500.000000 1134.436035 71.164177
v  512.000000 1134.436035 71.164177
v  512.000000 1137.436035 71.164177
v  500.000000 1137.436035 71.164177
v  495.721985 1134.436035 5.901176
v  507.619995 1134.436035 4.335175
v  507.619995 1137.436035 4.335175
v  495.721985 1137.436035 5.901176
v  482.963013 1134.436035 -58.245827
v  494.553986 1134.436035 -61.350822
v  494.553986 1137.436035 -61.350822
v  482.963013 1137.436035 -58.245827
v  461.940002 1134.436035 -120.177818
v  473.026001 1134.436035 -124.769829
v  473.026001 1137.436035 -124.769829
v  461.940002 1137.436035 -120.177818
v  433.013000 1134.436035 -178.835815
v  443.404999 1134.436035 -184.835815
v  443.404999 1137.436035 -184.835815
v  433.013000 1137.436035 -178.835815
v  396.677002 1134.436035 -233.216827
v  406.196991 1134.436035 -240.521820
v  406.196991 1137.436035 -240.521820
v  396.677002 1137.436035 -233.216827
v  353.553009 1134.436035 -282.388824
v  362.039001 1134.436035 -290.874817
v  362.039001 1137.436035 -290.874817
v  353.553009 1137.436035 -282.388824
v  304.381012 1134.436035 -325.512817
v  311.686005 1134.436035 -335.032806
v  311.686005 1137.436035 -335.032806
v  304.381012 1137.436035 -325.512817
v  250.000000 1134.436035 -361.848816
v  256.000000 1134.436035 -372.240814
v  256.000000 1137.436035 -372.240814
v  250.000000 1137.436035 -361.848816
v  191.341995 1134.436035 -390.775818
v  195.934006 1134.436035 -401.861816
v  195.934006 1137.436035 -401.861816
v  191.341995 1137.436035 -390.775818
v  129.410004 1134.436035 -411.798828
v  132.514999 1134.436035 -423.389801
v  132.514999 1137.436035 -423.389801
v  129.410004 1137.436035 -411.798828
v  65.263000 1134.436035 -424.557800
v  66.829002 1134.436035 -436.455811
v  66.829002 1137.436035 -436.455811
v  65.263000 1137.436035 -424.557800
v  0.000000 1134.436035 -428.835815
v  0.000000 1134.436035 -440.835815
v  0.000000 1137.436035 -440.835815
v  0.000000 1137.436035 -428.835815
v  -65.263000 1134.436035 -424.557800
v  -66.829002 1134.436035 -436.455811
v  -66.829002 1137.436035 -436.455811
v  -65.263000 1137.436035 -424.557800
v  -129.410004 1134.436035 -411.798828
v  -132.514999 1134.436035 -423.389801
v  -132.514999 1137.436035 -423.389801
v  -129.410004 1137.436035 -411.798828
v  -191.341995 1134.436035 -390.775818
v  -195.934006 1134.436035 -401.861816
v  -195.934006 1137.436035 -401.861816
v  -191.341995 1137.436035 -390.775818
v  -250.000000 1134.436035 -361.848816
v  -256.000000 1134.436035 -372.240814
v  -256.000000 1137.436035 -372.240814
v  -250.000000 1137.436035 -361.848816
v  -304.381012 1134.436035 -325.512817
v  -311.686005 1134.436035 -335.032806
v  -311.686005 1137.436035 -335.032806
v  -304.381012 1137.436035 -325.512817
v  -353.553009 1134.436035 -282.388824
v  -362.039001 1134.436035 -290.874817
v  -362.039001 1137.436035 -290.874817
v  -353.553009 1137.436035 -282.388824
v  -396.677002 1134.436035 -233.216827
v  -406.196991 1134.436035 -240.521820
v  -406.196991 1137.436035 -240.521820
v  -396.677002 1137.436035 -233.216827
v  -433.013000 1134.436035 -178.835815
v  -443.404999 1134.436035 -184.835815
v  -443.404999 1137.436035 -184.835815
v  -433.013000 1137.436035 -178.835815
v  -461.940002 1134.436035 -120.177818
v  -473.026001 1134.436035 -124.769829
v  -473.026001 1137.436035 -124.769829
v  -461.940002 1137.436035 -120.177818
v  -482.963013 1134.436035 -58.245827
v  -494.553986 1134.436035 -61.350822
v  -494.553986 1137.436035 -61.350822
v  -482.963013 1137.436035 -58.245827
v  -495.721985 1134.436035 5.901176
v  -507.619995 1134.436035 4.335175
v  -507.619995 1137.436035 4.335175
v  -495.721985 1137.436035 5.901176
v  -500.000000 1134.436035 71.164177
v  -512.000000 1134.436035 71.164177
v  -512.000000 1137.436035 71.164177
v  -500.000000 1137.436035 71.164177
v  -495.721985 1134.436035 136.427185
v  -507.619995 1134.436035 137.993179
v  -507.619995 1137.436035 137.993179
v  -495.721985 1137.436035 136.427185
v  -482.963013 1134.436035 200.574188
v  -494.553986 1134.436035 203.679169
v  -494.553986 1137.436035 203.679169
v  -482.963013 1137.436035 200.574188
v  -461.940002 1134.436035 262.506165
v  -473.026001 1134.436035 267.098175
v  -473.026001 1137.436035 267.098175
v  -461.940002 1137.436035 262.506165
v  -433.013000 1134.436035 321.164185
v  -443.404999 1134.436035 327.164185
v  -443.404999 1137.436035 327.164185
v  -433.013000 1137.436035 321.164185
v  -396.677002 1134.436035 375.545197
v  -406.196991 1134.436035 382.850189
v  -406.196991 1137.436035 382.850189
v  -396.677002 1137.436035 375.545197
v  -353.553009 1134.436035 424.717194
v  -362.039001 1134.436035 433.203186
v  -362.039001 1137.436035 433.203186
v  -353.553009 1137.436035 424.717194
v  -304.381012 1134.436035 467.841187
v  -311.686005 1134.436035 477.361176
v  -311.686005 1137.436035 477.361176
v  -304.381012 1137.436035 467.841187
v  -250.000000 1134.436035 504.177185
v  -256.000000 1134.436035 514.569153
v  -256.000000 1137.436035 514.569153
v  -250.000000 1137.436035 504.177185
v  -191.341995 1134.436035 533.104187
v  -195.934006 1134.436035 544.190186
v  -195.934006 1137.436035 544.190186
v  -191.341995 1137.436035 533.104187
v  -129.410004 1134.436035 554.127197
v  -132.514999 1134.436035 565.718140
v  -132.514999 1137.436035 565.718140
v  -129.410004 1137.436035 554.127197
v  -65.263000 1134.436035 566.886169
v  -66.829002 1134.436035 578.784180
v  -66.829002 1137.436035 578.784180
v  -65.263000 1137.436035 566.886169
v  0.000000 1134.436035 571.164185
v  0.000000 1134.436035 583.164185
v  0.000000 1137.436035 583.164185
v  0.000000 1137.436035 571.164185
v  65.263000 1134.436035 566.886169
v  66.829002 1134.436035 578.784180
v  66.829002 1137.436035 578.784180
v  65.263000 1137.436035 566.886169
v  129.410004 1134.436035 554.127197
v  132.514999 1134.436035 565.718140
v  132.514999 1137.436035 565.718140
v  129.410004 1137.436035 554.127197
v  191.341995 1134.436035 533.104187
v  195.934006 1134.436035 544.190186
v  195.934006 1137.436035 544.190186
v  191.341995 1137.436035 533.104187
v  250.000000 1134.436035 504.177185
v  256.000000 1134.436035 514.569153
v  256.000000 1137.436035 514.569153
v  250.000000 1137.436035 504.177185
v  304.381012 1134.436035 467.841187
v  311.686005 1134.436035 477.361176
v  311.686005 1137.436035 477.361176
v  304.381012 1137.436035 467.841187
v  353.553009 1134.436035 424.717194
v  362.039001 1134.436035 433.203186
v  362.039001 1137.436035 433.203186
v  353.553009 1137.436035 424.717194
v  396.677002 1134.436035 375.545197
v  406.196991 1134.436035 382.850189
v  406.196991 1137.436035 382.850189
v  396.677002 1137.436035 375.545197
v  433.013000 1134.436035 321.164185
v  443.404999 1134.436035 327.164185
v  443.404999 1137.436035 327.164185
v  433.013000 1137.436035 321.164185
v  461.940002 1134.436035 262.506165
v  473.026001 1134.436035 267.098175
v  473.026001 1137.436035 267.098175
v  461.940002 1137.436035 262.506165
v  482.963013 1134.436035 200.574188
v  494.553986 1134.436035 203.679169
v  494.553986 1137.436035 203.679169
v  482.963013 1137.436035 200.574188
v  495.721985 1134.436035 136.427185
v  507.619995 1134.436035 137.993179
v  507.619995 1137.436035 137.993179
v  495.721985 1137.436035 136.427185
v  600.000000 1134.436035 71.164177
v  640.000000 1134.436035 71.164177
v  640.000000 1138.436035 71.164177
v  600.000000 1138.436035 71.164177
v  594.867004 1134.436035 -7.151825
v  634.525024 1134.436035 -12.372826
v  634.525024 1138.436035 -12.372826
v  594.867004 1138.436035 -7.151825
v  579.554993 1134.436035 -84.126823
v  618.192993 1134.436035 -94.479820
v  618.192993 1138.436035 -94.479820
v  579.554993 1138.436035 -84.126823
v  554.328003 1134.436035 -158.445831
v  591.283020 1134.436035 -173.752838
v  591.283020 1138.436035 -173.752838
v  554.328003 1138.436035 -158.445831
v  519.614990 1134.436035 -228.835815
v  554.255981 1134.436035 -248.835815
v  554.255981 1138.436035 -248.835815
v  519.614990 1138.436035 -228.835815
v  476.011993 1134.436035 -294.092804
v  507.746002 1134.436035 -318.442810
v  507.746002 1138.436035 -318.442810
v  476.011993 1138.436035 -294.092804
v  424.264008 1134.436035 -353.099823
v  452.548004 1134.436035 -381.383820
v  452.548004 1138.436035 -381.383820
v  424.264008 1138.436035 -353.099823
v  365.256989 1134.436035 -404.847809
v  389.606995 1134.436035 -436.581818
v  389.606995 1138.436035 -436.581818
v  365.256989 1138.436035 -404.847809
v  300.000000 1134.436035 -448.450806
v  320.000000 1134.436035 -483.091797
v  320.000000 1138.436035 -483.091797
v  300.000000 1138.436035 -448.450806
v  229.610001 1134.436035 -483.163818
v  244.917007 1134.436035 -520.118835
v  244.917007 1138.436035 -520.118835
v  229.610001 1138.436035 -483.163818
v  155.291000 1134.436035 -508.390808
v  165.643997 1134.436035 -547.028809
v  165.643997 1138.436035 -547.028809
v  155.291000 1138.436035 -508.390808
v  78.316002 1134.436035 -523.702820
v  83.537003 1134.436035 -563.360840
v  83.537003 1138.436035 -563.360840
v  78.316002 1138.436035 -523.702820
v  0.000000 1134.436035 -528.835815
v  0.000000 1134.436035 -568.835815
v  0.000000 1138.436035 -568.835815
v  0.000000 1138.436035 -528.835815
v  -78.316002 1134.436035 -523.702820
v  -83.537003 1134.436035 -563.360840
v  -83.537003 1138.436035 -563.360840
v  -78.316002 1138.436035 -523.702820
v  -155.291000 1134.436035 -508.390808
v  -165.643997 1134.436035 -547.028809
v  -165.643997 1138.436035 -547.028809
v  -155.291000 1138.436035 -508.390808
v  -229.610001 1134.436035 -483.163818
v  -244.917007 1134.436035 -520.118835
v  -244.917007 1138.436035 -520.118835
v  -229.610001 1138.436035 -483.163818
v  -300.000000 1134.436035 -448.450806
v  -320.000000 1134.436035 -483.091797
v  -320.000000 1138.436035 -483.091797
v  -300.000000 1138.436035 -448.450806
v  -365.256989 1134.436035 -404.847809
v  -389.606995 1134.436035 -436.581818
v  -389.606995 1138.436035 -436.581818
v  -365.256989 1138.436035 -404.847809
v  -424.264008 1134.436035 -353.099823
v  -452.548004 1134.436035 -381.383820
v  -452.548004 1138.436035 -381.383820
v  -424.264008 1138.436035 -353.099823
v  -476.011993 1134.436035 -294.092804
v  -507.746002 1134.436035 -318.442810
v  -507.746002 1138.436035 -318.442810
v  -476.011993 1138.436035 -294.092804
v  -519.614990 1134.436035 -228.835815
v  -554.255981 1134.436035 -248.835815
v  -554.255981 1138.436035 -248.835815
v  -519.614990 1138.436035 -228.835815
v  -554.328003 1134.436035 -158.445831
v  -591.283020 1134.436035 -173.752838
v  -591.283020 1138.436035 -173.752838
v  -554.328003 1138.436035 -158.445831
v  -579.554993 1134.436035 -84.126823
v  -618.192993 1134.436035 -94.479820
v  -618.192993 1138.436035 -94.479820
v  -579.554993 1138.436035 -84.126823
v  -594.867004 1134.436035 -7.151825
v  -634.525024 1134.436035 -12.372826
v  -634.525024 1138.436035 -12.372826
v  -594.867004 1138.436035 -7.151825
v  -600.000000 1134.436035 71.164177
v  -640.000000 1134.436035 71.164177
v  -640.000000 1138.436035 71.164177
v  -600.000000 1138.436035 71.164177
v  -594.867004 1134.436035 149.480179
v  -634.525024 1134.436035 154.701172
v  -634.525024 1138.436035 154.701172
v  -594.867004 1138.436035 149.480179
v  -579.554993 1134.436035 226.455170
v  -618.192993 1134.436035 236.808167
v  -618.192993 1138.436035 236.808167
v  -579.554993 1138.436035 226.455170
v  -554.328003 1134.436035 300.774170
v  -591.283020 1134.436035 316.081177
v  -591.283020 1138.436035 316.081177
v  -554.328003 1138.436035 300.774170
v  -519.614990 1134.436035 371.164185
v  -554.255981 1134.436035 391.164185
v  -554.255981 1138.436035 391.164185
v  -519.614990 1138.436035 371.164185
v  -476.011993 1134.436035 436.421173
v  -507.746002 1134.436035 460.771179
v  -507.746002 1138.436035 460.771179
v  -476.011993 1138.436035 436.421173
v  -424.264008 1134.436035 495.428192
v  -452.548004 1134.436035 523.712158
v  -452.548004 1138.436035 523.712158
v  -424.264008 1138.436035 495.428192
v  -365.256989 1134.436035 547.176147
v  -389.606995 1134.436035 578.910156
v  -389.606995 1138.436035 578.910156
v  -365.256989 1138.436035 547.176147
v  -300.000000 1134.436035 590.779175
v  -320.000000 1134.436035 625.420166
v  -320.000000 1138.436035 625.420166
v  -300.000000 1138.436035 590.779175
v  -229.610001 1134.436035 625.492188
v  -244.917007 1134.436035 662.447205
v  -244.917007 1138.436035 662.447205
v  -229.610001 1138.436035 625.492188
v  -155.291000 1134.436035 650.719177
v  -165.643997 1134.436035 689.357178
v  -165.643997 1138.436035 689.357178
v  -155.291000 1138.436035 650.719177
v  -78.316002 1134.436035 666.031189
v  -83.537003 1134.436035 705.689209
v  -83.537003 1138.436035 705.689209
v  -78.316002 1138.436035 666.031189
v  0.000000 1134.436035 671.164185
v  0.000000 1134.436035 711.164185
v  0.000000 1138.436035 711.164185
v  0.000000 1138.436035 671.164185
v  78.316002 1134.436035 666.031189
v  83.537003 1134.436035 705.689209
v  83.537003 1138.436035 705.689209
v  78.316002 1138.436035 666.031189
v  155.291000 1134.436035 650.719177
v  165.643997 1134.436035 689.357178
v  165.643997 1138.436035 689.357178
v  155.291000 1138.436035 650.719177
v  229.610001 1134.436035 625.492188
v  244.917007 1134.436035 662.447205
v  244.917007 1138.436035 662.447205
v  229.610001 1138.436035 625.492188
v  300.000000 1134.436035 590.779175
v  320.000000 1134.436035 625.420166
v  320.000000 1138.436035 625.420166
v  300.000000 1138.436035 590.779175
v  365.256989 1134.436035 547.176147
v  389.606995 1134.436035 578.910156
v  389.606995 1138.436035 578.910156
v  365.256989 1138.436035 547.176147
v  424.264008 1134.436035 495.428192
v  452.548004 1134.436035 523.712158
v  452.548004 1138.436035 523.712158
v  424.264008 1138.436035 495.428192
v  476.011993 1134.436035 436.421173
v  507.746002 1134.436035 460.771179
v  507.746002 1138.436035 460.771179
v  476.011993 1138.436035 436.421173
v  519.614990 1134.436035 371.164185
v  554.255981 1134.436035 391.164185
v  554.255981 1138.436035 391.164185
v  519.614990 1138.436035 371.164185
v  554.328003 1134.436035 300.774170
v  591.283020 1134.436035 316.081177
v  591.283020 1138.436035 316.081177
v  554.328003 1138.436035 300.774170
v  579.554993 1134.436035 226.455170
v  618.192993 1134.436035 236.808167
v  618.192993 1138.436035 236.808167
v  579.554993 1138.436035 226.455170
v  594.867004 1134.436035 149.480179
v  634.525024 1134.436035 154.701172
v  634.525024 1138.436035 154.701172
v  594.867004 1138.436035 149.480179
v  837.770996 1404.436035 -39.130836
v  842.728027 1404.436035 -39.782837
v  842.728027 1419.436035 -39.782837
v  837.770996 1419.436035 -39.130836
v  816.206970 1404.436035 -147.537842
v  821.036987 1404.436035 -148.831848
v  821.036987 1419.436035 -148.831848
v  816.206970 1419.436035 -147.537842
v  780.677979 1404.436035 -252.203827
v  785.297974 1404.436035 -254.116821
v  785.297974 1419.436035 -254.116821
v  780.677979 1419.436035 -252.203827
v  731.791016 1404.436035 -351.335815
v  736.122009 1404.436035 -353.835815
v  736.122009 1419.436035 -353.835815
v  731.791016 1419.436035 -351.335815
v  670.383972 1404.436035 -443.238831
v  674.349976 1404.436035 -446.282837
v  674.349976 1419.436035 -446.282837
v  670.383972 1419.436035 -443.238831
v  514.403015 1404.436035 -599.219788
v  517.447021 1404.436035 -603.185791
v  517.447021 1419.436035 -603.185791
v  514.403015 1419.436035 -599.219788
v  422.500000 1404.436035 -660.626831
v  425.000000 1404.436035 -664.957825
v  425.000000 1419.436035 -664.957825
v  422.500000 1419.436035 -660.626831
v  323.368011 1404.436035 -709.513794
v  325.281006 1404.436035 -714.133789
v  325.281006 1419.436035 -714.133789
v  323.368011 1419.436035 -709.513794
v  218.701996 1404.436035 -745.042786
v  219.996002 1404.436035 -749.872803
v  219.996002 1419.436035 -749.872803
v  218.701996 1419.436035 -745.042786
v  110.294998 1404.436035 -766.606812
v  110.946999 1404.436035 -771.563843
v  110.946999 1419.436035 -771.563843
v  110.294998 1419.436035 -766.606812
v  -110.294998 1404.436035 -766.606812
v  -110.946999 1404.436035 -771.563843
v  -110.946999 1419.436035 -771.563843
v  -110.294998 1419.436035 -766.606812
v  -218.701996 1404.436035 -745.042786
v  -219.996002 1404.436035 -749.872803
v  -219.996002 1419.436035 -749.872803
v  -218.701996 1419.436035 -745.042786
v  -323.368011 1404.436035 -709.513794
v  -325.281006 1404.436035 -714.133789
v  -325.281006 1419.436035 -714.133789
v  -323.368011 1419.436035 -709.513794
v  -422.500000 1404.436035 -660.626831
v  -425.000000 1404.436035 -664.957825
v  -425.000000 1419.436035 -664.957825
v  -422.500000 1419.436035 -660.626831
v  -514.403015 1404.436035 -599.219788
v  -517.447021 1404.436035 -603.185791
v  -517.447021 1419.436035 -603.185791
v  -514.403015 1419.436035 -599.219788
v  -670.383972 1404.436035 -443.238831
v  -674.349976 1404.436035 -446.282837
v  -674.349976 1419.436035 -446.282837
v  -670.383972 1419.436035 -443.238831
v  -731.791016 1404.436035 -351.335815
v  -736.122009 1404.436035 -353.835815
v  -736.122009 1419.436035 -353.835815
v  -731.791016 1419.436035 -351.335815
v  -780.677979 1404.436035 -252.203827
v  -785.297974 1404.436035 -254.116821
v  -785.297974 1419.436035 -254.116821
v  -780.677979 1419.436035 -252.203827
v  -816.206970 1404.436035 -147.537842
v  -821.036987 1404.436035 -148.831848
v  -821.036987 1419.436035 -148.831848
v  -816.206970 1419.436035 -147.537842
v  -837.770996 1404.436035 -39.130836
v  -842.728027 1404.436035 -39.782837
v  -842.728027 1419.436035 -39.782837
v  -837.770996 1419.436035 -39.130836
v  -837.770996 1404.436035 181.459167
v  -842.728027 1404.436035 182.111160
v  -842.728027 1419.436035 182.111160
v  -837.770996 1419.436035 181.459167
v  -816.206970 1404.436035 289.866150
v  -821.036987 1404.436035 291.160156
v  -821.036987 1419.436035 291.160156
v  -816.206970 1419.436035 289.866150
v  -780.677979 1404.436035 394.532196
v  -785.297974 1404.436035 396.445190
v  -785.297974 1419.436035 396.445190
v  -780.677979 1419.436035 394.532196
v  -731.791016 1404.436035 493.664185
v  -736.122009 1404.436035 496.164185
v  -736.122009 1419.436035 496.164185
v  -731.791016 1419.436035 493.664185
v  -670.383972 1404.436035 585.567200
v  -674.349976 1404.436035 588.611206
v  -674.349976 1419.436035 588.611206
v  -670.383972 1419.436035 585.567200
v  -514.403015 1404.436035 741.548157
v  -517.447021 1404.436035 745.514160
v  -517.447021 1419.436035 745.514160
v  -514.403015 1419.436035 741.548157
v  -422.500000 1404.436035 802.955200
v  -425.000000 1404.436035 807.286194
v  -425.000000 1419.436035 807.286194
v  -422.500000 1419.436035 802.955200
v  -323.368011 1404.436035 851.842163
v  -325.281006 1404.436035 856.462158
v  -325.281006 1419.436035 856.462158
v  -323.368011 1419.436035 851.842163
v  -218.701996 1404.436035 887.371155
v  -219.996002 1404.436035 892.201172
v  -219.996002 1419.436035 892.201172
v  -218.701996 1419.436035 887.371155
v  -110.294998 1404.436035 908.935181
v  -110.946999 1404.436035 913.892212
v  -110.946999 1419.436035 913.892212
v  -110.294998 1419.436035 908.935181
v  110.294998 1404.436035 908.935181
v  110.946999 1404.436035 913.892212
v  110.946999 1419.436035 913.892212
v  110.294998 1419.436035 908.935181
v  218.701996 1404.436035 887.371155
v  219.996002 1404.436035 892.201172
v  219.996002 1419.436035 892.201172
v  218.701996 1419.436035 887.371155
v  323.368011 1404.436035 851.842163
v  325.281006 1404.436035 856.462158
v  325.281006 1419.436035 856.462158
v  323.368011 1419.436035 851.842163
v  422.500000 1404.436035 802.955200
v  425.000000 1404.436035 807.286194
v  425.000000 1419.436035 807.286194
v  422.500000 1419.436035 802.955200
v  514.403015 1404.436035 741.548157
v  517.447021 1404.436035 745.514160
v  517.447021 1419.436035 745.514160
v  514.403015 1419.436035 741.548157
v  670.383972 1404.436035 585.567200
v  674.349976 1404.436035 588.611206
v  674.349976 1419.436035 588.611206
v  670.383972 1419.436035 585.567200
v  731.791016 1404.436035 493.664185
v  736.122009 1404.436035 496.164185
v  736.122009 1419.436035 496.164185
v  731.791016 1419.436035 493.664185
v  780.677979 1404.436035 394.532196
v  785.297974 1404.436035 396.445190
v  785.297974 1419.436035 396.445190
v  780.677979 1419.436035 394.532196
v  816.206970 1404.436035 289.866150
v  821.036987 1404.436035 291.160156
v  821.036987 1419.436035 291.160156
v  816.206970 1419.436035 289.866150
v  837.770996 1404.436035 181.459167
v  842.728027 1404.436035 182.111160
v  842.728027 1419.436035 182.111160
v  837.770996 1419.436035 181.459167
v  850.000000 1394.436035 71.164169
v  900.000000 1394.436035 71.164169
v  900.000000 1534.436035 71.164162
v  850.000000 1534.436035 71.164162
v  842.728027 1394.436035 -39.782829
v  892.299988 1394.436035 -46.309830
v  892.299988 1534.436035 -46.309837
v  842.728027 1534.436035 -39.782837
v  674.349976 1394.436035 -446.282837
v  714.018005 1394.436035 -476.720825
v  714.018005 1534.436035 -476.720825
v  674.349976 1534.436035 -446.282837
v  601.041016 1394.436035 -529.876831
v  636.395996 1394.436035 -565.231812
v  636.395996 1534.436035 -565.231812
v  601.041016 1534.436035 -529.876831
v  601.041016 1394.436035 -529.876831
v  636.395996 1394.436035 -565.231812
v  636.395996 1534.436035 -565.231812
v  601.041016 1534.436035 -529.876831
v  517.447021 1394.436035 -603.185791
v  547.885010 1394.436035 -642.853821
v  547.885010 1534.436035 -642.853821
v  517.447021 1534.436035 -603.185791
v  110.946999 1394.436035 -771.563843
v  117.473999 1394.436035 -821.135803
v  117.473999 1534.436035 -821.135803
v  110.946999 1534.436035 -771.563843
v  0.000000 1394.436035 -778.835815
v  0.000000 1394.436035 -828.835815
v  0.000000 1534.436035 -828.835815
v  0.000000 1534.436035 -778.835815
v  0.000000 1394.436035 -778.835815
v  0.000000 1394.436035 -828.835815
v  0.000000 1534.436035 -828.835815
v  0.000000 1534.436035 -778.835815
v  -110.946999 1394.436035 -771.563843
v  -117.473999 1394.436035 -821.135803
v  -117.473999 1534.436035 -821.135803
v  -110.946999 1534.436035 -771.563843
v  -517.447021 1394.436035 -603.185791
v  -547.885010 1394.436035 -642.853821
v  -547.885010 1534.436035 -642.853821
v  -517.447021 1534.436035 -603.185791
v  -601.041016 1394.436035 -529.876831
v  -636.395996 1394.436035 -565.231812
v  -636.395996 1534.436035 -565.231812
v  -601.041016 1534.436035 -529.876831
v  -601.041016 1394.436035 -529.876831
v  -636.395996 1394.436035 -565.231812
v  -636.395996 1534.436035 -565.231812
v  -601.041016 1534.436035 -529.876831
v  -674.349976 1394.436035 -446.282837
v  -714.018005 1394.436035 -476.720825
v  -714.018005 1534.436035 -476.720825
v  -674.349976 1534.436035 -446.282837
v  -842.728027 1394.436035 -39.782829
v  -892.299988 1394.436035 -46.309830
v  -892.299988 1534.436035 -46.309837
v  -842.728027 1534.436035 -39.782837
v  -850.000000 1394.436035 71.164169
v  -900.000000 1394.436035 71.164169
v  -900.000000 1534.436035 71.164162
v  -850.000000 1534.436035 71.164162
v  -850.000000 1394.436035 71.164169
v  -900.000000 1394.436035 71.164169
v  -900.000000 1534.436035 71.164162
v  -850.000000 1534.436035 71.164162
v  -842.728027 1394.436035 182.111176
v  -892.299988 1394.436035 188.638168
v  -892.299988 1534.436035 188.638153
v  -842.728027 1534.436035 182.111160
v  -674.349976 1394.436035 588.611206
v  -714.018005 1394.436035 619.049194
v  -714.018005 1534.436035 619.049194
v  -674.349976 1534.436035 588.611206
v  -601.041016 1394.436035 672.205200
v  -636.395996 1394.436035 707.560181
v  -636.395996 1534.436035 707.560181
v  -601.041016 1534.436035 672.205200
v  -601.041016 1394.436035 672.205200
v  -636.395996 1394.436035 707.560181
v  -636.395996 1534.436035 707.560181
v  -601.041016 1534.436035 672.205200
v  -517.447021 1394.436035 745.514160
v  -547.885010 1394.436035 785.182190
v  -547.885010 1534.436035 785.182190
v  -517.447021 1534.436035 745.514160
v  -110.946999 1394.436035 913.892212
v  -117.473999 1394.436035 963.464172
v  -117.473999 1534.436035 963.464172
v  -110.946999 1534.436035 913.892212
v  0.000000 1394.436035 921.164185
v  0.000000 1394.436035 971.164185
v  0.000000 1534.436035 971.164185
v  0.000000 1534.436035 921.164185
v  0.000000 1394.436035 921.164185
v  0.000000 1394.436035 971.164185
v  0.000000 1534.436035 971.164185
v  0.000000 1534.436035 921.164185
v  110.946999 1394.436035 913.892212
v  117.473999 1394.436035 963.464172
v  117.473999 1534.436035 963.464172
v  110.946999 1534.436035 913.892212
v  517.447021 1394.436035 745.514160
v  547.885010 1394.436035 785.182190
v  547.885010 1534.436035 785.182190
v  517.447021 1534.436035 745.514160
v  601.041016 1394.436035 672.205200
v  636.395996 1394.436035 707.560181
v  636.395996 1534.436035 707.560181
v  601.041016 1534.436035 672.205200
v  601.041016 1394.436035 672.205200
v  636.395996 1394.436035 707.560181
v  636.395996 1534.436035 707.560181
v  601.041016 1534.436035 672.205200
v  674.349976 1394.436035 588.611206
v  714.018005 1394.436035 619.049194
v  714.018005 1534.436035 619.049194
v  674.349976 1534.436035 588.611206
v  842.728027 1394.436035 182.111176
v  892.299988 1394.436035 188.638168
v  892.299988 1534.436035 188.638153
v  842.728027 1534.436035 182.111160
v  850.000000 1394.436035 71.164169
v  900.000000 1394.436035 71.164169
v  900.000000 1534.436035 71.164162
v  850.000000 1534.436035 71.164162
v  150.000000 1534.436035 71.164162
v  905.000000 1534.436035 71.164162
v  905.000000 1574.436035 71.164154
v  150.000000 1574.436035 71.164154
v  148.716995 1534.436035 51.585159
v  897.257996 1534.436035 -46.961838
v  897.257996 1574.436035 -46.961845
v  148.716995 1574.436035 51.585159
v  144.889008 1534.436035 32.341156
v  874.163025 1534.436035 -163.066833
v  874.163025 1574.436035 -163.066833
v  144.889008 1574.436035 32.341156
v  138.582001 1534.436035 13.761158
v  836.111023 1534.436035 -275.164856
v  836.111023 1574.436035 -275.164856
v  138.582001 1574.436035 13.761158
v  129.904007 1534.436035 -3.835838
v  783.752991 1534.436035 -381.335846
v  783.752991 1574.436035 -381.335846
v  129.904007 1574.436035 -3.835846
v  119.002998 1534.436035 -20.149841
v  717.984985 1534.436035 -479.764832
v  717.984985 1574.436035 -479.764832
v  119.002998 1574.436035 -20.149849
v  106.066002 1534.436035 -34.901840
v  639.932007 1534.436035 -568.767822
v  639.932007 1574.436035 -568.767822
v  106.066002 1574.436035 -34.901848
v  91.314003 1534.436035 -47.838837
v  550.929016 1534.436035 -646.820801
v  550.929016 1574.436035 -646.820801
v  91.314003 1574.436035 -47.838844
v  75.000000 1534.436035 -58.739845
v  452.500000 1534.436035 -712.588806
v  452.500000 1574.436035 -712.588806
v  75.000000 1574.436035 -58.739845
v  57.403000 1534.436035 -67.417839
v  346.329010 1534.436035 -764.946838
v  346.329010 1574.436035 -764.946838
v  57.403000 1574.436035 -67.417839
v  38.823002 1534.436035 -73.724846
v  234.231003 1534.436035 -802.998840
v  234.231003 1574.436035 -802.998840
v  38.823002 1574.436035 -73.724846
v  19.579000 1534.436035 -77.552834
v  118.125999 1534.436035 -826.093811
v  118.125999 1574.436035 -826.093811
v  19.579000 1574.436035 -77.552834
v  0.000000 1534.436035 -78.835838
v  0.000000 1534.436035 -833.835815
v  0.000000 1574.436035 -833.835815
v  0.000000 1574.436035 -78.835838
v  -19.579000 1534.436035 -77.552834
v  -118.125999 1534.436035 -826.093811
v  -118.125999 1574.436035 -826.093811
v  -19.579000 1574.436035 -77.552834
v  -38.823002 1534.436035 -73.724846
v  -234.231003 1534.436035 -802.998840
v  -234.231003 1574.436035 -802.998840
v  -38.823002 1574.436035 -73.724846
v  -57.403000 1534.436035 -67.417839
v  -346.329010 1534.436035 -764.946838
v  -346.329010 1574.436035 -764.946838
v  -57.403000 1574.436035 -67.417839
v  -75.000000 1534.436035 -58.739845
v  -452.500000 1534.436035 -712.588806
v  -452.500000 1574.436035 -712.588806
v  -75.000000 1574.436035 -58.739845
v  -91.314003 1534.436035 -47.838837
v  -550.929016 1534.436035 -646.820801
v  -550.929016 1574.436035 -646.820801
v  -91.314003 1574.436035 -47.838844
v  -106.066002 1534.436035 -34.901840
v  -639.932007 1534.436035 -568.767822
v  -639.932007 1574.436035 -568.767822
v  -106.066002 1574.436035 -34.901848
v  -119.002998 1534.436035 -20.149841
v  -717.984985 1534.436035 -479.764832
v  -717.984985 1574.436035 -479.764832
v  -119.002998 1574.436035 -20.149849
v  -129.904007 1534.436035 -3.835838
v  -783.752991 1534.436035 -381.335846
v  -783.752991 1574.436035 -381.335846
v  -129.904007 1574.436035 -3.835846
v  -138.582001 1534.436035 13.761158
v  -836.111023 1534.436035 -275.164856
v  -836.111023 1574.436035 -275.164856
v  -138.582001 1574.436035 13.761158
v  -144.889008 1534.436035 32.341156
v  -874.163025 1534.436035 -163.066833
v  -874.163025 1574.436035 -163.066833
v  -144.889008 1574.436035 32.341156
v  -148.716995 1534.436035 51.585159
v  -897.257996 1534.436035 -46.961838
v  -897.257996 1574.436035 -46.961845
v  -148.716995 1574.436035 51.585159
v  -150.000000 1534.436035 71.164162
v  -905.000000 1534.436035 71.164162
v  -905.000000 1574.436035 71.164154
v  -150.000000 1574.436035 71.164154
v  -148.716995 1534.436035 90.743164
v  -897.257996 1534.436035 189.290161
v  -897.257996 1574.436035 189.290161
v  -148.716995 1574.436035 90.743156
v  -144.889008 1534.436035 109.987160
v  -874.163025 1534.436035 305.395172
v  -874.163025 1574.436035 305.395172
v  -144.889008 1574.436035 109.987160
v  -138.582001 1534.436035 128.567154
v  -836.111023 1534.436035 417.493164
v  -836.111023 1574.436035 417.493164
v  -138.582001 1574.436035 128.567154
v  -129.904007 1534.436035 146.164154
v  -783.752991 1534.436035 523.664124
v  -783.752991 1574.436035 523.664124
v  -129.904007 1574.436035 146.164154
v  -119.002998 1534.436035 162.478165
v  -717.984985 1534.436035 622.093201
v  -717.984985 1574.436035 622.093201
v  -119.002998 1574.436035 162.478149
v  -106.066002 1534.436035 177.230164
v  -639.932007 1534.436035 711.096191
v  -639.932007 1574.436035 711.096191
v  -106.066002 1574.436035 177.230164
v  -91.314003 1534.436035 190.167160
v  -550.929016 1534.436035 789.149170
v  -550.929016 1574.436035 789.149170
v  -91.314003 1574.436035 190.167145
v  -75.000000 1534.436035 201.068176
v  -452.500000 1534.436035 854.917175
v  -452.500000 1574.436035 854.917175
v  -75.000000 1574.436035 201.068176
v  -57.403000 1534.436035 209.746155
v  -346.329010 1534.436035 907.275208
v  -346.329010 1574.436035 907.275208
v  -57.403000 1574.436035 209.746155
v  -38.823002 1534.436035 216.053162
v  -234.231003 1534.436035 945.327209
v  -234.231003 1574.436035 945.327209
v  -38.823002 1574.436035 216.053162
v  -19.579000 1534.436035 219.881165
v  -118.125999 1534.436035 968.422180
v  -118.125999 1574.436035 968.422180
v  -19.579000 1574.436035 219.881165
v  0.000000 1534.436035 221.164154
v  0.000000 1534.436035 976.164185
v  0.000000 1574.436035 976.164185
v  0.000000 1574.436035 221.164154
v  19.579000 1534.436035 219.881165
v  118.125999 1534.436035 968.422180
v  118.125999 1574.436035 968.422180
v  19.579000 1574.436035 219.881165
v  38.823002 1534.436035 216.053162
v  234.231003 1534.436035 945.327209
v  234.231003 1574.436035 945.327209
v  38.823002 1574.436035 216.053162
v  57.403000 1534.436035 209.746155
v  346.329010 1534.436035 907.275208
v  346.329010 1574.436035 907.275208
v  57.403000 1574.436035 209.746155
v  75.000000 1534.436035 201.068176
v  452.500000 1534.436035 854.917175
v  452.500000 1574.436035 854.917175
v  75.000000 1574.436035 201.068176
v  91.314003 1534.436035 190.167160
v  550.929016 1534.436035 789.149170
v  550.929016 1574.436035 789.149170
v  91.314003 1574.436035 190.167145
v  106.066002 1534.436035 177.230164
v  639.932007 1534.436035 711.096191
v  639.932007 1574.436035 711.096191
v  106.066002 1574.436035 177.230164
v  119.002998 1534.436035 162.478165
v  717.984985 1534.436035 622.093201
v  717.984985 1574.436035 622.093201
v  119.002998 1574.436035 162.478149
v  129.904007 1534.436035 146.164154
v  783.752991 1534.436035 523.664124
v  783.752991 1574.436035 523.664124
v  129.904007 1574.436035 146.164154
v  138.582001 1534.436035 128.567154
v  836.111023 1534.436035 417.493164
v  836.111023 1574.436035 417.493164
v  138.582001 1574.436035 128.567154
v  144.889008 1534.436035 109.987160
v  874.163025 1534.436035 305.395172
v  874.163025 1574.436035 305.395172
v  144.889008 1574.436035 109.987160
v  148.716995 1534.436035 90.743164
v  897.257996 1534.436035 189.290161
v  897.257996 1574.436035 189.290161
v  148.716995 1574.436035 90.743156
v  300.000000 1528.436035 71.164162
v  320.000000 1528.436035 71.164162
v  320.000000 1534.436035 71.164162
v  300.000000 1534.436035 71.164162
v  297.433014 1528.436035 32.006157
v  317.261993 1528.436035 29.396156
v  317.261993 1534.436035 29.396156
v  297.433014 1534.436035 32.006157
v  289.778015 1528.436035 -6.481842
v  309.096008 1528.436035 -11.657837
v  309.096008 1534.436035 -11.657837
v  289.778015 1534.436035 -6.481842
v  277.164001 1528.436035 -43.640839
v  295.640991 1528.436035 -51.294838
v  295.640991 1534.436035 -51.294838
v  277.164001 1534.436035 -43.640839
v  259.808014 1528.436035 -78.835838
v  277.127991 1528.436035 -88.835838
v  277.127991 1534.436035 -88.835838
v  259.808014 1534.436035 -78.835838
v  238.005997 1528.436035 -111.463844
v  253.873001 1528.436035 -123.639839
v  253.873001 1534.436035 -123.639839
v  238.005997 1534.436035 -111.463844
v  212.132004 1528.436035 -140.967834
v  226.274002 1528.436035 -155.109833
v  226.274002 1534.436035 -155.109833
v  212.132004 1534.436035 -140.967834
v  182.628006 1528.436035 -166.841827
v  194.804001 1528.436035 -182.708832
v  194.804001 1534.436035 -182.708832
v  182.628006 1534.436035 -166.841827
v  150.000000 1528.436035 -188.643860
v  160.000000 1528.436035 -205.963837
v  160.000000 1534.436035 -205.963837
v  150.000000 1534.436035 -188.643860
v  114.805000 1528.436035 -205.999847
v  122.459000 1528.436035 -224.476837
v  122.459000 1534.436035 -224.476837
v  114.805000 1534.436035 -205.999847
v  77.646004 1528.436035 -218.613861
v  82.821999 1528.436035 -237.931854
v  82.821999 1534.436035 -237.931854
v  77.646004 1534.436035 -218.613861
v  39.158001 1528.436035 -226.268860
v  41.768002 1528.436035 -246.097839
v  41.768002 1534.436035 -246.097839
v  39.158001 1534.436035 -226.268860
v  0.000000 1528.436035 -228.835846
v  0.000000 1528.436035 -248.835846
v  0.000000 1534.436035 -248.835846
v  0.000000 1534.436035 -228.835846
v  -39.158001 1528.436035 -226.268860
v  -41.768002 1528.436035 -246.097839
v  -41.768002 1534.436035 -246.097839
v  -39.158001 1534.436035 -226.268860
v  -77.646004 1528.436035 -218.613861
v  -82.821999 1528.436035 -237.931854
v  -82.821999 1534.436035 -237.931854
v  -77.646004 1534.436035 -218.613861
v  -114.805000 1528.436035 -205.999847
v  -122.459000 1528.436035 -224.476837
v  -122.459000 1534.436035 -224.476837
v  -114.805000 1534.436035 -205.999847
v  -150.000000 1528.436035 -188.643860
v  -160.000000 1528.436035 -205.963837
v  -160.000000 1534.436035 -205.963837
v  -150.000000 1534.436035 -188.643860
v  -182.628006 1528.436035 -166.841827
v  -194.804001 1528.436035 -182.708832
v  -194.804001 1534.436035 -182.708832
v  -182.628006 1534.436035 -166.841827
v  -212.132004 1528.436035 -140.967834
v  -226.274002 1528.436035 -155.109833
v  -226.274002 1534.436035 -155.109833
v  -212.132004 1534.436035 -140.967834
v  -238.005997 1528.436035 -111.463844
v  -253.873001 1528.436035 -123.639839
v  -253.873001 1534.436035 -123.639839
v  -238.005997 1534.436035 -111.463844
v  -259.808014 1528.436035 -78.835838
v  -277.127991 1528.436035 -88.835838
v  -277.127991 1534.436035 -88.835838
v  -259.808014 1534.436035 -78.835838
v  -277.164001 1528.436035 -43.640839
v  -295.640991 1528.436035 -51.294838
v  -295.640991 1534.436035 -51.294838
v  -277.164001 1534.436035 -43.640839
v  -289.778015 1528.436035 -6.481842
v  -309.096008 1528.436035 -11.657837
v  -309.096008 1534.436035 -11.657837
v  -289.778015 1534.436035 -6.481842
v  -297.433014 1528.436035 32.006157
v  -317.261993 1528.436035 29.396156
v  -317.261993 1534.436035 29.396156
v  -297.433014 1534.436035 32.006157
v  -300.000000 1528.436035 71.164162
v  -320.000000 1528.436035 71.164162
v  -320.000000 1534.436035 71.164162
v  -300.000000 1534.436035 71.164162
v  -297.433014 1528.436035 110.322159
v  -317.261993 1528.436035 112.932159
v  -317.261993 1534.436035 112.932159
v  -297.433014 1534.436035 110.322159
v  -289.778015 1528.436035 148.810165
v  -309.096008 1528.436035 153.986160
v  -309.096008 1534.436035 153.986160
v  -289.778015 1534.436035 148.810165
v  -277.164001 1528.436035 185.969162
v  -295.640991 1528.436035 193.623169
v  -295.640991 1534.436035 193.623169
v  -277.164001 1534.436035 185.969162
v  -259.808014 1528.436035 221.164154
v  -277.127991 1528.436035 231.164154
v  -277.127991 1534.436035 231.164154
v  -259.808014 1534.436035 221.164154
v  -238.005997 1528.436035 253.792175
v  -253.873001 1528.436035 265.968170
v  -253.873001 1534.436035 265.968170
v  -238.005997 1534.436035 253.792175
v  -212.132004 1528.436035 283.296173
v  -226.274002 1528.436035 297.438171
v  -226.274002 1534.436035 297.438171
v  -212.132004 1534.436035 283.296173
v  -182.628006 1528.436035 309.170166
v  -194.804001 1528.436035 325.037170
v  -194.804001 1534.436035 325.037170
v  -182.628006 1534.436035 309.170166
v  -150.000000 1528.436035 330.972168
v  -160.000000 1528.436035 348.292145
v  -160.000000 1534.436035 348.292145
v  -150.000000 1534.436035 330.972168
v  -114.805000 1528.436035 348.328156
v  -122.459000 1528.436035 366.805145
v  -122.459000 1534.436035 366.805145
v  -114.805000 1534.436035 348.328156
v  -77.646004 1528.436035 360.942169
v  -82.821999 1528.436035 380.260162
v  -82.821999 1534.436035 380.260162
v  -77.646004 1534.436035 360.942169
v  -39.158001 1528.436035 368.597168
v  -41.768002 1528.436035 388.426147
v  -41.768002 1534.436035 388.426147
v  -39.158001 1534.436035 368.597168
v  0.000000 1528.436035 371.164154
v  0.000000 1528.436035 391.164154
v  0.000000 1534.436035 391.164154
v  0.000000 1534.436035 371.164154
v  39.158001 1528.436035 368.597168
v  41.768002 1528.436035 388.426147
v  41.768002 1534.436035 388.426147
v  39.158001 1534.436035 368.597168
v  77.646004 1528.436035 360.942169
v  82.821999 1528.436035 380.260162
v  82.821999 1534.436035 380.260162
v  77.646004 1534.436035 360.942169
v  114.805000 1528.436035 348.328156
v  122.459000 1528.436035 366.805145
v  122.459000 1534.436035 366.805145
v  114.805000 1534.436035 348.328156
v  150.000000 1528.436035 330.972168
v  160.000000 1528.436035 348.292145
v  160.000000 1534.436035 348.292145
v  150.000000 1534.436035 330.972168
v  182.628006 1528.436035 309.170166
v  194.804001 1528.436035 325.037170
v  194.804001 1534.436035 325.037170
v  182.628006 1534.436035 309.170166
v  212.132004 1528.436035 283.296173
v  226.274002 1528.436035 297.438171
v  226.274002 1534.436035 297.438171
v  212.132004 1534.436035 283.296173
v  238.005997 1528.436035 253.792175
v  253.873001 1528.436035 265.968170
v  253.873001 1534.436035 265.968170
v  238.005997 1534.436035 253.792175
v  259.808014 1528.436035 221.164154
v  277.127991 1528.436035 231.164154
v  277.127991 1534.436035 231.164154
v  259.808014 1534.436035 221.164154
v  277.164001 1528.436035 185.969162
v  295.640991 1528.436035 193.623169
v  295.640991 1534.436035 193.623169
v  277.164001 1534.436035 185.969162
v  289.778015 1528.436035 148.810165
v  309.096008 1528.436035 153.986160
v  309.096008 1534.436035 153.986160
v  289.778015 1534.436035 148.810165
v  297.433014 1528.436035 110.322159
v  317.261993 1528.436035 112.932159
v  317.261993 1534.436035 112.932159
v  297.433014 1534.436035 110.322159
v  822.898987 1134.436035 -37.172821
v  842.728027 1134.436035 -39.782822
v  842.728027 1174.436035 -39.782822
v  822.898987 1174.436035 -37.172821
v  801.718018 1134.436035 -143.655823
v  821.036987 1134.436035 -148.831818
v  821.036987 1174.436035 -148.831818
v  801.718018 1174.436035 -143.655823
v  766.820007 1134.436035 -246.462830
v  785.297974 1134.436035 -254.116821
v  785.297974 1174.436035 -254.116821
v  766.820007 1174.436035 -246.462830
v  718.801025 1134.436035 -343.835815
v  736.122009 1134.436035 -353.835815
v  736.122009 1174.436035 -353.835815
v  718.801025 1174.436035 -343.835815
v  658.482971 1134.436035 -434.107819
v  674.349976 1134.436035 -446.282837
v  674.349976 1174.436035 -446.282837
v  658.482971 1174.436035 -434.107819
v  822.898987 1504.436035 -37.172836
v  842.728027 1504.436035 -39.782837
v  842.728027 1534.436035 -39.782837
v  822.898987 1534.436035 -37.172836
v  801.718018 1504.436035 -143.655853
v  821.036987 1504.436035 -148.831848
v  821.036987 1534.436035 -148.831848
v  801.718018 1534.436035 -143.655853
v  766.820007 1504.436035 -246.462860
v  785.297974 1504.436035 -254.116852
v  785.297974 1534.436035 -254.116852
v  766.820007 1534.436035 -246.462860
v  718.801025 1504.436035 -343.835846
v  736.122009 1504.436035 -353.835846
v  736.122009 1534.436035 -353.835846
v  718.801025 1534.436035 -343.835846
v  658.482971 1504.436035 -434.107849
v  674.349976 1504.436035 -446.282837
v  674.349976 1534.436035 -446.282837
v  658.482971 1534.436035 -434.107849
v  505.272003 1134.436035 -587.318787
v  517.447021 1134.436035 -603.185791
v  517.447021 1174.436035 -603.185791
v  505.272003 1174.436035 -587.318787
v  415.000000 1134.436035 -647.636841
v  425.000000 1134.436035 -664.957825
v  425.000000 1174.436035 -664.957825
v  415.000000 1174.436035 -647.636841
v  317.627014 1134.436035 -695.655823
v  325.281006 1134.436035 -714.133789
v  325.281006 1174.436035 -714.133789
v  317.627014 1174.436035 -695.655823
v  214.820007 1134.436035 -730.553833
v  219.996002 1134.436035 -749.872803
v  219.996002 1174.436035 -749.872803
v  214.820007 1174.436035 -730.553833
v  108.336998 1134.436035 -751.734802
v  110.946999 1134.436035 -771.563843
v  110.946999 1174.436035 -771.563843
v  108.336998 1174.436035 -751.734802
v  505.272003 1504.436035 -587.318787
v  517.447021 1504.436035 -603.185791
v  517.447021 1534.436035 -603.185791
v  505.272003 1534.436035 -587.318787
v  415.000000 1504.436035 -647.636841
v  425.000000 1504.436035 -664.957825
v  425.000000 1534.436035 -664.957825
v  415.000000 1534.436035 -647.636841
v  317.627014 1504.436035 -695.655823
v  325.281006 1504.436035 -714.133789
v  325.281006 1534.436035 -714.133789
v  317.627014 1534.436035 -695.655823
v  214.820007 1504.436035 -730.553833
v  219.996002 1504.436035 -749.872803
v  219.996002 1534.436035 -749.872803
v  214.820007 1534.436035 -730.553833
v  108.336998 1504.436035 -751.734802
v  110.946999 1504.436035 -771.563843
v  110.946999 1534.436035 -771.563843
v  108.336998 1534.436035 -751.734802
v  -108.336998 1134.436035 -751.734802
v  -110.946999 1134.436035 -771.563843
v  -110.946999 1174.436035 -771.563843
v  -108.336998 1174.436035 -751.734802
v  -214.820007 1134.436035 -730.553833
v  -219.996002 1134.436035 -749.872803
v  -219.996002 1174.436035 -749.872803
v  -214.820007 1174.436035 -730.553833
v  -317.627014 1134.436035 -695.655823
v  -325.281006 1134.436035 -714.133789
v  -325.281006 1174.436035 -714.133789
v  -317.627014 1174.436035 -695.655823
v  -415.000000 1134.436035 -647.636841
v  -425.000000 1134.436035 -664.957825
v  -425.000000 1174.436035 -664.957825
v  -415.000000 1174.436035 -647.636841
v  -505.272003 1134.436035 -587.318787
v  -517.447021 1134.436035 -603.185791
v  -517.447021 1174.436035 -603.185791
v  -505.272003 1174.436035 -587.318787
v  -108.336998 1504.436035 -751.734802
v  -110.946999 1504.436035 -771.563843
v  -110.946999 1534.436035 -771.563843
v  -108.336998 1534.436035 -751.734802
v  -214.820007 1504.436035 -730.553833
v  -219.996002 1504.436035 -749.872803
v  -219.996002 1534.436035 -749.872803
v  -214.820007 1534.436035 -730.553833
v  -317.627014 1504.436035 -695.655823
v  -325.281006 1504.436035 -714.133789
v  -325.281006 1534.436035 -714.133789
v  -317.627014 1534.436035 -695.655823
v  -415.000000 1504.436035 -647.636841
v  -425.000000 1504.436035 -664.957825
v  -425.000000 1534.436035 -664.957825
v  -415.000000 1534.436035 -647.636841
v  -505.272003 1504.436035 -587.318787
v  -517.447021 1504.436035 -603.185791
v  -517.447021 1534.436035 -603.185791
v  -505.272003 1534.436035 -587.318787
v  -658.482971 1134.436035 -434.107819
v  -674.349976 1134.436035 -446.282837
v  -674.349976 1174.436035 -446.282837
v  -658.482971 1174.436035 -434.107819
v  -718.801025 1134.436035 -343.835815
v  -736.122009 1134.436035 -353.835815
v  -736.122009 1174.436035 -353.835815
v  -718.801025 1174.436035 -343.835815
v  -766.820007 1134.436035 -246.462830
v  -785.297974 1134.436035 -254.116821
v  -785.297974 1174.436035 -254.116821
v  -766.820007 1174.436035 -246.462830
v  -801.718018 1134.436035 -143.655823
v  -821.036987 1134.436035 -148.831818
v  -821.036987 1174.436035 -148.831818
v  -801.718018 1174.436035 -143.655823
v  -822.898987 1134.436035 -37.172821
v  -842.728027 1134.436035 -39.782822
v  -842.728027 1174.436035 -39.782822
v  -822.898987 1174.436035 -37.172821
v  -658.482971 1504.436035 -434.107849
v  -674.349976 1504.436035 -446.282837
v  -674.349976 1534.436035 -446.282837
v  -658.482971 1534.436035 -434.107849
v  -718.801025 1504.436035 -343.835846
v  -736.122009 1504.436035 -353.835846
v  -736.122009 1534.436035 -353.835846
v  -718.801025 1534.436035 -343.835846
v  -766.820007 1504.436035 -246.462860
v  -785.297974 1504.436035 -254.116852
v  -785.297974 1534.436035 -254.116852
v  -766.820007 1534.436035 -246.462860
v  -801.718018 1504.436035 -143.655853
v  -821.036987 1504.436035 -148.831848
v  -821.036987 1534.436035 -148.831848
v  -801.718018 1534.436035 -143.655853
v  -822.898987 1504.436035 -37.172836
v  -842.728027 1504.436035 -39.782837
v  -842.728027 1534.436035 -39.782837
v  -822.898987 1534.436035 -37.172836
v  -822.898987 1134.436035 179.501175
v  -842.728027 1134.436035 182.111176
v  -842.728027 1174.436035 182.111176
v  -822.898987 1174.436035 179.501175
v  -801.718018 1134.436035 285.984192
v  -821.036987 1134.436035 291.160187
v  -821.036987 1174.436035 291.160187
v  -801.718018 1174.436035 285.984192
v  -766.820007 1134.436035 388.791199
v  -785.297974 1134.436035 396.445190
v  -785.297974 1174.436035 396.445190
v  -766.820007 1174.436035 388.791199
v  -718.801025 1134.436035 486.164185
v  -736.122009 1134.436035 496.164185
v  -736.122009 1174.436035 496.164185
v  -718.801025 1174.436035 486.164185
v  -658.482971 1134.436035 576.436157
v  -674.349976 1134.436035 588.611206
v  -674.349976 1174.436035 588.611206
v  -658.482971 1174.436035 576.436157
v  -822.898987 1504.436035 179.501160
v  -842.728027 1504.436035 182.111160
v  -842.728027 1534.436035 182.111160
v  -822.898987 1534.436035 179.501160
v  -801.718018 1504.436035 285.984161
v  -821.036987 1504.436035 291.160156
v  -821.036987 1534.436035 291.160156
v  -801.718018 1534.436035 285.984161
v  -766.820007 1504.436035 388.791168
v  -785.297974 1504.436035 396.445160
v  -785.297974 1534.436035 396.445160
v  -766.820007 1534.436035 388.791168
v  -718.801025 1504.436035 486.164154
v  -736.122009 1504.436035 496.164154
v  -736.122009 1534.436035 496.164154
v  -718.801025 1534.436035 486.164154
v  -658.482971 1504.436035 576.436157
v  -674.349976 1504.436035 588.611206
v  -674.349976 1534.436035 588.611206
v  -658.482971 1534.436035 576.436157
v  -505.272003 1134.436035 729.647156
v  -517.447021 1134.436035 745.514160
v  -517.447021 1174.436035 745.514160
v  -505.272003 1174.436035 729.647156
v  -415.000000 1134.436035 789.965210
v  -425.000000 1134.436035 807.286194
v  -425.000000 1174.436035 807.286194
v  -415.000000 1174.436035 789.965210
v  -317.627014 1134.436035 837.984192
v  -325.281006 1134.436035 856.462158
v  -325.281006 1174.436035 856.462158
v  -317.627014 1174.436035 837.984192
v  -214.820007 1134.436035 872.882202
v  -219.996002 1134.436035 892.201172
v  -219.996002 1174.436035 892.201172
v  -214.820007 1174.436035 872.882202
v  -108.336998 1134.436035 894.063171
v  -110.946999 1134.436035 913.892212
v  -110.946999 1174.436035 913.892212
v  -108.336998 1174.436035 894.063171
v  -505.272003 1504.436035 729.647156
v  -517.447021 1504.436035 745.514160
v  -517.447021 1534.436035 745.514160
v  -505.272003 1534.436035 729.647156
v  -415.000000 1504.436035 789.965210
v  -425.000000 1504.436035 807.286194
v  -425.000000 1534.436035 807.286194
v  -415.000000 1534.436035 789.965210
v  -317.627014 1504.436035 837.984192
v  -325.281006 1504.436035 856.462158
v  -325.281006 1534.436035 856.462158
v  -317.627014 1534.436035 837.984192
v  -214.820007 1504.436035 872.882202
v  -219.996002 1504.436035 892.201172
v  -219.996002 1534.436035 892.201172
v  -214.820007 1534.436035 872.882202
v  -108.336998 1504.436035 894.063171
v  -110.946999 1504.436035 913.892212
v  -110.946999 1534.436035 913.892212
v  -108.336998 1534.436035 894.063171
v  108.336998 1134.436035 894.063171
v  110.946999 1134.436035 913.892212
v  110.946999 1174.436035 913.892212
v  108.336998 1174.436035 894.063171
v  214.820007 1134.436035 872.882202
v  219.996002 1134.436035 892.201172
v  219.996002 1174.436035 892.201172
v  214.820007 1174.436035 872.882202
v  317.627014 1134.436035 837.984192
v  325.281006 1134.436035 856.462158
v  325.281006 1174.436035 856.462158
v  317.627014 1174.436035 837.984192
v  415.000000 1134.436035 789.965210
v  425.000000 1134.436035 807.286194
v  425.000000 1174.436035 807.286194
v  415.000000 1174.436035 789.965210
v  505.272003 1134.436035 729.647156
v  517.447021 1134.436035 745.514160
v  517.447021 1174.436035 745.514160
v  505.272003 1174.436035 729.647156
v  108.336998 1504.436035 894.063171
v  110.946999 1504.436035 913.892212
v  110.946999 1534.436035 913.892212
v  108.336998 1534.436035 894.063171
v  214.820007 1504.436035 872.882202
v  219.996002 1504.436035 892.201172
v  219.996002 1534.436035 892.201172
v  214.820007 1534.436035 872.882202
v  317.627014 1504.436035 837.984192
v  325.281006 1504.436035 856.462158
v  325.281006 1534.436035 856.462158
v  317.627014 1534.436035 837.984192
v  415.000000 1504.436035 789.965210
v  425.000000 1504.436035 807.286194
v  425.000000 1534.436035 807.286194
v  415.000000 1534.436035 789.965210
v  505.272003 1504.436035 729.647156
v  517.447021 1504.436035 745.514160
v  517.447021 1534.436035 745.514160
v  505.272003 1534.436035 729.647156
v  658.482971 1134.436035 576.436157
v  674.349976 1134.436035 588.611206
v  674.349976 1174.436035 588.611206
v  658.482971 1174.436035 576.436157
v  718.801025 1134.436035 486.164185
v  736.122009 1134.436035 496.164185
v  736.122009 1174.436035 496.164185
v  718.801025 1174.436035 486.164185
v  766.820007 1134.436035 388.791199
v  785.297974 1134.436035 396.445190
v  785.297974 1174.436035 396.445190
v  766.820007 1174.436035 388.791199
v  801.718018 1134.436035 285.984192
v  821.036987 1134.436035 291.160187
v  821.036987 1174.436035 291.160187
v  801.718018 1174.436035 285.984192
v  822.898987 1134.436035 179.501175
v  842.728027 1134.436035 182.111176
v  842.728027 1174.436035 182.111176
v  822.898987 1174.436035 179.501175
v  658.482971 1504.436035 576.436157
v  674.349976 1504.436035 588.611206
v  674.349976 1534.436035 588.611206
v  658.482971 1534.436035 576.436157
v  718.801025 1504.436035 486.164154
v  736.122009 1504.436035 496.164154
v  736.122009 1534.436035 496.164154
v  718.801025 1534.436035 486.164154
v  766.820007 1504.436035 388.791168
v  785.297974 1504.436035 396.445160
v  785.297974 1534.436035 396.445160
v  766.820007 1534.436035 388.791168
v  801.718018 1504.436035 285.984161
v  821.036987 1504.436035 291.160156
v  821.036987 1534.436035 291.160156
v  801.718018 1534.436035 285.984161
v  822.898987 1504.436035 179.501160
v  842.728027 1504.436035 182.111160
v  842.728027 1534.436035 182.111160
v  822.898987 1534.436035 179.501160
v  842.728027 1134.436035 -39.782822
v  892.299988 1134.436035 -46.309822
v  892.299988 1534.436035 -46.309837
v  842.728027 1534.436035 -39.782837
v  821.036987 1134.436035 -148.831818
v  869.333008 1134.436035 -161.772827
v  869.333008 1534.436035 -161.772827
v  821.036987 1534.436035 -148.831848
v  785.297974 1134.436035 -254.116821
v  831.492004 1134.436035 -273.250824
v  831.492004 1534.436035 -273.250854
v  785.297974 1534.436035 -254.116852
v  736.122009 1134.436035 -353.835815
v  779.422974 1134.436035 -378.835815
v  779.422974 1534.436035 -378.835846
v  736.122009 1534.436035 -353.835846
v  674.349976 1134.436035 -446.282837
v  714.018005 1134.436035 -476.720825
v  714.018005 1534.436035 -476.720825
v  674.349976 1534.436035 -446.282837
v  517.447021 1134.436035 -603.185791
v  547.885010 1134.436035 -642.853821
v  547.885010 1534.436035 -642.853821
v  517.447021 1534.436035 -603.185791
v  425.000000 1134.436035 -664.957825
v  450.000000 1134.436035 -708.258789
v  450.000000 1534.436035 -708.258789
v  425.000000 1534.436035 -664.957825
v  325.281006 1134.436035 -714.133789
v  344.415009 1134.436035 -760.327820
v  344.415009 1534.436035 -760.327820
v  325.281006 1534.436035 -714.133789
v  219.996002 1134.436035 -749.872803
v  232.936996 1134.436035 -798.168823
v  232.936996 1534.436035 -798.168823
v  219.996002 1534.436035 -749.872803
v  110.946999 1134.436035 -771.563843
v  117.473999 1134.436035 -821.135803
v  117.473999 1534.436035 -821.135803
v  110.946999 1534.436035 -771.563843
v  -110.946999 1134.436035 -771.563843
v  -117.473999 1134.436035 -821.135803
v  -117.473999 1534.436035 -821.135803
v  -110.946999 1534.436035 -771.563843
v  -219.996002 1134.436035 -749.872803
v  -232.936996 1134.436035 -798.168823
v  -232.936996 1534.436035 -798.168823
v  -219.996002 1534.436035 -749.872803
v  -325.281006 1134.436035 -714.133789
v  -344.415009 1134.436035 -760.327820
v  -344.415009 1534.436035 -760.327820
v  -325.281006 1534.436035 -714.133789
v  -425.000000 1134.436035 -664.957825
v  -450.000000 1134.436035 -708.258789
v  -450.000000 1534.436035 -708.258789
v  -425.000000 1534.436035 -664.957825
v  -517.447021 1134.436035 -603.185791
v  -547.885010 1134.436035 -642.853821
v  -547.885010 1534.436035 -642.853821
v  -517.447021 1534.436035 -603.185791
v  -674.349976 1134.436035 -446.282837
v  -714.018005 1134.436035 -476.720825
v  -714.018005 1534.436035 -476.720825
v  -674.349976 1534.436035 -446.282837
v  -736.122009 1134.436035 -353.835815
v  -779.422974 1134.436035 -378.835815
v  -779.422974 1534.436035 -378.835846
v  -736.122009 1534.436035 -353.835846
v  -785.297974 1134.436035 -254.116821
v  -831.492004 1134.436035 -273.250824
v  -831.492004 1534.436035 -273.250854
v  -785.297974 1534.436035 -254.116852
v  -821.036987 1134.436035 -148.831818
v  -869.333008 1134.436035 -161.772827
v  -869.333008 1534.436035 -161.772827
v  -821.036987 1534.436035 -148.831848
v  -842.728027 1134.436035 -39.782822
v  -892.299988 1134.436035 -46.309822
v  -892.299988 1534.436035 -46.309837
v  -842.728027 1534.436035 -39.782837
v  -842.728027 1134.436035 182.111176
v  -892.299988 1134.436035 188.638184
v  -892.299988 1534.436035 188.638153
v  -842.728027 1534.436035 182.111160
v  -821.036987 1134.436035 291.160187
v  -869.333008 1134.436035 304.101166
v  -869.333008 1534.436035 304.101166
v  -821.036987 1534.436035 291.160156
v  -785.297974 1134.436035 396.445190
v  -831.492004 1134.436035 415.579193
v  -831.492004 1534.436035 415.579163
v  -785.297974 1534.436035 396.445160
v  -736.122009 1134.436035 496.164185
v  -779.422974 1134.436035 521.164185
v  -779.422974 1534.436035 521.164124
v  -736.122009 1534.436035 496.164154
v  -674.349976 1134.436035 588.611206
v  -714.018005 1134.436035 619.049194
v  -714.018005 1534.436035 619.049194
v  -674.349976 1534.436035 588.611206
v  -517.447021 1134.436035 745.514160
v  -547.885010 1134.436035 785.182190
v  -547.885010 1534.436035 785.182190
v  -517.447021 1534.436035 745.514160
v  -425.000000 1134.436035 807.286194
v  -450.000000 1134.436035 850.587158
v  -450.000000 1534.436035 850.587158
v  -425.000000 1534.436035 807.286194
v  -325.281006 1134.436035 856.462158
v  -344.415009 1134.436035 902.656189
v  -344.415009 1534.436035 902.656189
v  -325.281006 1534.436035 856.462158
v  -219.996002 1134.436035 892.201172
v  -232.936996 1134.436035 940.497192
v  -232.936996 1534.436035 940.497192
v  -219.996002 1534.436035 892.201172
v  -110.946999 1134.436035 913.892212
v  -117.473999 1134.436035 963.464172
v  -117.473999 1534.436035 963.464172
v  -110.946999 1534.436035 913.892212
v  110.946999 1134.436035 913.892212
v  117.473999 1134.436035 963.464172
v  117.473999 1534.436035 963.464172
v  110.946999 1534.436035 913.892212
v  219.996002 1134.436035 892.201172
v  232.936996 1134.436035 940.497192
v  232.936996 1534.436035 940.497192
v  219.996002 1534.436035 892.201172
v  325.281006 1134.436035 856.462158
v  344.415009 1134.436035 902.656189
v  344.415009 1534.436035 902.656189
v  325.281006 1534.436035 856.462158
v  425.000000 1134.436035 807.286194
v  450.000000 1134.436035 850.587158
v  450.000000 1534.436035 850.587158
v  425.000000 1534.436035 807.286194
v  517.447021 1134.436035 745.514160
v  547.885010 1134.436035 785.182190
v  547.885010 1534.436035 785.182190
v  517.447021 1534.436035 745.514160
v  674.349976 1134.436035 588.611206
v  714.018005 1134.436035 619.049194
v  714.018005 1534.436035 619.049194
v  674.349976 1534.436035 588.611206
v  736.122009 1134.436035 496.164185
v  779.422974 1134.436035 521.164185
v  779.422974 1534.436035 521.164124
v  736.122009 1534.436035 496.164154
v  785.297974 1134.436035 396.445190
v  831.492004 1134.436035 415.579193
v  831.492004 1534.436035 415.579163
v  785.297974 1534.436035 396.445160
v  821.036987 1134.436035 291.160187
v  869.333008 1134.436035 304.101166
v  869.333008 1534.436035 304.101166
v  821.036987 1534.436035 291.160156
v  842.728027 1134.436035 182.111176
v  892.299988 1134.436035 188.638184
v  892.299988 1534.436035 188.638153
v  842.728027 1534.436035 182.111160
v  -2500.000000 1134.436157 2571.164062
v  -2200.000000 1134.436157 2571.164062
v  -2200.000000 1134.436157 2271.164062
v  -2500.000000 1134.436157 2271.164062
v  -2500.000000 1594.436157 2571.164062
v  -2200.000000 1594.436157 2571.164062
v  -2200.000000 1594.436157 2271.164062
v  -2500.000000 1594.436157 2271.164062
v  2200.000000 1134.436157 2571.164062
v  2500.000000 1134.436157 2571.164062
v  2500.000000 1134.436157 2271.164062
v  2200.000000 1134.436157 2271.164062
v  2200.000000 1594.436157 2571.164062
v  2500.000000 1594.436157 2571.164062
v  2500.000000 1594.436157 2271.164062
v  2200.000000 1594.436157 2271.164062
v  2200.000000 1134.435913 -2128.835938
v  2500.000000 1134.435913 -2128.835938
v  2500.000000 1134.435913 -2428.835938
v  2200.000000 1134.435913 -2428.835938
v  2200.000000 1594.435913 -2128.835938
v  2500.000000 1594.435913 -2128.835938
v  2500.000000 1594.435913 -2428.835938
v  2200.000000 1594.435913 -2428.835938
v  -2500.000000 1134.435913 -2128.835938
v  -2200.000000 1134.435913 -2128.835938
v  -2200.000000 1134.435913 -2428.835938
v  -2500.000000 1134.435913 -2428.835938
v  -2500.000000 1594.435913 -2128.835938
v  -2200.000000 1594.435913 -2128.835938
v  -2200.000000 1594.435913 -2428.835938
v  -2500.000000 1594.435913 -2428.835938
v  880.000000 1134.436035 221.164185
v  1205.000000 1134.436035 221.164185
v  1205.000000 1134.436035 -78.835823
v  880.000000 1134.436035 -78.835823
v  880.000000 1144.436035 221.164185
v  1205.000000 1144.436035 221.164185
v  1205.000000 1144.436035 -78.835823
v  880.000000 1144.436035 -78.835823
v  895.000000 1144.436035 221.164185
v  1205.000000 1144.436035 221.164185
v  1205.000000 1144.436035 191.164185
v  895.000000 1144.436035 191.164185
v  895.000000 1424.436035 221.164154
v  1205.000000 1424.436035 221.164154
v  1205.000000 1424.436035 191.164154
v  895.000000 1424.436035 191.164154
v  895.000000 1144.436035 -48.835823
v  1205.000000 1144.436035 -48.835823
v  1205.000000 1144.436035 -78.835823
v  895.000000 1144.436035 -78.835823
v  895.000000 1424.436035 -48.835838
v  1205.000000 1424.436035 -48.835838
v  1205.000000 1424.436035 -78.835838
v  895.000000 1424.436035 -78.835838
v  895.000000 1394.436035 221.164154
v  1205.000000 1394.436035 221.164154
v  1205.000000 1394.436035 -78.835838
v  895.000000 1394.436035 -78.835838
v  895.000000 1424.436035 221.164154
v  1205.000000 1424.436035 221.164154
v  1205.000000 1424.436035 -78.835838
v  895.000000 1424.436035 -78.835838
v  895.000000 1390.436035 131.164169
v  1200.000000 1390.436035 131.164169
v  1200.000000 1390.436035 11.164165
v  895.000000 1390.436035 11.164165
v  895.000000 1394.436035 131.164169
v  1200.000000 1394.436035 131.164169
v  1200.000000 1394.436035 11.164165
v  895.000000 1394.436035 11.164165
v  728.320007 1134.436035 -445.023804
v  958.130005 1134.436035 -674.833801
v  745.997986 1134.436035 -886.965820
v  516.187988 1134.436035 -657.155823
v  728.320007 1144.436035 -445.023804
v  958.130005 1144.436035 -674.833801
v  745.997986 1144.436035 -886.965820
v  516.187988 1144.436035 -657.155823
v  738.927002 1144.436035 -455.630798
v  958.130005 1144.436035 -674.833801
v  936.916016 1144.436035 -696.046814
v  717.713013 1144.436035 -476.843811
v  738.927002 1424.436035 -455.630798
v  958.130005 1424.436035 -674.833801
v  936.916016 1424.436035 -696.046814
v  717.713013 1424.436035 -476.843811
v  548.007996 1144.436035 -646.548828
v  767.210999 1144.436035 -865.751831
v  745.997986 1144.436035 -886.965820
v  526.794983 1144.436035 -667.762817
v  548.007996 1424.436035 -646.548828
v  767.210999 1424.436035 -865.751831
v  745.997986 1424.436035 -886.965820
v  526.794983 1424.436035 -667.762817
v  738.927002 1394.436035 -455.630798
v  958.130005 1394.436035 -674.833801
v  745.997986 1394.436035 -886.965820
v  526.794983 1394.436035 -667.762817
v  738.927002 1424.436035 -455.630798
v  958.130005 1424.436035 -674.833801
v  745.997986 1424.436035 -886.965820
v  526.794983 1424.436035 -667.762817
v  675.286987 1390.436035 -519.269836
v  890.955017 1390.436035 -734.937805
v  806.101990 1390.436035 -819.790833
v  590.434021 1390.436035 -604.122803
v  675.286987 1394.436035 -519.269836
v  890.955017 1394.436035 -734.937805
v  806.101990 1394.436035 -819.790833
v  590.434021 1394.436035 -604.122803
v  150.000000 1134.436035 -808.835815
v  150.000000 1134.436035 -1133.835815
v  -150.000000 1134.436035 -1133.835815
v  -150.000000 1134.436035 -808.835815
v  150.000000 1144.436035 -808.835815
v  150.000000 1144.436035 -1133.835815
v  -150.000000 1144.436035 -1133.835815
v  -150.000000 1144.436035 -808.835815
v  150.000000 1144.436035 -823.835815
v  150.000000 1144.436035 -1133.835815
v  120.000000 1144.436035 -1133.835815
v  120.000000 1144.436035 -823.835815
v  150.000000 1424.436035 -823.835815
v  150.000000 1424.436035 -1133.835815
v  120.000000 1424.436035 -1133.835815
v  120.000000 1424.436035 -823.835815
v  -120.000000 1144.436035 -823.835815
v  -120.000000 1144.436035 -1133.835815
v  -150.000000 1144.436035 -1133.835815
v  -150.000000 1144.436035 -823.835815
v  -120.000000 1424.436035 -823.835815
v  -120.000000 1424.436035 -1133.835815
v  -150.000000 1424.436035 -1133.835815
v  -150.000000 1424.436035 -823.835815
v  150.000000 1394.436035 -823.835815
v  150.000000 1394.436035 -1133.835815
v  -150.000000 1394.436035 -1133.835815
v  -150.000000 1394.436035 -823.835815
v  150.000000 1424.436035 -823.835815
v  150.000000 1424.436035 -1133.835815
v  -150.000000 1424.436035 -1133.835815
v  -150.000000 1424.436035 -823.835815
v  60.000000 1390.436035 -823.835815
v  60.000000 1390.436035 -1128.835815
v  -60.000000 1390.436035 -1128.835815
v  -60.000000 1390.436035 -823.835815
v  60.000000 1394.436035 -823.835815
v  60.000000 1394.436035 -1128.835815
v  -60.000000 1394.436035 -1128.835815
v  -60.000000 1394.436035 -823.835815
v  -516.187988 1134.436035 -657.155823
v  -745.997986 1134.436035 -886.965820
v  -958.130005 1134.436035 -674.833801
v  -728.320007 1134.436035 -445.023804
v  -516.187988 1144.436035 -657.155823
v  -745.997986 1144.436035 -886.965820
v  -958.130005 1144.436035 -674.833801
v  -728.320007 1144.436035 -445.023804
v  -526.794983 1144.436035 -667.762817
v  -745.997986 1144.436035 -886.965820
v  -767.210999 1144.436035 -865.751831
v  -548.007996 1144.436035 -646.548828
v  -526.794983 1424.436035 -667.762817
v  -745.997986 1424.436035 -886.965820
v  -767.210999 1424.436035 -865.751831
v  -548.007996 1424.436035 -646.548828
v  -717.713013 1144.436035 -476.843811
v  -936.916016 1144.436035 -696.046814
v  -958.130005 1144.436035 -674.833801
v  -738.927002 1144.436035 -455.630798
v  -717.713013 1424.436035 -476.843811
v  -936.916016 1424.436035 -696.046814
v  -958.130005 1424.436035 -674.833801
v  -738.927002 1424.436035 -455.630798
v  -526.794983 1394.436035 -667.762817
v  -745.997986 1394.436035 -886.965820
v  -958.130005 1394.436035 -674.833801
v  -738.927002 1394.436035 -455.630798
v  -526.794983 1424.436035 -667.762817
v  -745.997986 1424.436035 -886.965820
v  -958.130005 1424.436035 -674.833801
v  -738.927002 1424.436035 -455.630798
v  -590.434021 1390.436035 -604.122803
v  -806.101990 1390.436035 -819.790833
v  -890.955017 1390.436035 -734.937805
v  -675.286987 1390.436035 -519.269836
v  -590.434021 1394.436035 -604.122803
v  -806.101990 1394.436035 -819.790833
v  -890.955017 1394.436035 -734.937805
v  -675.286987 1394.436035 -519.269836
v  -880.000000 1134.436035 -78.835823
v  -1205.000000 1134.436035 -78.835823
v  -1205.000000 1134.436035 221.164185
v  -880.000000 1134.436035 221.164185
v  -880.000000 1144.436035 -78.835823
v  -1205.000000 1144.436035 -78.835823
v  -1205.000000 1144.436035 221.164185
v  -880.000000 1144.436035 221.164185
v  -895.000000 1144.436035 -78.835823
v  -1205.000000 1144.436035 -78.835823
v  -1205.000000 1144.436035 -48.835823
v  -895.000000 1144.436035 -48.835823
v  -895.000000 1424.436035 -78.835838
v  -1205.000000 1424.436035 -78.835838
v  -1205.000000 1424.436035 -48.835838
v  -895.000000 1424.436035 -48.835838
v  -895.000000 1144.436035 191.164185
v  -1205.000000 1144.436035 191.164185
v  -1205.000000 1144.436035 221.164185
v  -895.000000 1144.436035 221.164185
v  -895.000000 1424.436035 191.164154
v  -1205.000000 1424.436035 191.164154
v  -1205.000000 1424.436035 221.164154
v  -895.000000 1424.436035 221.164154
v  -895.000000 1394.436035 -78.835838
v  -1205.000000 1394.436035 -78.835838
v  -1205.000000 1394.436035 221.164154
v  -895.000000 1394.436035 221.164154
v  -895.000000 1424.436035 -78.835838
v  -1205.000000 1424.436035 -78.835838
v  -1205.000000 1424.436035 221.164154
v  -895.000000 1424.436035 221.164154
v  -895.000000 1390.436035 11.164165
v  -1200.000000 1390.436035 11.164165
v  -1200.000000 1390.436035 131.164169
v  -895.000000 1390.436035 131.164169
v  -895.000000 1394.436035 11.164165
v  -1200.000000 1394.436035 11.164165
v  -1200.000000 1394.436035 131.164169
v  -895.000000 1394.436035 131.164169
v  -728.320007 1134.436035 587.352173
v  -958.130005 1134.436035 817.162170
v  -745.997986 1134.436035 1029.294189
v  -516.187988 1134.436035 799.484192
v  -728.320007 1144.436035 587.352173
v  -958.130005 1144.436035 817.162170
v  -745.997986 1144.436035 1029.294189
v  -516.187988 1144.436035 799.484192
v  -738.927002 1144.436035 597.959167
v  -958.130005 1144.436035 817.162170
v  -936.916016 1144.436035 838.375183
v  -717.713013 1144.436035 619.172180
v  -738.927002 1424.436035 597.959167
v  -958.130005 1424.436035 817.162170
v  -936.916016 1424.436035 838.375183
v  -717.713013 1424.436035 619.172180
v  -548.007996 1144.436035 788.877197
v  -767.210999 1144.436035 1008.080200
v  -745.997986 1144.436035 1029.294189
v  -526.794983 1144.436035 810.091187
v  -548.007996 1424.436035 788.877197
v  -767.210999 1424.436035 1008.080200
v  -745.997986 1424.436035 1029.294189
v  -526.794983 1424.436035 810.091187
v  -738.927002 1394.436035 597.959167
v  -958.130005 1394.436035 817.162170
v  -745.997986 1394.436035 1029.294189
v  -526.794983 1394.436035 810.091187
v  -738.927002 1424.436035 597.959167
v  -958.130005 1424.436035 817.162170
v  -745.997986 1424.436035 1029.294189
v  -526.794983 1424.436035 810.091187
v  -675.286987 1390.436035 661.598206
v  -890.955017 1390.436035 877.266174
v  -806.101990 1390.436035 962.119202
v  -590.434021 1390.436035 746.451172
v  -675.286987 1394.436035 661.598206
v  -890.955017 1394.436035 877.266174
v  -806.101990 1394.436035 962.119202
v  -590.434021 1394.436035 746.451172
v  -150.000000 1134.436035 951.164185
v  -150.000000 1134.436035 1276.164185
v  150.000000 1134.436035 1276.164185
v  150.000000 1134.436035 951.164185
v  -150.000000 1144.436035 951.164185
v  -150.000000 1144.436035 1276.164185
v  150.000000 1144.436035 1276.164185
v  150.000000 1144.436035 951.164185
v  -150.000000 1144.436035 966.164185
v  -150.000000 1144.436035 1276.164185
v  -120.000000 1144.436035 1276.164185
v  -120.000000 1144.436035 966.164185
v  -150.000000 1424.436035 966.164185
v  -150.000000 1424.436035 1276.164185
v  -120.000000 1424.436035 1276.164185
v  -120.000000 1424.436035 966.164185
v  120.000000 1144.436035 966.164185
v  120.000000 1144.436035 1276.164185
v  150.000000 1144.436035 1276.164185
v  150.000000 1144.436035 966.164185
v  120.000000 1424.436035 966.164185
v  120.000000 1424.436035 1276.164185
v  150.000000 1424.436035 1276.164185
v  150.000000 1424.436035 966.164185
v  -150.000000 1394.436035 966.164185
v  -150.000000 1394.436035 1276.164185
v  150.000000 1394.436035 1276.164185
v  150.000000 1394.436035 966.164185
v  -150.000000 1424.436035 966.164185
v  -150.000000 1424.436035 1276.164185
v  150.000000 1424.436035 1276.164185
v  150.000000 1424.436035 966.164185
v  -60.000000 1390.436035 966.164185
v  -60.000000 1390.436035 1271.164185
v  60.000000 1390.436035 1271.164185
v  60.000000 1390.436035 966.164185
v  -60.000000 1394.436035 966.164185
v  -60.000000 1394.436035 1271.164185
v  60.000000 1394.436035 1271.164185
v  60.000000 1394.436035 966.164185
v  516.187988 1134.436035 799.484192
v  745.997986 1134.436035 1029.294189
v  958.130005 1134.436035 817.162170
v  728.320007 1134.436035 587.352173
v  516.187988 1144.436035 799.484192
v  745.997986 1144.436035 1029.294189
v  958.130005 1144.436035 817.162170
v  728.320007 1144.436035 587.352173
v  526.794983 1144.436035 810.091187
v  745.997986 1144.436035 1029.294189
v  767.210999 1144.436035 1008.080200
v  548.007996 1144.436035 788.877197
v  526.794983 1424.436035 810.091187
v  745.997986 1424.436035 1029.294189
v  767.210999 1424.436035 1008.080200
v  548.007996 1424.436035 788.877197
v  717.713013 1144.436035 619.172180
v  936.916016 1144.436035 838.375183
v  958.130005 1144.436035 817.162170
v  738.927002 1144.436035 597.959167
v  717.713013 1424.436035 619.172180
v  936.916016 1424.436035 838.375183
v  958.130005 1424.436035 817.162170
v  738.927002 1424.436035 597.959167
v  526.794983 1394.436035 810.091187
v  745.997986 1394.436035 1029.294189
v  958.130005 1394.436035 817.162170
v  738.927002 1394.436035 597.959167
v  526.794983 1424.436035 810.091187
v  745.997986 1424.436035 1029.294189
v  958.130005 1424.436035 817.162170
v  738.927002 1424.436035 597.959167
v  590.434021 1390.436035 746.451172
v  806.101990 1390.436035 962.119202
v  890.955017 1390.436035 877.266174
v  675.286987 1390.436035 661.598206
v  590.434021 1394.436035 746.451172
v  806.101990 1394.436035 962.119202
v  890.955017 1394.436035 877.266174
v  675.286987 1394.436035 661.598206
v  -215.000000 1134.436157 2571.164062
v  -200.000000 1134.436157 2571.164062
v  -200.000000 1134.436157 2531.164062
v  -215.000000 1134.436157 2531.164062
v  -215.000000 1434.436157 2571.164062
v  -200.000000 1434.436157 2571.164062
v  -200.000000 1434.436157 2531.164062
v  -215.000000 1434.436157 2531.164062
v  200.000000 1134.436157 2571.164062
v  215.000000 1134.436157 2571.164062
v  215.000000 1134.436157 2531.164062
v  200.000000 1134.436157 2531.164062
v  200.000000 1434.436157 2571.164062
v  215.000000 1434.436157 2571.164062
v  215.000000 1434.436157 2531.164062
v  200.000000 1434.436157 2531.164062
v  -215.000000 1434.436157 2571.164062
v  215.000000 1434.436157 2571.164062
v  215.000000 1434.436157 2531.164062
v  -215.000000 1434.436157 2531.164062
v  -215.000000 1454.436157 2571.164062
v  215.000000 1454.436157 2571.164062
v  215.000000 1454.436157 2531.164062
v  -215.000000 1454.436157 2531.164062
v  -200.000000 1430.436157 2571.164062
v  200.000000 1430.436157 2571.164062
v  200.000000 1430.436157 2565.164062
v  -200.000000 1430.436157 2565.164062
v  -200.000000 1434.436157 2571.164062
v  200.000000 1434.436157 2571.164062
v  200.000000 1434.436157 2565.164062
v  -200.000000 1434.436157 2565.164062
v  -300.000000 1104.436157 2671.164062
v  300.000000 1104.436157 2671.164062
v  300.000000 1104.436157 2571.164062
v  -300.000000 1104.436157 2571.164062
v  -300.000000 1134.436157 2671.164062
v  300.000000 1134.436157 2671.164062
v  300.000000 1134.436157 2571.164062
v  -300.000000 1134.436157 2571.164062
v  -300.000000 1134.436157 2671.164062
v  -270.000000 1134.436157 2671.164062
v  -270.000000 1134.436157 2571.164062
v  -300.000000 1134.436157 2571.164062
v  -300.000000 1142.436157 2671.164062
v  -270.000000 1142.436157 2671.164062
v  -270.000000 1142.436157 2571.164062
v  -300.000000 1142.436157 2571.164062
v  270.000000 1134.436157 2671.164062
v  300.000000 1134.436157 2671.164062
v  300.000000 1134.436157 2571.164062
v  270.000000 1134.436157 2571.164062
v  270.000000 1142.436157 2671.164062
v  300.000000 1142.436157 2671.164062
v  300.000000 1142.436157 2571.164062
v  270.000000 1142.436157 2571.164062
v  900.000000 1134.436035 71.164177
v  960.000000 1134.436035 71.164177
v  960.000000 1139.436035 71.164177
v  900.000000 1139.436035 71.164177
v  898.072998 1134.436035 12.301178
v  957.945007 1134.436035 8.377178
v  957.945007 1139.436035 8.377178
v  898.072998 1139.436035 12.301178
v  892.299988 1134.436035 -46.309822
v  951.786987 1134.436035 -54.140823
v  951.786987 1139.436035 -54.140823
v  892.299988 1139.436035 -46.309822
v  882.706970 1134.436035 -104.416817
v  941.554016 1134.436035 -116.122826
v  941.554016 1139.436035 -116.122826
v  882.706970 1139.436035 -104.416817
v  869.333008 1134.436035 -161.772827
v  927.289001 1134.436035 -177.301819
v  927.289001 1139.436035 -177.301819
v  869.333008 1139.436035 -161.772827
v  852.237000 1134.436035 -218.131805
v  909.052979 1134.436035 -237.417816
v  909.052979 1139.436035 -237.417816
v  852.237000 1139.436035 -218.131805
v  831.492004 1134.436035 -273.250824
v  886.924011 1134.436035 -296.211823
v  886.924011 1139.436035 -296.211823
v  831.492004 1139.436035 -273.250824
v  807.184998 1134.436035 -326.895813
v  860.997986 1134.436035 -353.432800
v  860.997986 1139.436035 -353.432800
v  807.184998 1139.436035 -326.895813
v  779.422974 1134.436035 -378.835815
v  831.383972 1134.436035 -408.835815
v  831.383972 1139.436035 -408.835815
v  779.422974 1139.436035 -378.835815
v  748.322998 1134.436035 -428.848816
v  798.210999 1134.436035 -462.182800
v  798.210999 1139.436035 -462.182800
v  748.322998 1139.436035 -428.848816
v  714.018005 1134.436035 -476.720825
v  761.619019 1134.436035 -513.246826
v  761.619019 1139.436035 -513.246826
v  714.018005 1139.436035 -476.720825
v  676.656006 1134.436035 -522.246826
v  721.765991 1134.436035 -561.807800
v  721.765991 1139.436035 -561.807800
v  676.656006 1139.436035 -522.246826
v  636.395996 1134.436035 -565.231812
v  678.822998 1134.436035 -607.658813
v  678.822998 1139.436035 -607.658813
v  636.395996 1139.436035 -565.231812
v  593.411011 1134.436035 -605.491821
v  632.971985 1134.436035 -650.601807
v  632.971985 1139.436035 -650.601807
v  593.411011 1139.436035 -605.491821
v  547.885010 1134.436035 -642.853821
v  584.411011 1134.436035 -690.454834
v  584.411011 1139.436035 -690.454834
v  547.885010 1139.436035 -642.853821
v  500.013000 1134.436035 -677.158813
v  533.346985 1134.436035 -727.046814
v  533.346985 1139.436035 -727.046814
v  500.013000 1139.436035 -677.158813
v  450.000000 1134.436035 -708.258789
v  480.000000 1134.436035 -760.219788
v  480.000000 1139.436035 -760.219788
v  450.000000 1139.436035 -708.258789
v  398.059998 1134.436035 -736.020813
v  424.596985 1134.436035 -789.833801
v  424.596985 1139.436035 -789.833801
v  398.059998 1139.436035 -736.020813
v  344.415009 1134.436035 -760.327820
v  367.376007 1134.436035 -815.759827
v  367.376007 1139.436035 -815.759827
v  344.415009 1139.436035 -760.327820
v  289.295990 1134.436035 -781.072815
v  308.582001 1134.436035 -837.888794
v  308.582001 1139.436035 -837.888794
v  289.295990 1139.436035 -781.072815
v  232.936996 1134.436035 -798.168823
v  248.466003 1134.436035 -856.124817
v  248.466003 1139.436035 -856.124817
v  232.936996 1139.436035 -798.168823
v  175.580994 1134.436035 -811.542786
v  187.287003 1134.436035 -870.389832
v  187.287003 1139.436035 -870.389832
v  175.580994 1139.436035 -811.542786
v  117.473999 1134.436035 -821.135803
v  125.305000 1134.436035 -880.622803
v  125.305000 1139.436035 -880.622803
v  117.473999 1139.436035 -821.135803
v  58.862999 1134.436035 -826.908813
v  62.786999 1134.436035 -886.780823
v  62.786999 1139.436035 -886.780823
v  58.862999 1139.436035 -826.908813
v  0.000000 1134.436035 -828.835815
v  0.000000 1134.436035 -888.835815
v  0.000000 1139.436035 -888.835815
v  0.000000 1139.436035 -828.835815
v  -58.862999 1134.436035 -826.908813
v  -62.786999 1134.436035 -886.780823
v  -62.786999 1139.436035 -886.780823
v  -58.862999 1139.436035 -826.908813
v  -117.473999 1134.436035 -821.135803
v  -125.305000 1134.436035 -880.622803
v  -125.305000 1139.436035 -880.622803
v  -117.473999 1139.436035 -821.135803
v  -175.580994 1134.436035 -811.542786
v  -187.287003 1134.436035 -870.389832
v  -187.287003 1139.436035 -870.389832
v  -175.580994 1139.436035 -811.542786
v  -232.936996 1134.436035 -798.168823
v  -248.466003 1134.436035 -856.124817
v  -248.466003 1139.436035 -856.124817
v  -232.936996 1139.436035 -798.168823
v  -289.295990 1134.436035 -781.072815
v  -308.582001 1134.436035 -837.888794
v  -308.582001 1139.436035 -837.888794
v  -289.295990 1139.436035 -781.072815
v  -344.415009 1134.436035 -760.327820
v  -367.376007 1134.436035 -815.759827
v  -367.376007 1139.436035 -815.759827
v  -344.415009 1139.436035 -760.327820
v  -398.059998 1134.436035 -736.020813
v  -424.596985 1134.436035 -789.833801
v  -424.596985 1139.436035 -789.833801
v  -398.059998 1139.436035 -736.020813
v  -450.000000 1134.436035 -708.258789
v  -480.000000 1134.436035 -760.219788
v  -480.000000 1139.436035 -760.219788
v  -450.000000 1139.436035 -708.258789
v  -500.013000 1134.436035 -677.158813
v  -533.346985 1134.436035 -727.046814
v  -533.346985 1139.436035 -727.046814
v  -500.013000 1139.436035 -677.158813
v  -547.885010 1134.436035 -642.853821
v  -584.411011 1134.436035 -690.454834
v  -584.411011 1139.436035 -690.454834
v  -547.885010 1139.436035 -642.853821
v  -593.411011 1134.436035 -605.491821
v  -632.971985 1134.436035 -650.601807
v  -632.971985 1139.436035 -650.601807
v  -593.411011 1139.436035 -605.491821
v  -636.395996 1134.436035 -565.231812
v  -678.822998 1134.436035 -607.658813
v  -678.822998 1139.436035 -607.658813
v  -636.395996 1139.436035 -565.231812
v  -676.656006 1134.436035 -522.246826
v  -721.765991 1134.436035 -561.807800
v  -721.765991 1139.436035 -561.807800
v  -676.656006 1139.436035 -522.246826
v  -714.018005 1134.436035 -476.720825
v  -761.619019 1134.436035 -513.246826
v  -761.619019 1139.436035 -513.246826
v  -714.018005 1139.436035 -476.720825
v  -748.322998 1134.436035 -428.848816
v  -798.210999 1134.436035 -462.182800
v  -798.210999 1139.436035 -462.182800
v  -748.322998 1139.436035 -428.848816
v  -779.422974 1134.436035 -378.835815
v  -831.383972 1134.436035 -408.835815
v  -831.383972 1139.436035 -408.835815
v  -779.422974 1139.436035 -378.835815
v  -807.184998 1134.436035 -326.895813
v  -860.997986 1134.436035 -353.432800
v  -860.997986 1139.436035 -353.432800
v  -807.184998 1139.436035 -326.895813
v  -831.492004 1134.436035 -273.250824
v  -886.924011 1134.436035 -296.211823
v  -886.924011 1139.436035 -296.211823
v  -831.492004 1139.436035 -273.250824
v  -852.237000 1134.436035 -218.131805
v  -909.052979 1134.436035 -237.417816
v  -909.052979 1139.436035 -237.417816
v  -852.237000 1139.436035 -218.131805
v  -869.333008 1134.436035 -161.772827
v  -927.289001 1134.436035 -177.301819
v  -927.289001 1139.436035 -177.301819
v  -869.333008 1139.436035 -161.772827
v  -882.706970 1134.436035 -104.416817
v  -941.554016 1134.436035 -116.122826
v  -941.554016 1139.436035 -116.122826
v  -882.706970 1139.436035 -104.416817
v  -892.299988 1134.436035 -46.309822
v  -951.786987 1134.436035 -54.140823
v  -951.786987 1139.436035 -54.140823
v  -892.299988 1139.436035 -46.309822
v  -898.072998 1134.436035 12.301178
v  -957.945007 1134.436035 8.377178
v  -957.945007 1139.436035 8.377178
v  -898.072998 1139.436035 12.301178
v  -900.000000 1134.436035 71.164177
v  -960.000000 1134.436035 71.164177
v  -960.000000 1139.436035 71.164177
v  -900.000000 1139.436035 71.164177
v  -898.072998 1134.436035 130.027176
v  -957.945007 1134.436035 133.951172
v  -957.945007 1139.436035 133.951172
v  -898.072998 1139.436035 130.027176
v  -892.299988 1134.436035 188.638184
v  -951.786987 1134.436035 196.469177
v  -951.786987 1139.436035 196.469177
v  -892.299988 1139.436035 188.638184
v  -882.706970 1134.436035 246.745178
v  -941.554016 1134.436035 258.451172
v  -941.554016 1139.436035 258.451172
v  -882.706970 1139.436035 246.745178
v  -869.333008 1134.436035 304.101166
v  -927.289001 1134.436035 319.630188
v  -927.289001 1139.436035 319.630188
v  -869.333008 1139.436035 304.101166
v  -852.237000 1134.436035 360.460175
v  -909.052979 1134.436035 379.746185
v  -909.052979 1139.436035 379.746185
v  -852.237000 1139.436035 360.460175
v  -831.492004 1134.436035 415.579193
v  -886.924011 1134.436035 438.540192
v  -886.924011 1139.436035 438.540192
v  -831.492004 1139.436035 415.579193
v  -807.184998 1134.436035 469.224182
v  -860.997986 1134.436035 495.761169
v  -860.997986 1139.436035 495.761169
v  -807.184998 1139.436035 469.224182
v  -779.422974 1134.436035 521.164185
v  -831.383972 1134.436035 551.164185
v  -831.383972 1139.436035 551.164185
v  -779.422974 1139.436035 521.164185
v  -748.322998 1134.436035 571.177185
v  -798.210999 1134.436035 604.511169
v  -798.210999 1139.436035 604.511169
v  -748.322998 1139.436035 571.177185
v  -714.018005 1134.436035 619.049194
v  -761.619019 1134.436035 655.575195
v  -761.619019 1139.436035 655.575195
v  -714.018005 1139.436035 619.049194
v  -676.656006 1134.436035 664.575195
v  -721.765991 1134.436035 704.136169
v  -721.765991 1139.436035 704.136169
v  -676.656006 1139.436035 664.575195
v  -636.395996 1134.436035 707.560181
v  -678.822998 1134.436035 749.987183
v  -678.822998 1139.436035 749.987183
v  -636.395996 1139.436035 707.560181
v  -593.411011 1134.436035 747.820190
v  -632.971985 1134.436035 792.930176
v  -632.971985 1139.436035 792.930176
v  -593.411011 1139.436035 747.820190
v  -547.885010 1134.436035 785.182190
v  -584.411011 1134.436035 832.783203
v  -584.411011 1139.436035 832.783203
v  -547.885010 1139.436035 785.182190
v  -500.013000 1134.436035 819.487183
v  -533.346985 1134.436035 869.375183
v  -533.346985 1139.436035 869.375183
v  -500.013000 1139.436035 819.487183
v  -450.000000 1134.436035 850.587158
v  -480.000000 1134.436035 902.548157
v  -480.000000 1139.436035 902.548157
v  -450.000000 1139.436035 850.587158
v  -398.059998 1134.436035 878.349182
v  -424.596985 1134.436035 932.162170
v  -424.596985 1139.436035 932.162170
v  -398.059998 1139.436035 878.349182
v  -344.415009 1134.436035 902.656189
v  -367.376007 1134.436035 958.088196
v  -367.376007 1139.436035 958.088196
v  -344.415009 1139.436035 902.656189
v  -289.295990 1134.436035 923.401184
v  -308.582001 1134.436035 980.217163
v  -308.582001 1139.436035 980.217163
v  -289.295990 1139.436035 923.401184
v  -232.936996 1134.436035 940.497192
v  -248.466003 1134.436035 998.453186
v  -248.466003 1139.436035 998.453186
v  -232.936996 1139.436035 940.497192
v  -175.580994 1134.436035 953.871155
v  -187.287003 1134.436035 1012.718201
v  -187.287003 1139.436035 1012.718201
v  -175.580994 1139.436035 953.871155
v  -117.473999 1134.436035 963.464172
v  -125.305000 1134.436035 1022.951172
v  -125.305000 1139.436035 1022.951172
v  -117.473999 1139.436035 963.464172
v  -58.862999 1134.436035 969.237183
v  -62.786999 1134.436035 1029.109131
v  -62.786999 1139.436035 1029.109131
v  -58.862999 1139.436035 969.237183
v  0.000000 1134.436035 971.164185
v  0.000000 1134.436035 1031.164185
v  0.000000 1139.436035 1031.164185
v  0.000000 1139.436035 971.164185
v  58.862999 1134.436035 969.237183
v  62.786999 1134.436035 1029.109131
v  62.786999 1139.436035 1029.109131
v  58.862999 1139.436035 969.237183
v  117.473999 1134.436035 963.464172
v  125.305000 1134.436035 1022.951172
v  125.305000 1139.436035 1022.951172
v  117.473999 1139.436035 963.464172
v  175.580994 1134.436035 953.871155
v  187.287003 1134.436035 1012.718201
v  187.287003 1139.436035 1012.718201
v  175.580994 1139.436035 953.871155
v  232.936996 1134.436035 940.497192
v  248.466003 1134.436035 998.453186
v  248.466003 1139.436035 998.453186
v  232.936996 1139.436035 940.497192
v  289.295990 1134.436035 923.401184
v  308.582001 1134.436035 980.217163
v  308.582001 1139.436035 980.217163
v  289.295990 1139.436035 923.401184
v  344.415009 1134.436035 902.656189
v  367.376007 1134.436035 958.088196
v  367.376007 1139.436035 958.088196
v  344.415009 1139.436035 902.656189
v  398.059998 1134.436035 878.349182
v  424.596985 1134.436035 932.162170
v  424.596985 1139.436035 932.162170
v  398.059998 1139.436035 878.349182
v  450.000000 1134.436035 850.587158
v  480.000000 1134.436035 902.548157
v  480.000000 1139.436035 902.548157
v  450.000000 1139.436035 850.587158
v  500.013000 1134.436035 819.487183
v  533.346985 1134.436035 869.375183
v  533.346985 1139.436035 869.375183
v  500.013000 1139.436035 819.487183
v  547.885010 1134.436035 785.182190
v  584.411011 1134.436035 832.783203
v  584.411011 1139.436035 832.783203
v  547.885010 1139.436035 785.182190
v  593.411011 1134.436035 747.820190
v  632.971985 1134.436035 792.930176
v  632.971985 1139.436035 792.930176
v  593.411011 1139.436035 747.820190
v  636.395996 1134.436035 707.560181
v  678.822998 1134.436035 749.987183
v  678.822998 1139.436035 749.987183
v  636.395996 1139.436035 707.560181
v  676.656006 1134.436035 664.575195
v  721.765991 1134.436035 704.136169
v  721.765991 1139.436035 704.136169
v  676.656006 1139.436035 664.575195
v  714.018005 1134.436035 619.049194
v  761.619019 1134.436035 655.575195
v  761.619019 1139.436035 655.575195
v  714.018005 1139.436035 619.049194
v  748.322998 1134.436035 571.177185
v  798.210999 1134.436035 604.511169
v  798.210999 1139.436035 604.511169
v  748.322998 1139.436035 571.177185
v  779.422974 1134.436035 521.164185
v  831.383972 1134.436035 551.164185
v  831.383972 1139.436035 551.164185
v  779.422974 1139.436035 521.164185
v  807.184998 1134.436035 469.224182
v  860.997986 1134.436035 495.761169
v  860.997986 1139.436035 495.761169
v  807.184998 1139.436035 469.224182
v  831.492004 1134.436035 415.579193
v  886.924011 1134.436035 438.540192
v  886.924011 1139.436035 438.540192
v  831.492004 1139.436035 415.579193
v  852.237000 1134.436035 360.460175
v  909.052979 1134.436035 379.746185
v  909.052979 1139.436035 379.746185
v  852.237000 1139.436035 360.460175
v  869.333008 1134.436035 304.101166
v  927.289001 1134.436035 319.630188
v  927.289001 1139.436035 319.630188
v  869.333008 1139.436035 304.101166
v  882.706970 1134.436035 246.745178
v  941.554016 1134.436035 258.451172
v  941.554016 1139.436035 258.451172
v  882.706970 1139.436035 246.745178
v  892.299988 1134.436035 188.638184
v  951.786987 1134.436035 196.469177
v  951.786987 1139.436035 196.469177
v  892.299988 1139.436035 188.638184
v  898.072998 1134.436035 130.027176
v  957.945007 1134.436035 133.951172
v  957.945007 1139.436035 133.951172
v  898.072998 1139.436035 130.027176
v  960.000000 1134.436035 71.164177
v  975.000000 1134.436035 71.164177
v  975.000000 1139.436035 71.164177
v  960.000000 1139.436035 71.164177
v  957.945007 1134.436035 8.377178
v  972.911987 1134.436035 7.396175
v  972.911987 1139.436035 7.396175
v  957.945007 1139.436035 8.377178
v  951.786987 1134.436035 -54.140823
v  966.658997 1134.436035 -56.098824
v  966.658997 1139.436035 -56.098824
v  951.786987 1139.436035 -54.140823
v  941.554016 1134.436035 -116.122826
v  956.265991 1134.436035 -119.048820
v  956.265991 1139.436035 -119.048820
v  941.554016 1139.436035 -116.122826
v  927.289001 1134.436035 -177.301819
v  941.778015 1134.436035 -181.184814
v  941.778015 1139.436035 -181.184814
v  927.289001 1139.436035 -177.301819
v  909.052979 1134.436035 -237.417816
v  923.257019 1134.436035 -242.238831
v  923.257019 1139.436035 -242.238831
v  909.052979 1139.436035 -237.417816
v  886.924011 1134.436035 -296.211823
v  900.783020 1134.436035 -301.951813
v  900.783020 1139.436035 -301.951813
v  886.924011 1139.436035 -296.211823
v  860.997986 1134.436035 -353.432800
v  874.450989 1134.436035 -360.066803
v  874.450989 1139.436035 -360.066803
v  860.997986 1139.436035 -353.432800
v  831.383972 1134.436035 -408.835815
v  844.375000 1134.436035 -416.335815
v  844.375000 1139.436035 -416.335815
v  831.383972 1139.436035 -408.835815
v  798.210999 1134.436035 -462.182800
v  810.682983 1134.436035 -470.516846
v  810.682983 1139.436035 -470.516846
v  798.210999 1139.436035 -462.182800
v  761.619019 1134.436035 -513.246826
v  773.520020 1134.436035 -522.377808
v  773.520020 1139.436035 -522.377808
v  761.619019 1139.436035 -513.246826
v  721.765991 1134.436035 -561.807800
v  733.044006 1134.436035 -571.697815
v  733.044006 1139.436035 -571.697815
v  721.765991 1139.436035 -561.807800
v  678.822998 1134.436035 -607.658813
v  689.429016 1134.436035 -618.264832
v  689.429016 1139.436035 -618.264832
v  678.822998 1139.436035 -607.658813
v  632.971985 1134.436035 -650.601807
v  642.862000 1134.436035 -661.879822
v  642.862000 1139.436035 -661.879822
v  632.971985 1139.436035 -650.601807
v  584.411011 1134.436035 -690.454834
v  593.541992 1134.436035 -702.355835
v  593.541992 1139.436035 -702.355835
v  584.411011 1139.436035 -690.454834
v  533.346985 1134.436035 -727.046814
v  541.681030 1134.436035 -739.518799
v  541.681030 1139.436035 -739.518799
v  533.346985 1139.436035 -727.046814
v  480.000000 1134.436035 -760.219788
v  487.500000 1134.436035 -773.210815
v  487.500000 1139.436035 -773.210815
v  480.000000 1139.436035 -760.219788
v  424.596985 1134.436035 -789.833801
v  431.230988 1134.436035 -803.286804
v  431.230988 1139.436035 -803.286804
v  424.596985 1139.436035 -789.833801
v  367.376007 1134.436035 -815.759827
v  373.115997 1134.436035 -829.618835
v  373.115997 1139.436035 -829.618835
v  367.376007 1139.436035 -815.759827
v  308.582001 1134.436035 -837.888794
v  313.403015 1134.436035 -852.092834
v  313.403015 1139.436035 -852.092834
v  308.582001 1139.436035 -837.888794
v  248.466003 1134.436035 -856.124817
v  252.348999 1134.436035 -870.613831
v  252.348999 1139.436035 -870.613831
v  248.466003 1139.436035 -856.124817
v  187.287003 1134.436035 -870.389832
v  190.212997 1134.436035 -885.101807
v  190.212997 1139.436035 -885.101807
v  187.287003 1139.436035 -870.389832
v  125.305000 1134.436035 -880.622803
v  127.263000 1134.436035 -895.494812
v  127.263000 1139.436035 -895.494812
v  125.305000 1139.436035 -880.622803
v  62.786999 1134.436035 -886.780823
v  63.768002 1134.436035 -901.747803
v  63.768002 1139.436035 -901.747803
v  62.786999 1139.436035 -886.780823
v  0.000000 1134.436035 -888.835815
v  0.000000 1134.436035 -903.835815
v  0.000000 1139.436035 -903.835815
v  0.000000 1139.436035 -888.835815
v  -62.786999 1134.436035 -886.780823
v  -63.768002 1134.436035 -901.747803
v  -63.768002 1139.436035 -901.747803
v  -62.786999 1139.436035 -886.780823
v  -125.305000 1134.436035 -880.622803
v  -127.263000 1134.436035 -895.494812
v  -127.263000 1139.436035 -895.494812
v  -125.305000 1139.436035 -880.622803
v  -187.287003 1134.436035 -870.389832
v  -190.212997 1134.436035 -885.101807
v  -190.212997 1139.436035 -885.101807
v  -187.287003 1139.436035 -870.389832
v  -248.466003 1134.436035 -856.124817
v  -252.348999 1134.436035 -870.613831
v  -252.348999 1139.436035 -870.613831
v  -248.466003 1139.436035 -856.124817
v  -308.582001 1134.436035 -837.888794
v  -313.403015 1134.436035 -852.092834
v  -313.403015 1139.436035 -852.092834
v  -308.582001 1139.436035 -837.888794
v  -367.376007 1134.436035 -815.759827
v  -373.115997 1134.436035 -829.618835
v  -373.115997 1139.436035 -829.618835
v  -367.376007 1139.436035 -815.759827
v  -424.596985 1134.436035 -789.833801
v  -431.230988 1134.436035 -803.286804
v  -431.230988 1139.436035 -803.286804
v  -424.596985 1139.436035 -789.833801
v  -480.000000 1134.436035 -760.219788
v  -487.500000 1134.436035 -773.210815
v  -487.500000 1139.436035 -773.210815
v  -480.000000 1139.436035 -760.219788
v  -533.346985 1134.436035 -727.046814
v  -541.681030 1134.436035 -739.518799
v  -541.681030 1139.436035 -739.518799
v  -533.346985 1139.436035 -727.046814
v  -584.411011 1134.436035 -690.454834
v  -593.541992 1134.436035 -702.355835
v  -593.541992 1139.436035 -702.355835
v  -584.411011 1139.436035 -690.454834
v  -632.971985 1134.436035 -650.601807
v  -642.862000 1134.436035 -661.879822
v  -642.862000 1139.436035 -661.879822
v  -632.971985 1139.436035 -650.601807
v  -678.822998 1134.436035 -607.658813
v  -689.429016 1134.436035 -618.264832
v  -689.429016 1139.436035 -618.264832
v  -678.822998 1139.436035 -607.658813
v  -721.765991 1134.436035 -561.807800
v  -733.044006 1134.436035 -571.697815
v  -733.044006 1139.436035 -571.697815
v  -721.765991 1139.436035 -561.807800
v  -761.619019 1134.436035 -513.246826
v  -773.520020 1134.436035 -522.377808
v  -773.520020 1139.436035 -522.377808
v  -761.619019 1139.436035 -513.246826
v  -798.210999 1134.436035 -462.182800
v  -810.682983 1134.436035 -470.516846
v  -810.682983 1139.436035 -470.516846
v  -798.210999 1139.436035 -462.182800
v  -831.383972 1134.436035 -408.835815
v  -844.375000 1134.436035 -416.335815
v  -844.375000 1139.436035 -416.335815
v  -831.383972 1139.436035 -408.835815
v  -860.997986 1134.436035 -353.432800
v  -874.450989 1134.436035 -360.066803
v  -874.450989 1139.436035 -360.066803
v  -860.997986 1139.436035 -353.432800
v  -886.924011 1134.436035 -296.211823
v  -900.783020 1134.436035 -301.951813
v  -900.783020 1139.436035 -301.951813
v  -886.924011 1139.436035 -296.211823
v  -909.052979 1134.436035 -237.417816
v  -923.257019 1134.436035 -242.238831
v  -923.257019 1139.436035 -242.238831
v  -909.052979 1139.436035 -237.417816
v  -927.289001 1134.436035 -177.301819
v  -941.778015 1134.436035 -181.184814
v  -941.778015 1139.436035 -181.184814
v  -927.289001 1139.436035 -177.301819
v  -941.554016 1134.436035 -116.122826
v  -956.265991 1134.436035 -119.048820
v  -956.265991 1139.436035 -119.048820
v  -941.554016 1139.436035 -116.122826
v  -951.786987 1134.436035 -54.140823
v  -966.658997 1134.436035 -56.098824
v  -966.658997 1139.436035 -56.098824
v  -951.786987 1139.436035 -54.140823
v  -957.945007 1134.436035 8.377178
v  -972.911987 1134.436035 7.396175
v  -972.911987 1139.436035 7.396175
v  -957.945007 1139.436035 8.377178
v  -960.000000 1134.436035 71.164177
v  -975.000000 1134.436035 71.164177
v  -975.000000 1139.436035 71.164177
v  -960.000000 1139.436035 71.164177
v  -957.945007 1134.436035 133.951172
v  -972.911987 1134.436035 134.932175
v  -972.911987 1139.436035 134.932175
v  -957.945007 1139.436035 133.951172
v  -951.786987 1134.436035 196.469177
v  -966.658997 1134.436035 198.427185
v  -966.658997 1139.436035 198.427185
v  -951.786987 1139.436035 196.469177
v  -941.554016 1134.436035 258.451172
v  -956.265991 1134.436035 261.377167
v  -956.265991 1139.436035 261.377167
v  -941.554016 1139.436035 258.451172
v  -927.289001 1134.436035 319.630188
v  -941.778015 1134.436035 323.513184
v  -941.778015 1139.436035 323.513184
v  -927.289001 1139.436035 319.630188
v  -909.052979 1134.436035 379.746185
v  -923.257019 1134.436035 384.567200
v  -923.257019 1139.436035 384.567200
v  -909.052979 1139.436035 379.746185
v  -886.924011 1134.436035 438.540192
v  -900.783020 1134.436035 444.280182
v  -900.783020 1139.436035 444.280182
v  -886.924011 1139.436035 438.540192
v  -860.997986 1134.436035 495.761169
v  -874.450989 1134.436035 502.395172
v  -874.450989 1139.436035 502.395172
v  -860.997986 1139.436035 495.761169
v  -831.383972 1134.436035 551.164185
v  -844.375000 1134.436035 558.664185
v  -844.375000 1139.436035 558.664185
v  -831.383972 1139.436035 551.164185
v  -798.210999 1134.436035 604.511169
v  -810.682983 1134.436035 612.845215
v  -810.682983 1139.436035 612.845215
v  -798.210999 1139.436035 604.511169
v  -761.619019 1134.436035 655.575195
v  -773.520020 1134.436035 664.706177
v  -773.520020 1139.436035 664.706177
v  -761.619019 1139.436035 655.575195
v  -721.765991 1134.436035 704.136169
v  -733.044006 1134.436035 714.026184
v  -733.044006 1139.436035 714.026184
v  -721.765991 1139.436035 704.136169
v  -678.822998 1134.436035 749.987183
v  -689.429016 1134.436035 760.593201
v  -689.429016 1139.436035 760.593201
v  -678.822998 1139.436035 749.987183
v  -632.971985 1134.436035 792.930176
v  -642.862000 1134.436035 804.208191
v  -642.862000 1139.436035 804.208191
v  -632.971985 1139.436035 792.930176
v  -584.411011 1134.436035 832.783203
v  -593.541992 1134.436035 844.684204
v  -593.541992 1139.436035 844.684204
v  -584.411011 1139.436035 832.783203
v  -533.346985 1134.436035 869.375183
v  -541.681030 1134.436035 881.847168
v  -541.681030 1139.436035 881.847168
v  -533.346985 1139.436035 869.375183
v  -480.000000 1134.436035 902.548157
v  -487.500000 1134.436035 915.539185
v  -487.500000 1139.436035 915.539185
v  -480.000000 1139.436035 902.548157
v  -424.596985 1134.436035 932.162170
v  -431.230988 1134.436035 945.615173
v  -431.230988 1139.436035 945.615173
v  -424.596985 1139.436035 932.162170
v  -367.376007 1134.436035 958.088196
v  -373.115997 1134.436035 971.947205
v  -373.115997 1139.436035 971.947205
v  -367.376007 1139.436035 958.088196
v  -308.582001 1134.436035 980.217163
v  -313.403015 1134.436035 994.421204
v  -313.403015 1139.436035 994.421204
v  -308.582001 1139.436035 980.217163
v  -248.466003 1134.436035 998.453186
v  -252.348999 1134.436035 1012.942200
v  -252.348999 1139.436035 1012.942200
v  -248.466003 1139.436035 998.453186
v  -187.287003 1134.436035 1012.718201
v  -190.212997 1134.436035 1027.430176
v  -190.212997 1139.436035 1027.430176
v  -187.287003 1139.436035 1012.718201
v  -125.305000 1134.436035 1022.951172
v  -127.263000 1134.436035 1037.823120
v  -127.263000 1139.436035 1037.823120
v  -125.305000 1139.436035 1022.951172
v  -62.786999 1134.436035 1029.109131
v  -63.768002 1134.436035 1044.076172
v  -63.768002 1139.436035 1044.076172
v  -62.786999 1139.436035 1029.109131
v  0.000000 1134.436035 1031.164185
v  0.000000 1134.436035 1046.164185
v  0.000000 1139.436035 1046.164185
v  0.000000 1139.436035 1031.164185
v  62.786999 1134.436035 1029.109131
v  63.768002 1134.436035 1044.076172
v  63.768002 1139.436035 1044.076172
v  62.786999 1139.436035 1029.109131
v  125.305000 1134.436035 1022.951172
v  127.263000 1134.436035 1037.823120
v  127.263000 1139.436035 1037.823120
v  125.305000 1139.436035 1022.951172
v  187.287003 1134.436035 1012.718201
v  190.212997 1134.436035 1027.430176
v  190.212997 1139.436035 1027.430176
v  187.287003 1139.436035 1012.718201
v  248.466003 1134.436035 998.453186
v  252.348999 1134.436035 1012.942200
v  252.348999 1139.436035 1012.942200
v  248.466003 1139.436035 998.453186
v  308.582001 1134.436035 980.217163
v  313.403015 1134.436035 994.421204
v  313.403015 1139.436035 994.421204
v  308.582001 1139.436035 980.217163
v  367.376007 1134.436035 958.088196
v  373.115997 1134.436035 971.947205
v  373.115997 1139.436035 971.947205
v  367.376007 1139.436035 958.088196
v  424.596985 1134.436035 932.162170
v  431.230988 1134.436035 945.615173
v  431.230988 1139.436035 945.615173
v  424.596985 1139.436035 932.162170
v  480.000000 1134.436035 902.548157
v  487.500000 1134.436035 915.539185
v  487.500000 1139.436035 915.539185
v  480.000000 1139.436035 902.548157
v  533.346985 1134.436035 869.375183
v  541.681030 1134.436035 881.847168
v  541.681030 1139.436035 881.847168
v  533.346985 1139.436035 869.375183
v  584.411011 1134.436035 832.783203
v  593.541992 1134.436035 844.684204
v  593.541992 1139.436035 844.684204
v  584.411011 1139.436035 832.783203
v  632.971985 1134.436035 792.930176
v  642.862000 1134.436035 804.208191
v  642.862000 1139.436035 804.208191
v  632.971985 1139.436035 792.930176
v  678.822998 1134.436035 749.987183
v  689.429016 1134.436035 760.593201
v  689.429016 1139.436035 760.593201
v  678.822998 1139.436035 749.987183
v  721.765991 1134.436035 704.136169
v  733.044006 1134.436035 714.026184
v  733.044006 1139.436035 714.026184
v  721.765991 1139.436035 704.136169
v  761.619019 1134.436035 655.575195
v  773.520020 1134.436035 664.706177
v  773.520020 1139.436035 664.706177
v  761.619019 1139.436035 655.575195
v  798.210999 1134.436035 604.511169
v  810.682983 1134.436035 612.845215
v  810.682983 1139.436035 612.845215
v  798.210999 1139.436035 604.511169
v  831.383972 1134.436035 551.164185
v  844.375000 1134.436035 558.664185
v  844.375000 1139.436035 558.664185
v  831.383972 1139.436035 551.164185
v  860.997986 1134.436035 495.761169
v  874.450989 1134.436035 502.395172
v  874.450989 1139.436035 502.395172
v  860.997986 1139.436035 495.761169
v  886.924011 1134.436035 438.540192
v  900.783020 1134.436035 444.280182
v  900.783020 1139.436035 444.280182
v  886.924011 1139.436035 438.540192
v  909.052979 1134.436035 379.746185
v  923.257019 1134.436035 384.567200
v  923.257019 1139.436035 384.567200
v  909.052979 1139.436035 379.746185
v  927.289001 1134.436035 319.630188
v  941.778015 1134.436035 323.513184
v  941.778015 1139.436035 323.513184
v  927.289001 1139.436035 319.630188
v  941.554016 1134.436035 258.451172
v  956.265991 1134.436035 261.377167
v  956.265991 1139.436035 261.377167
v  941.554016 1139.436035 258.451172
v  951.786987 1134.436035 196.469177
v  966.658997 1134.436035 198.427185
v  966.658997 1139.436035 198.427185
v  951.786987 1139.436035 196.469177
v  957.945007 1134.436035 133.951172
v  972.911987 1134.436035 134.932175
v  972.911987 1139.436035 134.932175
v  957.945007 1139.436035 133.951172
v  1480.000000 1134.436035 71.164177
v  1500.000000 1134.436035 71.164177
v  1500.000000 1137.436035 71.164177
v  1480.000000 1137.436035 71.164177
v  1476.831055 1134.436035 -25.632820
v  1496.787964 1134.436035 -26.940826
v  1496.787964 1137.436035 -26.940826
v  1476.831055 1137.436035 -25.632820
v  1467.338013 1134.436035 -122.014824
v  1487.166992 1134.436035 -124.624825
v  1487.166992 1137.436035 -124.624825
v  1467.338013 1137.436035 -122.014824
v  1451.562012 1134.436035 -217.569824
v  1471.177979 1134.436035 -221.470825
v  1471.177979 1137.436035 -221.470825
v  1451.562012 1137.436035 -217.569824
v  1429.569946 1134.436035 -311.887817
v  1448.889038 1134.436035 -317.064819
v  1448.889038 1137.436035 -317.064819
v  1429.569946 1137.436035 -311.887817
v  1401.457031 1134.436035 -404.565826
v  1420.395020 1134.436035 -410.994812
v  1420.395020 1137.436035 -410.994812
v  1401.457031 1137.436035 -404.565826
v  1367.342041 1134.436035 -495.206787
v  1385.818970 1134.436035 -502.860840
v  1385.818970 1137.436035 -502.860840
v  1367.342041 1137.436035 -495.206787
v  1327.371948 1134.436035 -583.422791
v  1345.308960 1134.436035 -592.268799
v  1345.308960 1137.436035 -592.268799
v  1327.371948 1137.436035 -583.422791
v  1281.718018 1134.436035 -668.835815
v  1299.037964 1134.436035 -678.835815
v  1299.037964 1137.436035 -678.835815
v  1281.718018 1137.436035 -668.835815
v  1230.574951 1134.436035 -751.079834
v  1247.203979 1134.436035 -762.190796
v  1247.203979 1137.436035 -762.190796
v  1230.574951 1137.436035 -751.079834
v  1174.162964 1134.436035 -829.802795
v  1190.030029 1134.436035 -841.977844
v  1190.030029 1137.436035 -841.977844
v  1174.162964 1137.436035 -829.802795
v  1112.723022 1134.436035 -904.667786
v  1127.760010 1134.436035 -917.854797
v  1127.760010 1137.436035 -917.854797
v  1112.723022 1137.436035 -904.667786
v  1046.517944 1134.436035 -975.353760
v  1060.660034 1134.436035 -989.495850
v  1060.660034 1137.436035 -989.495850
v  1046.517944 1137.436035 -975.353760
v  975.831970 1134.436035 -1041.558838
v  989.018982 1134.436035 -1056.595825
v  989.018982 1137.436035 -1056.595825
v  975.831970 1137.436035 -1041.558838
v  900.966980 1134.436035 -1102.998779
v  913.142029 1134.436035 -1118.865845
v  913.142029 1137.436035 -1118.865845
v  900.966980 1137.436035 -1102.998779
v  822.244019 1134.436035 -1159.410767
v  833.354980 1134.436035 -1176.039795
v  833.354980 1137.436035 -1176.039795
v  822.244019 1137.436035 -1159.410767
v  740.000000 1134.436035 -1210.553833
v  750.000000 1134.436035 -1227.873779
v  750.000000 1137.436035 -1227.873779
v  740.000000 1137.436035 -1210.553833
v  654.586975 1134.436035 -1256.207764
v  663.432983 1134.436035 -1274.144775
v  663.432983 1137.436035 -1274.144775
v  654.586975 1137.436035 -1256.207764
v  566.370972 1134.436035 -1296.177856
v  574.025024 1134.436035 -1314.654785
v  574.025024 1137.436035 -1314.654785
v  566.370972 1137.436035 -1296.177856
v  475.730011 1134.435913 -1330.292847
v  482.158997 1134.435913 -1349.230835
v  482.158997 1137.435913 -1349.230835
v  475.730011 1137.435913 -1330.292847
v  383.052002 1134.435913 -1358.405762
v  388.229004 1134.435913 -1377.724854
v  388.229004 1137.435913 -1377.724854
v  383.052002 1137.435913 -1358.405762
v  288.734009 1134.435913 -1380.397827
v  292.635010 1134.435913 -1400.013794
v  292.635010 1137.435913 -1400.013794
v  288.734009 1137.435913 -1380.397827
v  193.179001 1134.435913 -1396.173828
v  195.789001 1134.435913 -1416.002808
v  195.789001 1137.435913 -1416.002808
v  193.179001 1137.435913 -1396.173828
v  96.796997 1134.435913 -1405.666870
v  98.105003 1134.435913 -1425.623779
v  98.105003 1137.435913 -1425.623779
v  96.796997 1137.435913 -1405.666870
v  0.000000 1134.435913 -1408.835815
v  0.000000 1134.435913 -1428.835815
v  0.000000 1137.435913 -1428.835815
v  0.000000 1137.435913 -1408.835815
v  -96.796997 1134.435913 -1405.666870
v  -98.105003 1134.435913 -1425.623779
v  -98.105003 1137.435913 -1425.623779
v  -96.796997 1137.435913 -1405.666870
v  -193.179001 1134.435913 -1396.173828
v  -195.789001 1134.435913 -1416.002808
v  -195.789001 1137.435913 -1416.002808
v  -193.179001 1137.435913 -1396.173828
v  -288.734009 1134.435913 -1380.397827
v  -292.635010 1134.435913 -1400.013794
v  -292.635010 1137.435913 -1400.013794
v  -288.734009 1137.435913 -1380.397827
v  -383.052002 1134.435913 -1358.405762
v  -388.229004 1134.435913 -1377.724854
v  -388.229004 1137.435913 -1377.724854
v  -383.052002 1137.435913 -1358.405762
v  -475.730011 1134.435913 -1330.292847
v  -482.158997 1134.435913 -1349.230835
v  -482.158997 1137.435913 -1349.230835
v  -475.730011 1137.435913 -1330.292847
v  -566.370972 1134.436035 -1296.177856
v  -574.025024 1134.436035 -1314.654785
v  -574.025024 1137.436035 -1314.654785
v  -566.370972 1137.436035 -1296.177856
v  -654.586975 1134.436035 -1256.207764
v  -663.432983 1134.436035 -1274.144775
v  -663.432983 1137.436035 -1274.144775
v  -654.586975 1137.436035 -1256.207764
v  -740.000000 1134.436035 -1210.553833
v  -750.000000 1134.436035 -1227.873779
v  -750.000000 1137.436035 -1227.873779
v  -740.000000 1137.436035 -1210.553833
v  -822.244019 1134.436035 -1159.410767
v  -833.354980 1134.436035 -1176.039795
v  -833.354980 1137.436035 -1176.039795
v  -822.244019 1137.436035 -1159.410767
v  -900.966980 1134.436035 -1102.998779
v  -913.142029 1134.436035 -1118.865845
v  -913.142029 1137.436035 -1118.865845
v  -900.966980 1137.436035 -1102.998779
v  -975.831970 1134.436035 -1041.558838
v  -989.018982 1134.436035 -1056.595825
v  -989.018982 1137.436035 -1056.595825
v  -975.831970 1137.436035 -1041.558838
v  -1046.517944 1134.436035 -975.353760
v  -1060.660034 1134.436035 -989.495850
v  -1060.660034 1137.436035 -989.495850
v  -1046.517944 1137.436035 -975.353760
v  -1112.723022 1134.436035 -904.667786
v  -1127.760010 1134.436035 -917.854797
v  -1127.760010 1137.436035 -917.854797
v  -1112.723022 1137.436035 -904.667786
v  -1174.162964 1134.436035 -829.802795
v  -1190.030029 1134.436035 -841.977844
v  -1190.030029 1137.436035 -841.977844
v  -1174.162964 1137.436035 -829.802795
v  -1230.574951 1134.436035 -751.079834
v  -1247.203979 1134.436035 -762.190796
v  -1247.203979 1137.436035 -762.190796
v  -1230.574951 1137.436035 -751.079834
v  -1281.718018 1134.436035 -668.835815
v  -1299.037964 1134.436035 -678.835815
v  -1299.037964 1137.436035 -678.835815
v  -1281.718018 1137.436035 -668.835815
v  -1327.371948 1134.436035 -583.422791
v  -1345.308960 1134.436035 -592.268799
v  -1345.308960 1137.436035 -592.268799
v  -1327.371948 1137.436035 -583.422791
v  -1367.342041 1134.436035 -495.206787
v  -1385.818970 1134.436035 -502.860840
v  -1385.818970 1137.436035 -502.860840
v  -1367.342041 1137.436035 -495.206787
v  -1401.457031 1134.436035 -404.565826
v  -1420.395020 1134.436035 -410.994812
v  -1420.395020 1137.436035 -410.994812
v  -1401.457031 1137.436035 -404.565826
v  -1429.569946 1134.436035 -311.887817
v  -1448.889038 1134.436035 -317.064819
v  -1448.889038 1137.436035 -317.064819
v  -1429.569946 1137.436035 -311.887817
v  -1451.562012 1134.436035 -217.569824
v  -1471.177979 1134.436035 -221.470825
v  -1471.177979 1137.436035 -221.470825
v  -1451.562012 1137.436035 -217.569824
v  -1467.338013 1134.436035 -122.014824
v  -1487.166992 1134.436035 -124.624825
v  -1487.166992 1137.436035 -124.624825
v  -1467.338013 1137.436035 -122.014824
v  -1476.831055 1134.436035 -25.632820
v  -1496.787964 1134.436035 -26.940826
v  -1496.787964 1137.436035 -26.940826
v  -1476.831055 1137.436035 -25.632820
v  -1480.000000 1134.436035 71.164177
v  -1500.000000 1134.436035 71.164177
v  -1500.000000 1137.436035 71.164177
v  -1480.000000 1137.436035 71.164177
v  -1476.831055 1134.436035 167.961182
v  -1496.787964 1134.436035 169.269180
v  -1496.787964 1137.436035 169.269180
v  -1476.831055 1137.436035 167.961182
v  -1467.338013 1134.436035 264.343170
v  -1487.166992 1134.436035 266.953186
v  -1487.166992 1137.436035 266.953186
v  -1467.338013 1137.436035 264.343170
v  -1451.562012 1134.436035 359.898193
v  -1471.177979 1134.436035 363.799194
v  -1471.177979 1137.436035 363.799194
v  -1451.562012 1137.436035 359.898193
v  -1429.569946 1134.436035 454.216187
v  -1448.889038 1134.436035 459.393188
v  -1448.889038 1137.436035 459.393188
v  -1429.569946 1137.436035 454.216187
v  -1401.457031 1134.436035 546.894165
v  -1420.395020 1134.436035 553.323181
v  -1420.395020 1137.436035 553.323181
v  -1401.457031 1137.436035 546.894165
v  -1367.342041 1134.436035 637.535156
v  -1385.818970 1134.436035 645.189209
v  -1385.818970 1137.436035 645.189209
v  -1367.342041 1137.436035 637.535156
v  -1327.371948 1134.436035 725.751160
v  -1345.308960 1134.436035 734.597168
v  -1345.308960 1137.436035 734.597168
v  -1327.371948 1137.436035 725.751160
v  -1281.718018 1134.436035 811.164185
v  -1299.037964 1134.436035 821.164185
v  -1299.037964 1137.436035 821.164185
v  -1281.718018 1137.436035 811.164185
v  -1230.574951 1134.436035 893.408203
v  -1247.203979 1134.436035 904.519165
v  -1247.203979 1137.436035 904.519165
v  -1230.574951 1137.436035 893.408203
v  -1174.162964 1134.436035 972.131165
v  -1190.030029 1134.436035 984.306213
v  -1190.030029 1137.436035 984.306213
v  -1174.162964 1137.436035 972.131165
v  -1112.723022 1134.436035 1046.996094
v  -1127.760010 1134.436035 1060.183105
v  -1127.760010 1137.436035 1060.183105
v  -1112.723022 1137.436035 1046.996094
v  -1046.517944 1134.436035 1117.682129
v  -1060.660034 1134.436035 1131.824219
v  -1060.660034 1137.436035 1131.824219
v  -1046.517944 1137.436035 1117.682129
v  -975.831970 1134.436035 1183.887207
v  -989.018982 1134.436035 1198.924194
v  -989.018982 1137.436035 1198.924194
v  -975.831970 1137.436035 1183.887207
v  -900.966980 1134.436035 1245.327148
v  -913.142029 1134.436035 1261.194214
v  -913.142029 1137.436035 1261.194214
v  -900.966980 1137.436035 1245.327148
v  -822.244019 1134.436035 1301.739136
v  -833.354980 1134.436035 1318.368164
v  -833.354980 1137.436035 1318.368164
v  -822.244019 1137.436035 1301.739136
v  -740.000000 1134.436035 1352.882202
v  -750.000000 1134.436035 1370.202148
v  -750.000000 1137.436035 1370.202148
v  -740.000000 1137.436035 1352.882202
v  -654.586975 1134.436035 1398.536133
v  -663.432983 1134.436035 1416.473145
v  -663.432983 1137.436035 1416.473145
v  -654.586975 1137.436035 1398.536133
v  -566.370972 1134.436035 1438.506226
v  -574.025024 1134.436035 1456.983154
v  -574.025024 1137.436035 1456.983154
v  -566.370972 1137.436035 1438.506226
v  -475.730011 1134.436157 1472.621216
v  -482.158997 1134.436157 1491.559204
v  -482.158997 1137.436157 1491.559204
v  -475.730011 1137.436157 1472.621216
v  -383.052002 1134.436157 1500.734131
v  -388.229004 1134.436157 1520.053223
v  -388.229004 1137.436157 1520.053223
v  -383.052002 1137.436157 1500.734131
v  -288.734009 1134.436157 1522.726196
v  -292.635010 1134.436157 1542.342163
v  -292.635010 1137.436157 1542.342163
v  -288.734009 1137.436157 1522.726196
v  -193.179001 1134.436157 1538.502197
v  -195.789001 1134.436157 1558.331177
v  -195.789001 1137.436157 1558.331177
v  -193.179001 1137.436157 1538.502197
v  -96.796997 1134.436157 1547.995239
v  -98.105003 1134.436157 1567.952148
v  -98.105003 1137.436157 1567.952148
v  -96.796997 1137.436157 1547.995239
v  0.000000 1134.436157 1551.164185
v  0.000000 1134.436157 1571.164185
v  0.000000 1137.436157 1571.164185
v  0.000000 1137.436157 1551.164185
v  96.796997 1134.436157 1547.995239
v  98.105003 1134.436157 1567.952148
v  98.105003 1137.436157 1567.952148
v  96.796997 1137.436157 1547.995239
v  193.179001 1134.436157 1538.502197
v  195.789001 1134.436157 1558.331177
v  195.789001 1137.436157 1558.331177
v  193.179001 1137.436157 1538.502197
v  288.734009 1134.436157 1522.726196
v  292.635010 1134.436157 1542.342163
v  292.635010 1137.436157 1542.342163
v  288.734009 1137.436157 1522.726196
v  383.052002 1134.436157 1500.734131
v  388.229004 1134.436157 1520.053223
v  388.229004 1137.436157 1520.053223
v  383.052002 1137.436157 1500.734131
v  475.730011 1134.436157 1472.621216
v  482.158997 1134.436157 1491.559204
v  482.158997 1137.436157 1491.559204
v  475.730011 1137.436157 1472.621216
v  566.370972 1134.436035 1438.506226
v  574.025024 1134.436035 1456.983154
v  574.025024 1137.436035 1456.983154
v  566.370972 1137.436035 1438.506226
v  654.586975 1134.436035 1398.536133
v  663.432983 1134.436035 1416.473145
v  663.432983 1137.436035 1416.473145
v  654.586975 1137.436035 1398.536133
v  740.000000 1134.436035 1352.882202
v  750.000000 1134.436035 1370.202148
v  750.000000 1137.436035 1370.202148
v  740.000000 1137.436035 1352.882202
v  822.244019 1134.436035 1301.739136
v  833.354980 1134.436035 1318.368164
v  833.354980 1137.436035 1318.368164
v  822.244019 1137.436035 1301.739136
v  900.966980 1134.436035 1245.327148
v  913.142029 1134.436035 1261.194214
v  913.142029 1137.436035 1261.194214
v  900.966980 1137.436035 1245.327148
v  975.831970 1134.436035 1183.887207
v  989.018982 1134.436035 1198.924194
v  989.018982 1137.436035 1198.924194
v  975.831970 1137.436035 1183.887207
v  1046.517944 1134.436035 1117.682129
v  1060.660034 1134.436035 1131.824219
v  1060.660034 1137.436035 1131.824219
v  1046.517944 1137.436035 1117.682129
v  1112.723022 1134.436035 1046.996094
v  1127.760010 1134.436035 1060.183105
v  1127.760010 1137.436035 1060.183105
v  1112.723022 1137.436035 1046.996094
v  1174.162964 1134.436035 972.131165
v  1190.030029 1134.436035 984.306213
v  1190.030029 1137.436035 984.306213
v  1174.162964 1137.436035 972.131165
v  1230.574951 1134.436035 893.408203
v  1247.203979 1134.436035 904.519165
v  1247.203979 1137.436035 904.519165
v  1230.574951 1137.436035 893.408203
v  1281.718018 1134.436035 811.164185
v  1299.037964 1134.436035 821.164185
v  1299.037964 1137.436035 821.164185
v  1281.718018 1137.436035 811.164185
v  1327.371948 1134.436035 725.751160
v  1345.308960 1134.436035 734.597168
v  1345.308960 1137.436035 734.597168
v  1327.371948 1137.436035 725.751160
v  1367.342041 1134.436035 637.535156
v  1385.818970 1134.436035 645.189209
v  1385.818970 1137.436035 645.189209
v  1367.342041 1137.436035 637.535156
v  1401.457031 1134.436035 546.894165
v  1420.395020 1134.436035 553.323181
v  1420.395020 1137.436035 553.323181
v  1401.457031 1137.436035 546.894165
v  1429.569946 1134.436035 454.216187
v  1448.889038 1134.436035 459.393188
v  1448.889038 1137.436035 459.393188
v  1429.569946 1137.436035 454.216187
v  1451.562012 1134.436035 359.898193
v  1471.177979 1134.436035 363.799194
v  1471.177979 1137.436035 363.799194
v  1451.562012 1137.436035 359.898193
v  1467.338013 1134.436035 264.343170
v  1487.166992 1134.436035 266.953186
v  1487.166992 1137.436035 266.953186
v  1467.338013 1137.436035 264.343170
v  1476.831055 1134.436035 167.961182
v  1496.787964 1134.436035 169.269180
v  1496.787964 1137.436035 169.269180
v  1476.831055 1137.436035 167.961182
v  -2500.000000 1134.436157 2571.164062
v  -200.000000 1134.436157 2571.164062
v  -200.000000 1134.436157 2421.164062
v  -2500.000000 1134.436157 2421.164062
v  -2500.000000 1534.436157 2571.164062
v  -200.000000 1534.436157 2571.164062
v  -200.000000 1534.436157 2421.164062
v  -2500.000000 1534.436157 2421.164062
v  200.000000 1134.436157 2571.164062
v  2500.000000 1134.436157 2571.164062
v  2500.000000 1134.436157 2421.164062
v  200.000000 1134.436157 2421.164062
v  200.000000 1534.436157 2571.164062
v  2500.000000 1534.436157 2571.164062
v  2500.000000 1534.436157 2421.164062
v  200.000000 1534.436157 2421.164062
v  -200.000000 1434.436157 2571.164062
v  200.000000 1434.436157 2571.164062
v  200.000000 1434.436157 2421.164062
v  -200.000000 1434.436157 2421.164062
v  -200.000000 1534.436157 2571.164062
v  200.000000 1534.436157 2571.164062
v  200.000000 1534.436157 2421.164062
v  -200.000000 1534.436157 2421.164062
v  2500.000000 1134.436157 2571.164062
v  2500.000000 1134.435913 -2428.835938
v  2350.000000 1134.435913 -2428.835938
v  2350.000000 1134.436157 2571.164062
v  2500.000000 1534.436157 2571.164062
v  2500.000000 1534.435913 -2428.835938
v  2350.000000 1534.435913 -2428.835938
v  2350.000000 1534.436157 2571.164062
v  2500.000000 1134.435913 -2428.835938
v  -2500.000000 1134.435913 -2428.835938
v  -2500.000000 1134.435913 -2278.835938
v  2500.000000 1134.435913 -2278.835938
v  2500.000000 1534.435913 -2428.835938
v  -2500.000000 1534.435913 -2428.835938
v  -2500.000000 1534.435913 -2278.835938
v  2500.000000 1534.435913 -2278.835938
v  -2500.000000 1134.435913 -2428.835938
v  -2500.000000 1134.436157 2571.164062
v  -2350.000000 1134.436157 2571.164062
v  -2350.000000 1134.435913 -2428.835938
v  -2500.000000 1534.435913 -2428.835938
v  -2500.000000 1534.436157 2571.164062
v  -2350.000000 1534.436157 2571.164062
v  -2350.000000 1534.435913 -2428.835938
v  -2200.000000 1414.436157 2421.164062
v  -240.000000 1414.436157 2421.164062
v  -240.000000 1414.436157 2413.164062
v  -2200.000000 1414.436157 2413.164062
v  -2200.000000 1430.436157 2421.164062
v  -240.000000 1430.436157 2421.164062
v  -240.000000 1430.436157 2413.164062
v  -2200.000000 1430.436157 2413.164062
v  -2200.000000 1194.436157 2421.164062
v  -240.000000 1194.436157 2421.164062
v  -240.000000 1194.436157 2413.164062
v  -2200.000000 1194.436157 2413.164062
v  -2200.000000 1204.436157 2421.164062
v  -240.000000 1204.436157 2421.164062
v  -240.000000 1204.436157 2413.164062
v  -2200.000000 1204.436157 2413.164062
v  240.000000 1414.436157 2421.164062
v  2200.000000 1414.436157 2421.164062
v  2200.000000 1414.436157 2413.164062
v  240.000000 1414.436157 2413.164062
v  240.000000 1430.436157 2421.164062
v  2200.000000 1430.436157 2421.164062
v  2200.000000 1430.436157 2413.164062
v  240.000000 1430.436157 2413.164062
v  240.000000 1194.436157 2421.164062
v  2200.000000 1194.436157 2421.164062
v  2200.000000 1194.436157 2413.164062
v  240.000000 1194.436157 2413.164062
v  240.000000 1204.436157 2421.164062
v  2200.000000 1204.436157 2421.164062
v  2200.000000 1204.436157 2413.164062
v  240.000000 1204.436157 2413.164062
v  2350.000000 1414.436157 2271.164062
v  2350.000000 1414.435913 -2128.835938
v  2342.000000 1414.435913 -2128.835938
v  2342.000000 1414.436157 2271.164062
v  2350.000000 1430.436157 2271.164062
v  2350.000000 1430.435913 -2128.835938
v  2342.000000 1430.435913 -2128.835938
v  2342.000000 1430.436157 2271.164062
v  2350.000000 1194.436157 2271.164062
v  2350.000000 1194.435913 -2128.835938
v  2342.000000 1194.435913 -2128.835938
v  2342.000000 1194.436157 2271.164062
v  2350.000000 1204.436157 2271.164062
v  2350.000000 1204.435913 -2128.835938
v  2342.000000 1204.435913 -2128.835938
v  2342.000000 1204.436157 2271.164062
v  2200.000000 1414.435913 -2278.835938
v  -2200.000000 1414.435913 -2278.835938
v  -2200.000000 1414.435913 -2270.835938
v  2200.000000 1414.435913 -2270.835938
v  2200.000000 1430.435913 -2278.835938
v  -2200.000000 1430.435913 -2278.835938
v  -2200.000000 1430.435913 -2270.835938
v  2200.000000 1430.435913 -2270.835938
v  2200.000000 1194.435913 -2278.835938
v  -2200.000000 1194.435913 -2278.835938
v  -2200.000000 1194.435913 -2270.835938
v  2200.000000 1194.435913 -2270.835938
v  2200.000000 1204.435913 -2278.835938
v  -2200.000000 1204.435913 -2278.835938
v  -2200.000000 1204.435913 -2270.835938
v  2200.000000 1204.435913 -2270.835938
v  -2350.000000 1414.435913 -2128.835938
v  -2350.000000 1414.436157 2271.164062
v  -2342.000000 1414.436157 2271.164062
v  -2342.000000 1414.435913 -2128.835938
v  -2350.000000 1430.435913 -2128.835938
v  -2350.000000 1430.436157 2271.164062
v  -2342.000000 1430.436157 2271.164062
v  -2342.000000 1430.435913 -2128.835938
v  -2350.000000 1194.435913 -2128.835938
v  -2350.000000 1194.436157 2271.164062
v  -2342.000000 1194.436157 2271.164062
v  -2342.000000 1194.435913 -2128.835938
v  -2350.000000 1204.435913 -2128.835938
v  -2350.000000 1204.436157 2271.164062
v  -2342.000000 1204.436157 2271.164062
v  -2342.000000 1204.435913 -2128.835938
v  -2140.000000 1174.436157 2421.164062
v  -2060.000000 1174.436157 2421.164062
v  -2060.000000 1174.436157 2391.164062
v  -2140.000000 1174.436157 2391.164062
v  -2140.000000 1504.436157 2421.164062
v  -2060.000000 1504.436157 2421.164062
v  -2060.000000 1504.436157 2391.164062
v  -2140.000000 1504.436157 2391.164062
v  -1640.000000 1174.436157 2421.164062
v  -1560.000000 1174.436157 2421.164062
v  -1560.000000 1174.436157 2391.164062
v  -1640.000000 1174.436157 2391.164062
v  -1640.000000 1504.436157 2421.164062
v  -1560.000000 1504.436157 2421.164062
v  -1560.000000 1504.436157 2391.164062
v  -1640.000000 1504.436157 2391.164062
v  -1140.000000 1174.436157 2421.164062
v  -1060.000000 1174.436157 2421.164062
v  -1060.000000 1174.436157 2391.164062
v  -1140.000000 1174.436157 2391.164062
v  -1140.000000 1504.436157 2421.164062
v  -1060.000000 1504.436157 2421.164062
v  -1060.000000 1504.436157 2391.164062
v  -1140.000000 1504.436157 2391.164062
v  -640.000000 1174.436157 2421.164062
v  -560.000000 1174.436157 2421.164062
v  -560.000000 1174.436157 2391.164062
v  -640.000000 1174.436157 2391.164062
v  -640.000000 1504.436157 2421.164062
v  -560.000000 1504.436157 2421.164062
v  -560.000000 1504.436157 2391.164062
v  -640.000000 1504.436157 2391.164062
v  300.000000 1174.436157 2421.164062
v  380.000000 1174.436157 2421.164062
v  380.000000 1174.436157 2391.164062
v  300.000000 1174.436157 2391.164062
v  300.000000 1504.436157 2421.164062
v  380.000000 1504.436157 2421.164062
v  380.000000 1504.436157 2391.164062
v  300.000000 1504.436157 2391.164062
v  800.000000 1174.436157 2421.164062
v  880.000000 1174.436157 2421.164062
v  880.000000 1174.436157 2391.164062
v  800.000000 1174.436157 2391.164062
v  800.000000 1504.436157 2421.164062
v  880.000000 1504.436157 2421.164062
v  880.000000 1504.436157 2391.164062
v  800.000000 1504.436157 2391.164062
v  1300.000000 1174.436157 2421.164062
v  1380.000000 1174.436157 2421.164062
v  1380.000000 1174.436157 2391.164062
v  1300.000000 1174.436157 2391.164062
v  1300.000000 1504.436157 2421.164062
v  1380.000000 1504.436157 2421.164062
v  1380.000000 1504.436157 2391.164062
v  1300.000000 1504.436157 2391.164062
v  1800.000000 1174.436157 2421.164062
v  1880.000000 1174.436157 2421.164062
v  1880.000000 1174.436157 2391.164062
v  1800.000000 1174.436157 2391.164062
v  1800.000000 1504.436157 2421.164062
v  1880.000000 1504.436157 2421.164062
v  1880.000000 1504.436157 2391.164062
v  1800.000000 1504.436157 2391.164062
v  2350.000000 1174.436157 2211.164062
v  2350.000000 1174.436157 2131.164062
v  2320.000000 1174.436157 2131.164062
v  2320.000000 1174.436157 2211.164062
v  2350.000000 1504.436157 2211.164062
v  2350.000000 1504.436157 2131.164062
v  2320.000000 1504.436157 2131.164062
v  2320.000000 1504.436157 2211.164062
v  2350.000000 1174.436157 1711.164185
v  2350.000000 1174.436157 1631.164185
v  2320.000000 1174.436157 1631.164185
v  2320.000000 1174.436157 1711.164185
v  2350.000000 1504.436035 1711.164185
v  2350.000000 1504.436035 1631.164185
v  2320.000000 1504.436035 1631.164185
v  2320.000000 1504.436035 1711.164185
v  2350.000000 1174.436035 1211.164185
v  2350.000000 1174.436035 1131.164185
v  2320.000000 1174.436035 1131.164185
v  2320.000000 1174.436035 1211.164185
v  2350.000000 1504.436035 1211.164185
v  2350.000000 1504.436035 1131.164185
v  2320.000000 1504.436035 1131.164185
v  2320.000000 1504.436035 1211.164185
v  2350.000000 1174.436035 711.164185
v  2350.000000 1174.436035 631.164185
v  2320.000000 1174.436035 631.164185
v  2320.000000 1174.436035 711.164185
v  2350.000000 1504.436035 711.164185
v  2350.000000 1504.436035 631.164185
v  2320.000000 1504.436035 631.164185
v  2320.000000 1504.436035 711.164185
v  2350.000000 1174.436035 211.164185
v  2350.000000 1174.436035 131.164185
v  2320.000000 1174.436035 131.164185
v  2320.000000 1174.436035 211.164185
v  2350.000000 1504.436035 211.164154
v  2350.000000 1504.436035 131.164154
v  2320.000000 1504.436035 131.164154
v  2320.000000 1504.436035 211.164154
v  2350.000000 1174.436035 -288.835815
v  2350.000000 1174.436035 -368.835815
v  2320.000000 1174.436035 -368.835815
v  2320.000000 1174.436035 -288.835815
v  2350.000000 1504.436035 -288.835846
v  2350.000000 1504.436035 -368.835846
v  2320.000000 1504.436035 -368.835846
v  2320.000000 1504.436035 -288.835846
v  2350.000000 1174.436035 -788.835815
v  2350.000000 1174.436035 -868.835815
v  2320.000000 1174.436035 -868.835815
v  2320.000000 1174.436035 -788.835815
v  2350.000000 1504.436035 -788.835815
v  2350.000000 1504.436035 -868.835815
v  2320.000000 1504.436035 -868.835815
v  2320.000000 1504.436035 -788.835815
v  2350.000000 1174.436035 -1288.835815
v  2350.000000 1174.435913 -1368.835815
v  2320.000000 1174.435913 -1368.835815
v  2320.000000 1174.436035 -1288.835815
v  2350.000000 1504.436035 -1288.835815
v  2350.000000 1504.436035 -1368.835815
v  2320.000000 1504.436035 -1368.835815
v  2320.000000 1504.436035 -1288.835815
v  2350.000000 1174.435913 -1788.835815
v  2350.000000 1174.435913 -1868.835815
v  2320.000000 1174.435913 -1868.835815
v  2320.000000 1174.435913 -1788.835815
v  2350.000000 1504.435913 -1788.835815
v  2350.000000 1504.435913 -1868.835815
v  2320.000000 1504.435913 -1868.835815
v  2320.000000 1504.435913 -1788.835815
v  2140.000000 1174.435913 -2278.835938
v  2060.000000 1174.435913 -2278.835938
v  2060.000000 1174.435913 -2248.835938
v  2140.000000 1174.435913 -2248.835938
v  2140.000000 1504.435913 -2278.835938
v  2060.000000 1504.435913 -2278.835938
v  2060.000000 1504.435913 -2248.835938
v  2140.000000 1504.435913 -2248.835938
v  1640.000000 1174.435913 -2278.835938
v  1560.000000 1174.435913 -2278.835938
v  1560.000000 1174.435913 -2248.835938
v  1640.000000 1174.435913 -2248.835938
v  1640.000000 1504.435913 -2278.835938
v  1560.000000 1504.435913 -2278.835938
v  1560.000000 1504.435913 -2248.835938
v  1640.000000 1504.435913 -2248.835938
v  1140.000000 1174.435913 -2278.835938
v  1060.000000 1174.435913 -2278.835938
v  1060.000000 1174.435913 -2248.835938
v  1140.000000 1174.435913 -2248.835938
v  1140.000000 1504.435913 -2278.835938
v  1060.000000 1504.435913 -2278.835938
v  1060.000000 1504.435913 -2248.835938
v  1140.000000 1504.435913 -2248.835938
v  640.000000 1174.435913 -2278.835938
v  560.000000 1174.435913 -2278.835938
v  560.000000 1174.435913 -2248.835938
v  640.000000 1174.435913 -2248.835938
v  640.000000 1504.435913 -2278.835938
v  560.000000 1504.435913 -2278.835938
v  560.000000 1504.435913 -2248.835938
v  640.000000 1504.435913 -2248.835938
v  140.000000 1174.435913 -2278.835938
v  60.000000 1174.435913 -2278.835938
v  60.000000 1174.435913 -2248.835938
v  140.000000 1174.435913 -2248.835938
v  140.000000 1504.435913 -2278.835938
v  60.000000 1504.435913 -2278.835938
v  60.000000 1504.435913 -2248.835938
v  140.000000 1504.435913 -2248.835938
v  -360.000000 1174.435913 -2278.835938
v  -440.000000 1174.435913 -2278.835938
v  -440.000000 1174.435913 -2248.835938
v  -360.000000 1174.435913 -2248.835938
v  -360.000000 1504.435913 -2278.835938
v  -440.000000 1504.435913 -2278.835938
v  -440.000000 1504.435913 -2248.835938
v  -360.000000 1504.435913 -2248.835938
v  -860.000000 1174.435913 -2278.835938
v  -940.000000 1174.435913 -2278.835938
v  -940.000000 1174.435913 -2248.835938
v  -860.000000 1174.435913 -2248.835938
v  -860.000000 1504.435913 -2278.835938
v  -940.000000 1504.435913 -2278.835938
v  -940.000000 1504.435913 -2248.835938
v  -860.000000 1504.435913 -2248.835938
v  -1360.000000 1174.435913 -2278.835938
v  -1440.000000 1174.435913 -2278.835938
v  -1440.000000 1174.435913 -2248.835938
v  -1360.000000 1174.435913 -2248.835938
v  -1360.000000 1504.435913 -2278.835938
v  -1440.000000 1504.435913 -2278.835938
v  -1440.000000 1504.435913 -2248.835938
v  -1360.000000 1504.435913 -2248.835938
v  -1860.000000 1174.435913 -2278.835938
v  -1940.000000 1174.435913 -2278.835938
v  -1940.000000 1174.435913 -2248.835938
v  -1860.000000 1174.435913 -2248.835938
v  -1860.000000 1504.435913 -2278.835938
v  -1940.000000 1504.435913 -2278.835938
v  -1940.000000 1504.435913 -2248.835938
v  -1860.000000 1504.435913 -2248.835938
v  -2350.000000 1174.435913 -2068.835938
v  -2350.000000 1174.435913 -1988.835815
v  -2320.000000 1174.435913 -1988.835815
v  -2320.000000 1174.435913 -2068.835938
v  -2350.000000 1504.435913 -2068.835938
v  -2350.000000 1504.435913 -1988.835815
v  -2320.000000 1504.435913 -1988.835815
v  -2320.000000 1504.435913 -2068.835938
v  -2350.000000 1174.435913 -1568.835815
v  -2350.000000 1174.435913 -1488.835815
v  -2320.000000 1174.435913 -1488.835815
v  -2320.000000 1174.435913 -1568.835815
v  -2350.000000 1504.436035 -1568.835815
v  -2350.000000 1504.436035 -1488.835815
v  -2320.000000 1504.436035 -1488.835815
v  -2320.000000 1504.436035 -1568.835815
v  -2350.000000 1174.436035 -1068.835815
v  -2350.000000 1174.436035 -988.835815
v  -2320.000000 1174.436035 -988.835815
v  -2320.000000 1174.436035 -1068.835815
v  -2350.000000 1504.436035 -1068.835815
v  -2350.000000 1504.436035 -988.835815
v  -2320.000000 1504.436035 -988.835815
v  -2320.000000 1504.436035 -1068.835815
v  -2350.000000 1174.436035 -568.835815
v  -2350.000000 1174.436035 -488.835815
v  -2320.000000 1174.436035 -488.835815
v  -2320.000000 1174.436035 -568.835815
v  -2350.000000 1504.436035 -568.835815
v  -2350.000000 1504.436035 -488.835815
v  -2320.000000 1504.436035 -488.835815
v  -2320.000000 1504.436035 -568.835815
v  -2350.000000 1174.436035 -68.835823
v  -2350.000000 1174.436035 11.164177
v  -2320.000000 1174.436035 11.164177
v  -2320.000000 1174.436035 -68.835823
v  -2350.000000 1504.436035 -68.835838
v  -2350.000000 1504.436035 11.164162
v  -2320.000000 1504.436035 11.164162
v  -2320.000000 1504.436035 -68.835838
v  -2350.000000 1174.436035 431.164185
v  -2350.000000 1174.436035 511.164185
v  -2320.000000 1174.436035 511.164185
v  -2320.000000 1174.436035 431.164185
v  -2350.000000 1504.436035 431.164154
v  -2350.000000 1504.436035 511.164154
v  -2320.000000 1504.436035 511.164154
v  -2320.000000 1504.436035 431.164154
v  -2350.000000 1174.436035 931.164185
v  -2350.000000 1174.436035 1011.164185
v  -2320.000000 1174.436035 1011.164185
v  -2320.000000 1174.436035 931.164185
v  -2350.000000 1504.436035 931.164185
v  -2350.000000 1504.436035 1011.164185
v  -2320.000000 1504.436035 1011.164185
v  -2320.000000 1504.436035 931.164185
v  -2350.000000 1174.436035 1431.164185
v  -2350.000000 1174.436157 1511.164185
v  -2320.000000 1174.436157 1511.164185
v  -2320.000000 1174.436035 1431.164185
v  -2350.000000 1504.436035 1431.164185
v  -2350.000000 1504.436035 1511.164185
v  -2320.000000 1504.436035 1511.164185
v  -2320.000000 1504.436035 1431.164185
v  -2350.000000 1174.436157 1931.164185
v  -2350.000000 1174.436157 2011.164185
v  -2320.000000 1174.436157 2011.164185
v  -2320.000000 1174.436157 1931.164185
v  -2350.000000 1504.436157 1931.164185
v  -2350.000000 1504.436157 2011.164185
v  -2320.000000 1504.436157 2011.164185
v  -2320.000000 1504.436157 1931.164185
v  -2200.000000 1134.436157 2421.164062
v  -240.000000 1134.436157 2421.164062
v  -240.000000 1134.436157 2401.164062
v  -2200.000000 1134.436157 2401.164062
v  -2200.000000 1174.436157 2421.164062
v  -240.000000 1174.436157 2421.164062
v  -240.000000 1174.436157 2401.164062
v  -2200.000000 1174.436157 2401.164062
v  -2200.000000 1504.436157 2421.164062
v  -240.000000 1504.436157 2421.164062
v  -240.000000 1504.436157 2401.164062
v  -2200.000000 1504.436157 2401.164062
v  -2200.000000 1534.436157 2421.164062
v  -240.000000 1534.436157 2421.164062
v  -240.000000 1534.436157 2401.164062
v  -2200.000000 1534.436157 2401.164062
v  240.000000 1134.436157 2421.164062
v  2200.000000 1134.436157 2421.164062
v  2200.000000 1134.436157 2401.164062
v  240.000000 1134.436157 2401.164062
v  240.000000 1174.436157 2421.164062
v  2200.000000 1174.436157 2421.164062
v  2200.000000 1174.436157 2401.164062
v  240.000000 1174.436157 2401.164062
v  240.000000 1504.436157 2421.164062
v  2200.000000 1504.436157 2421.164062
v  2200.000000 1504.436157 2401.164062
v  240.000000 1504.436157 2401.164062
v  240.000000 1534.436157 2421.164062
v  2200.000000 1534.436157 2421.164062
v  2200.000000 1534.436157 2401.164062
v  240.000000 1534.436157 2401.164062
v  2350.000000 1134.436157 2271.164062
v  2350.000000 1134.435913 -2128.835938
v  2330.000000 1134.435913 -2128.835938
v  2330.000000 1134.436157 2271.164062
v  2350.000000 1174.436157 2271.164062
v  2350.000000 1174.435913 -2128.835938
v  2330.000000 1174.435913 -2128.835938
v  2330.000000 1174.436157 2271.164062
v  2350.000000 1504.436157 2271.164062
v  2350.000000 1504.435913 -2128.835938
v  2330.000000 1504.435913 -2128.835938
v  2330.000000 1504.436157 2271.164062
v  2350.000000 1534.436157 2271.164062
v  2350.000000 1534.435913 -2128.835938
v  2330.000000 1534.435913 -2128.835938
v  2330.000000 1534.436157 2271.164062
v  2200.000000 1134.435913 -2278.835938
v  -2200.000000 1134.435913 -2278.835938
v  -2200.000000 1134.435913 -2258.835938
v  2200.000000 1134.435913 -2258.835938
v  2200.000000 1174.435913 -2278.835938
v  -2200.000000 1174.435913 -2278.835938
v  -2200.000000 1174.435913 -2258.835938
v  2200.000000 1174.435913 -2258.835938
v  2200.000000 1504.435913 -2278.835938
v  -2200.000000 1504.435913 -2278.835938
v  -2200.000000 1504.435913 -2258.835938
v  2200.000000 1504.435913 -2258.835938
v  2200.000000 1534.435913 -2278.835938
v  -2200.000000 1534.435913 -2278.835938
v  -2200.000000 1534.435913 -2258.835938
v  2200.000000 1534.435913 -2258.835938
v  -2350.000000 1134.435913 -2128.835938
v  -2350.000000 1134.436157 2271.164062
v  -2330.000000 1134.436157 2271.164062
v  -2330.000000 1134.435913 -2128.835938
v  -2350.000000 1174.435913 -2128.835938
v  -2350.000000 1174.436157 2271.164062
v  -2330.000000 1174.436157 2271.164062
v  -2330.000000 1174.435913 -2128.835938
v  -2350.000000 1504.435913 -2128.835938
v  -2350.000000 1504.436157 2271.164062
v  -2330.000000 1504.436157 2271.164062
v  -2330.000000 1504.435913 -2128.835938
v  -2350.000000 1534.435913 -2128.835938
v  -2350.000000 1534.436157 2271.164062
v  -2330.000000 1534.436157 2271.164062
v  -2330.000000 1534.435913 -2128.835938
# 6184 vertices

vt 0.000000 0.000000 0.000000
vt 1.000000 0.000000 0.000000
vt 0.000000 0.000000 0.000000
vt 1.000000 1.000000 0.000000
vt 0.000000 1.000000 0.000000
vt 0.000000 0.000000 0.000000
vt 1.000000 0.000000 0.000000
vt 0.000000 1.000000 0.000000
vt 1.000000 1.000000 0.000000
vt 0.000000 0.000000 0.000000
vt 1.000000 0.000000 0.000000
vt 0.000000 1.000000 0.000000
vt 1.000000 1.000000 0.000000
vt 0.000000 0.000000 0.000000
vt 1.000000 0.000000 0.000000
vt 0.000000 1.000000 0.000000
vt 1.000000 1.000000 0.000000
vt 0.000000 0.000000 0.000000
vt 1.000000 0.000000 0.000000
vt 0.000000 1.000000 0.000000
vt 1.000000 1.000000 0.000000
vt 0.000000 0.000000 0.000000
vt 1.000000 0.000000 0.000000
vt 0.000000 1.000000 0.000000
vt 1.000000 1.000000 0.000000
vt 0.000000 0.000000 0.000000
vt 0.000000 0.000000 0.000000
vt 0.000000 0.000000 0.000000
vt 0.000000 0.000000 0.000000
vt 0.000000 0.000000 0.000000
vt 0.000000 0.000000 0.000000
vt 0.000000 0.000000 0.000000
vt 0.000000 0.000000 0.000000
vt 0.000000 0.000000 0.000000
vt 0.000000 0.000000 0.000000
vt 0.000000 0.000000 0.000000
vt 0.000000 0.000000 0.000000
vt 0.000000 0.000000 0.000000
vt 0.000000 0.000000 0.000000
vt 0.000000 0.000000 0.000000
vt 0.000000 0.000000 0.000000
vt 0.000000 0.000000 0.000000
vt 0.000000 0.000000 0.000000
vt 0.000000 0.000000 0.000000
vt 0.000000 0.000000 0.000000
vt 0.000000 0.000000 0.000000
vt 0.000000 0.000000 0.000000
vt 0.000000 0.000000 0.000000
vt 0.000000 0.000000 0.000000
vt 0.000000 0.000000 0.000000
vt 0.000000 0.000000 0.000000
vt 0.000000 0.000000 0.000000
vt 0.000000 0.000000 0.000000
vt 0.000000 0.000000 0.000000
vt 0.000000 0.000000 0.000000
vt 0.000000 0.000000 0.000000
vt 0.000000 0.000000 0.000000
vt 0.000000 0.000000 0.000000
vt 0.000000 0.000000 0.000000
vt 0.000000 0.000000 0.000000
vt 0.000000 0.000000 0.000000
vt 0.000000 0.000000 0.000000
vt 0.000000 0.000000 0.000000
vt 0.000000 0.000000 0.000000
vt 0.000000 0.000000 0.000000
vt 0.000000 0.000000 0.000000
vt 0.000000 0.000000 0.000000
vt 0.000000 0.000000 0.000000
vt 0.000000 0.000000 0.000000
vt 0.000000 0.000000 0.000000
vt 0.000000 0.000000 0.000000
vt 0.000000 0.000000 0.000000
vt 0.000000 0.000000 0.000000
vt 0.000000 0.000000 0.000000
vt 0.000000 0.000000 0.000000
vt 0.000000 0.000000 0.000000
vt 0.000000 0.000000 0.000000
vt 0.000000 0.000000 0.000000
vt 0.000000 0.000000 0.000000
vt 0.000000 0.000000 0.000000
vt 0.000000 0.000000 0.000000
vt 0.000000 0.000000 0.000000
vt 0.000000 0.000000 0.000000
vt 0.000000 0.000000 0.000000
vt 0.000000 0.000000 0.000000
vt 0.000000 0.000000 0.000000
vt 0.000000 0.000000 0.000000
vt 0.000000 0.000000 0.000000
vt 0.000000 0.000000 0.000000
vt 0.000000 0.000000 0.000000
# 90 texture coords

o Capsule_01_Roof
g Capsule_01_Roof
usemtl Floor
f 7/1 8/1 11/1 12/1 
f 8/1 9/1 10/1 11/1 
f 6/1 5/1 2/1 1/1 
f 5/1 4/1 3/1 2/1 
f 1/1 2/1 8/1 7/1 
f 2/1 3/1 9/1 8/1 
f 3/1 4/1 10/1 9/1 
f 4/1 5/1 11/1 10/1 
f 5/1 6/1 12/1 11/1 
f 6/1 1/1 7/1 12/1 
usemtl wire_006134006
f 19/1 20/1 23/1 24/1 
f 20/1 21/1 22/1 23/1 
f 18/1 17/1 14/1 13/1 
f 17/1 16/1 15/1 14/1 
f 13/1 14/1 20/1 19/1 
f 14/1 15/1 21/1 20/1 
f 15/1 16/1 22/1 21/1 
f 16/1 17/1 23/1 22/1 
f 17/1 18/1 24/1 23/1 
f 18/1 13/1 19/1 24/1 
f 25/2 27/4 28/5 26/3 
usemtl Floor
f 29/6 30/7 32/9 31/8 
f 25/10 26/11 30/13 29/12 
usemtl wire_006134006
f 26/14 28/15 32/17 30/16 
f 28/18 27/19 31/21 32/20 
usemtl Floor
f 27/22 25/23 29/25 31/24 
usemtl wire_006134006
f 39/26 40/26 43/26 44/26 
f 40/26 41/26 42/26 43/26 
f 38/26 37/26 34/26 33/26 
f 37/26 36/26 35/26 34/26 
f 33/26 34/26 40/26 39/26 
f 34/26 35/26 41/26 40/26 
f 35/26 36/26 42/26 41/26 
f 36/26 37/26 43/26 42/26 
f 37/26 38/26 44/26 43/26 
f 38/26 33/26 39/26 44/26 
usemtl Floor
f 45/27 48/27 47/27 46/27 
f 49/27 50/27 51/27 52/27 
f 45/27 46/27 50/27 49/27 
f 47/27 48/27 52/27 51/27 
f 48/27 45/27 49/27 52/27 
f 46/27 47/27 51/27 50/27 
f 53/27 56/27 55/27 54/27 
f 57/27 58/27 59/27 60/27 
f 53/27 54/27 58/27 57/27 
f 55/27 56/27 60/27 59/27 
f 56/27 53/27 57/27 60/27 
f 54/27 55/27 59/27 58/27 
f 61/27 64/27 63/27 62/27 
f 65/27 66/27 67/27 68/27 
f 61/27 62/27 66/27 65/27 
f 63/27 64/27 68/27 67/27 
f 64/27 61/27 65/27 68/27 
f 62/27 63/27 67/27 66/27 
f 69/27 72/27 71/27 70/27 
f 73/27 74/27 75/27 76/27 
f 69/27 70/27 74/27 73/27 
f 71/27 72/27 76/27 75/27 
f 72/27 69/27 73/27 76/27 
f 70/27 71/27 75/27 74/27 
f 77/27 80/27 79/27 78/27 
f 81/27 82/27 83/27 84/27 
f 77/27 78/27 82/27 81/27 
f 79/27 80/27 84/27 83/27 
f 80/27 77/27 81/27 84/27 
f 78/27 79/27 83/27 82/27 
f 85/27 88/27 87/27 86/27 
f 89/27 90/27 91/27 92/27 
f 85/27 86/27 90/27 89/27 
f 87/27 88/27 92/27 91/27 
f 88/27 85/27 89/27 92/27 
f 86/27 87/27 91/27 90/27 
f 93/27 96/27 95/27 94/27 
f 97/27 98/27 99/27 100/27 
f 93/27 94/27 98/27 97/27 
f 95/27 96/27 100/27 99/27 
f 96/27 93/27 97/27 100/27 
f 94/27 95/27 99/27 98/27 
f 101/27 104/27 103/27 102/27 
f 105/27 106/27 107/27 108/27 
f 101/27 102/27 106/27 105/27 
f 103/27 104/27 108/27 107/27 
f 104/27 101/27 105/27 108/27 
f 102/27 103/27 107/27 106/27 
usemtl wire_006134006
f 109/27 112/27 111/27 110/27 
f 113/27 114/27 115/27 116/27 
f 109/27 110/27 114/27 113/27 
f 111/27 112/27 116/27 115/27 
f 112/27 109/27 113/27 116/27 
f 110/27 111/27 115/27 114/27 
f 117/27 120/27 119/27 118/27 
f 121/27 122/27 123/27 124/27 
f 117/27 118/27 122/27 121/27 
f 119/27 120/27 124/27 123/27 
f 120/27 117/27 121/27 124/27 
f 118/27 119/27 123/27 122/27 
f 125/27 128/27 127/27 126/27 
f 129/27 130/27 131/27 132/27 
f 125/27 126/27 130/27 129/27 
f 127/27 128/27 132/27 131/27 
f 128/27 125/27 129/27 132/27 
f 126/27 127/27 131/27 130/27 
f 133/28 136/28 135/28 134/28 
f 137/28 138/28 139/28 140/28 
f 133/28 134/28 138/28 137/28 
f 135/28 136/28 140/28 139/28 
f 136/28 133/28 137/28 140/28 
f 134/28 135/28 139/28 138/28 
f 141/28 144/28 143/28 142/28 
f 145/28 146/28 147/28 148/28 
f 141/28 142/28 146/28 145/28 
f 143/28 144/28 148/28 147/28 
f 144/28 141/28 145/28 148/28 
f 142/28 143/28 147/28 146/28 
f 149/28 152/28 151/28 150/28 
f 153/28 154/28 155/28 156/28 
f 149/28 150/28 154/28 153/28 
f 151/28 152/28 156/28 155/28 
f 152/28 149/28 153/28 156/28 
f 150/28 151/28 155/28 154/28 
f 157/28 160/28 159/28 158/28 
f 161/28 162/28 163/28 164/28 
f 157/28 158/28 162/28 161/28 
f 159/28 160/28 164/28 163/28 
f 160/28 157/28 161/28 164/28 
f 158/28 159/28 163/28 162/28 
f 165/28 168/28 167/28 166/28 
f 169/28 170/28 171/28 172/28 
f 165/28 166/28 170/28 169/28 
f 167/28 168/28 172/28 171/28 
f 168/28 165/28 169/28 172/28 
f 166/28 167/28 171/28 170/28 
f 173/29 176/29 175/29 174/29 
f 177/29 178/29 179/29 180/29 
f 173/29 174/29 178/29 177/29 
f 175/29 176/29 180/29 179/29 
f 176/29 173/29 177/29 180/29 
f 174/29 175/29 179/29 178/29 
f 181/29 184/29 183/29 182/29 
f 185/29 186/29 187/29 188/29 
f 181/29 182/29 186/29 185/29 
f 183/29 184/29 188/29 187/29 
f 184/29 181/29 185/29 188/29 
f 182/29 183/29 187/29 186/29 
f 189/29 192/29 191/29 190/29 
f 193/29 194/29 195/29 196/29 
f 189/29 190/29 194/29 193/29 
f 191/29 192/29 196/29 195/29 
f 192/29 189/29 193/29 196/29 
f 190/29 191/29 195/29 194/29 
f 197/29 200/29 199/29 198/29 
f 201/29 202/29 203/29 204/29 
f 197/29 198/29 202/29 201/29 
f 199/29 200/29 204/29 203/29 
f 200/29 197/29 201/29 204/29 
f 198/29 199/29 203/29 202/29 
f 205/29 208/29 207/29 206/29 
f 209/29 210/29 211/29 212/29 
f 205/29 206/29 210/29 209/29 
f 207/29 208/29 212/29 211/29 
f 208/29 205/29 209/29 212/29 
f 206/29 207/29 211/29 210/29 
f 219/30 220/30 223/30 224/30 
f 220/30 221/30 222/30 223/30 
f 218/30 217/30 214/30 213/30 
f 217/30 216/30 215/30 214/30 
f 213/30 214/30 220/30 219/30 
f 214/30 215/30 221/30 220/30 
f 215/30 216/30 222/30 221/30 
f 216/30 217/30 223/30 222/30 
f 217/30 218/30 224/30 223/30 
f 218/30 213/30 219/30 224/30 
usemtl Floor
f 231/31 232/31 235/31 236/31 
f 232/31 233/31 234/31 235/31 
f 230/31 229/31 226/31 225/31 
f 229/31 228/31 227/31 226/31 
f 225/31 226/31 232/31 231/31 
f 226/31 227/31 233/31 232/31 
f 227/31 228/31 234/31 233/31 
f 228/31 229/31 235/31 234/31 
f 229/31 230/31 236/31 235/31 
f 230/31 225/31 231/31 236/31 
usemtl wire_006134006
f 243/31 244/31 247/31 248/31 
f 244/31 245/31 246/31 247/31 
f 242/31 241/31 238/31 237/31 
f 241/31 240/31 239/31 238/31 
f 237/31 238/31 244/31 243/31 
f 238/31 239/31 245/31 244/31 
f 239/31 240/31 246/31 245/31 
f 240/31 241/31 247/31 246/31 
f 241/31 242/31 248/31 247/31 
f 242/31 237/31 243/31 248/31 
usemtl Floor
f 249/32 252/32 251/32 250/32 
f 253/32 254/32 255/32 256/32 
f 249/32 250/32 254/32 253/32 
f 251/32 252/32 256/32 255/32 
f 252/32 249/32 253/32 256/32 
f 250/32 251/32 255/32 254/32 
f 257/32 260/32 259/32 258/32 
f 261/32 262/32 263/32 264/32 
f 257/32 258/32 262/32 261/32 
f 259/32 260/32 264/32 263/32 
f 260/32 257/32 261/32 264/32 
f 258/32 259/32 263/32 262/32 
f 265/32 268/32 267/32 266/32 
f 269/32 270/32 271/32 272/32 
f 265/32 266/32 270/32 269/32 
f 267/32 268/32 272/32 271/32 
f 268/32 265/32 269/32 272/32 
f 266/32 267/32 271/32 270/32 
f 273/32 276/32 275/32 274/32 
f 277/32 278/32 279/32 280/32 
f 273/32 274/32 278/32 277/32 
f 275/32 276/32 280/32 279/32 
f 276/32 273/32 277/32 280/32 
f 274/32 275/32 279/32 278/32 
f 281/32 284/32 283/32 282/32 
f 285/32 286/32 287/32 288/32 
f 281/32 282/32 286/32 285/32 
f 283/32 284/32 288/32 287/32 
f 284/32 281/32 285/32 288/32 
f 282/32 283/32 287/32 286/32 
f 289/32 292/32 291/32 290/32 
f 293/32 294/32 295/32 296/32 
f 289/32 290/32 294/32 293/32 
f 291/32 292/32 296/32 295/32 
f 292/32 289/32 293/32 296/32 
f 290/32 291/32 295/32 294/32 
f 297/32 300/32 299/32 298/32 
f 301/32 302/32 303/32 304/32 
f 297/32 298/32 302/32 301/32 
f 299/32 300/32 304/32 303/32 
f 300/32 297/32 301/32 304/32 
f 298/32 299/32 303/32 302/32 
f 305/32 308/32 307/32 306/32 
f 309/32 310/32 311/32 312/32 
f 305/32 306/32 310/32 309/32 
f 307/32 308/32 312/32 311/32 
f 308/32 305/32 309/32 312/32 
f 306/32 307/32 311/32 310/32 
usemtl wire_006134006
f 313/32 316/32 315/32 314/32 
f 317/32 318/32 319/32 320/32 
f 313/32 314/32 318/32 317/32 
f 315/32 316/32 320/32 319/32 
f 316/32 313/32 317/32 320/32 
f 314/32 315/32 319/32 318/32 
f 321/32 324/32 323/32 322/32 
f 325/32 326/32 327/32 328/32 
f 321/32 322/32 326/32 325/32 
f 323/32 324/32 328/32 327/32 
f 324/32 321/32 325/32 328/32 
f 322/32 323/32 327/32 326/32 
f 329/32 332/32 331/32 330/32 
f 333/32 334/32 335/32 336/32 
f 329/32 330/32 334/32 333/32 
f 331/32 332/32 336/32 335/32 
f 332/32 329/32 333/32 336/32 
f 330/32 331/32 335/32 334/32 
f 337/33 340/33 339/33 338/33 
f 341/33 342/33 343/33 344/33 
f 337/33 338/33 342/33 341/33 
f 339/33 340/33 344/33 343/33 
f 340/33 337/33 341/33 344/33 
f 338/33 339/33 343/33 342/33 
f 345/33 348/33 347/33 346/33 
f 349/33 350/33 351/33 352/33 
f 345/33 346/33 350/33 349/33 
f 347/33 348/33 352/33 351/33 
f 348/33 345/33 349/33 352/33 
f 346/33 347/33 351/33 350/33 
f 353/33 356/33 355/33 354/33 
f 357/33 358/33 359/33 360/33 
f 353/33 354/33 358/33 357/33 
f 355/33 356/33 360/33 359/33 
f 356/33 353/33 357/33 360/33 
f 354/33 355/33 359/33 358/33 
f 361/33 364/33 363/33 362/33 
f 365/33 366/33 367/33 368/33 
f 361/33 362/33 366/33 365/33 
f 363/33 364/33 368/33 367/33 
f 364/33 361/33 365/33 368/33 
f 362/33 363/33 367/33 366/33 
f 369/33 372/33 371/33 370/33 
f 373/33 374/33 375/33 376/33 
f 369/33 370/33 374/33 373/33 
f 371/33 372/33 376/33 375/33 
f 372/33 369/33 373/33 376/33 
f 370/33 371/33 375/33 374/33 
f 377/34 380/34 379/34 378/34 
f 381/34 382/34 383/34 384/34 
f 377/34 378/34 382/34 381/34 
f 379/34 380/34 384/34 383/34 
f 380/34 377/34 381/34 384/34 
f 378/34 379/34 383/34 382/34 
f 385/34 388/34 387/34 386/34 
f 389/34 390/34 391/34 392/34 
f 385/34 386/34 390/34 389/34 
f 387/34 388/34 392/34 391/34 
f 388/34 385/34 389/34 392/34 
f 386/34 387/34 391/34 390/34 
f 393/34 396/34 395/34 394/34 
f 397/34 398/34 399/34 400/34 
f 393/34 394/34 398/34 397/34 
f 395/34 396/34 400/34 399/34 
f 396/34 393/34 397/34 400/34 
f 394/34 395/34 399/34 398/34 
f 401/34 404/34 403/34 402/34 
f 405/34 406/34 407/34 408/34 
f 401/34 402/34 406/34 405/34 
f 403/34 404/34 408/34 407/34 
f 404/34 401/34 405/34 408/34 
f 402/34 403/34 407/34 406/34 
f 409/34 412/34 411/34 410/34 
f 413/34 414/34 415/34 416/34 
f 409/34 410/34 414/34 413/34 
f 411/34 412/34 416/34 415/34 
f 412/34 409/34 413/34 416/34 
f 410/34 411/34 415/34 414/34 
f 423/35 424/35 427/35 428/35 
f 424/35 425/35 426/35 427/35 
f 422/35 421/35 418/35 417/35 
f 421/35 420/35 419/35 418/35 
f 417/35 418/35 424/35 423/35 
f 418/35 419/35 425/35 424/35 
f 419/35 420/35 426/35 425/35 
f 420/35 421/35 427/35 426/35 
f 421/35 422/35 428/35 427/35 
f 422/35 417/35 423/35 428/35 
usemtl Floor
f 435/36 436/36 439/36 440/36 
f 436/36 437/36 438/36 439/36 
f 434/36 433/36 430/36 429/36 
f 433/36 432/36 431/36 430/36 
f 429/36 430/36 436/36 435/36 
f 430/36 431/36 437/36 436/36 
f 431/36 432/36 438/36 437/36 
f 432/36 433/36 439/36 438/36 
f 433/36 434/36 440/36 439/36 
f 434/36 429/36 435/36 440/36 
usemtl wire_006134006
f 447/36 448/36 451/36 452/36 
f 448/36 449/36 450/36 451/36 
f 446/36 445/36 442/36 441/36 
f 445/36 444/36 443/36 442/36 
f 441/36 442/36 448/36 447/36 
f 442/36 443/36 449/36 448/36 
f 443/36 444/36 450/36 449/36 
f 444/36 445/36 451/36 450/36 
f 445/36 446/36 452/36 451/36 
f 446/36 441/36 447/36 452/36 
usemtl Floor
f 453/37 456/37 455/37 454/37 
f 457/37 458/37 459/37 460/37 
f 453/37 454/37 458/37 457/37 
f 455/37 456/37 460/37 459/37 
f 456/37 453/37 457/37 460/37 
f 454/37 455/37 459/37 458/37 
f 461/37 464/37 463/37 462/37 
f 465/37 466/37 467/37 468/37 
f 461/37 462/37 466/37 465/37 
f 463/37 464/37 468/37 467/37 
f 464/37 461/37 465/37 468/37 
f 462/37 463/37 467/37 466/37 
f 469/37 472/37 471/37 470/37 
f 473/37 474/37 475/37 476/37 
f 469/37 470/37 474/37 473/37 
f 471/37 472/37 476/37 475/37 
f 472/37 469/37 473/37 476/37 
f 470/37 471/37 475/37 474/37 
f 477/37 480/37 479/37 478/37 
f 481/37 482/37 483/37 484/37 
f 477/37 478/37 482/37 481/37 
f 479/37 480/37 484/37 483/37 
f 480/37 477/37 481/37 484/37 
f 478/37 479/37 483/37 482/37 
f 485/37 488/37 487/37 486/37 
f 489/37 490/37 491/37 492/37 
f 485/37 486/37 490/37 489/37 
f 487/37 488/37 492/37 491/37 
f 488/37 485/37 489/37 492/37 
f 486/37 487/37 491/37 490/37 
f 493/37 496/37 495/37 494/37 
f 497/37 498/37 499/37 500/37 
f 493/37 494/37 498/37 497/37 
f 495/37 496/37 500/37 499/37 
f 496/37 493/37 497/37 500/37 
f 494/37 495/37 499/37 498/37 
f 501/37 504/37 503/37 502/37 
f 505/37 506/37 507/37 508/37 
f 501/37 502/37 506/37 505/37 
f 503/37 504/37 508/37 507/37 
f 504/37 501/37 505/37 508/37 
f 502/37 503/37 507/37 506/37 
f 509/37 512/37 511/37 510/37 
f 513/37 514/37 515/37 516/37 
f 509/37 510/37 514/37 513/37 
f 511/37 512/37 516/37 515/37 
f 512/37 509/37 513/37 516/37 
f 510/37 511/37 515/37 514/37 
usemtl wire_006134006
f 517/37 520/37 519/37 518/37 
f 521/37 522/37 523/37 524/37 
f 517/37 518/37 522/37 521/37 
f 519/37 520/37 524/37 523/37 
f 520/37 517/37 521/37 524/37 
f 518/37 519/37 523/37 522/37 
f 525/37 528/37 527/37 526/37 
f 529/37 530/37 531/37 532/37 
f 525/37 526/37 530/37 529/37 
f 527/37 528/37 532/37 531/37 
f 528/37 525/37 529/37 532/37 
f 526/37 527/37 531/37 530/37 
f 533/37 536/37 535/37 534/37 
f 537/37 538/37 539/37 540/37 
f 533/37 534/37 538/37 537/37 
f 535/37 536/37 540/37 539/37 
f 536/37 533/37 537/37 540/37 
f 534/37 535/37 539/37 538/37 
f 541/38 544/38 543/38 542/38 
f 545/38 546/38 547/38 548/38 
f 541/38 542/38 546/38 545/38 
f 543/38 544/38 548/38 547/38 
f 544/38 541/38 545/38 548/38 
f 542/38 543/38 547/38 546/38 
f 549/38 552/38 551/38 550/38 
f 553/38 554/38 555/38 556/38 
f 549/38 550/38 554/38 553/38 
f 551/38 552/38 556/38 555/38 
f 552/38 549/38 553/38 556/38 
f 550/38 551/38 555/38 554/38 
f 557/38 560/38 559/38 558/38 
f 561/38 562/38 563/38 564/38 
f 557/38 558/38 562/38 561/38 
f 559/38 560/38 564/38 563/38 
f 560/38 557/38 561/38 564/38 
f 558/38 559/38 563/38 562/38 
f 565/38 568/38 567/38 566/38 
f 569/38 570/38 571/38 572/38 
f 565/38 566/38 570/38 569/38 
f 567/38 568/38 572/38 571/38 
f 568/38 565/38 569/38 572/38 
f 566/38 567/38 571/38 570/38 
f 573/38 576/38 575/38 574/38 
f 577/38 578/38 579/38 580/38 
f 573/38 574/38 578/38 577/38 
f 575/38 576/38 580/38 579/38 
f 576/38 573/38 577/38 580/38 
f 574/38 575/38 579/38 578/38 
f 581/39 584/39 583/39 582/39 
f 585/39 586/39 587/39 588/39 
f 581/39 582/39 586/39 585/39 
f 583/39 584/39 588/39 587/39 
f 584/39 581/39 585/39 588/39 
f 582/39 583/39 587/39 586/39 
f 589/39 592/39 591/39 590/39 
f 593/39 594/39 595/39 596/39 
f 589/39 590/39 594/39 593/39 
f 591/39 592/39 596/39 595/39 
f 592/39 589/39 593/39 596/39 
f 590/39 591/39 595/39 594/39 
f 597/39 600/39 599/39 598/39 
f 601/39 602/39 603/39 604/39 
f 597/39 598/39 602/39 601/39 
f 599/39 600/39 604/39 603/39 
f 600/39 597/39 601/39 604/39 
f 598/39 599/39 603/39 602/39 
f 605/39 608/39 607/39 606/39 
f 609/39 610/39 611/39 612/39 
f 605/39 606/39 610/39 609/39 
f 607/39 608/39 612/39 611/39 
f 608/39 605/39 609/39 612/39 
f 606/39 607/39 611/39 610/39 
f 613/39 616/39 615/39 614/39 
f 617/39 618/39 619/39 620/39 
f 613/39 614/39 618/39 617/39 
f 615/39 616/39 620/39 619/39 
f 616/39 613/39 617/39 620/39 
f 614/39 615/39 619/39 618/39 
f 627/40 628/40 631/40 632/40 
f 628/40 629/40 630/40 631/40 
f 626/40 625/40 622/40 621/40 
f 625/40 624/40 623/40 622/40 
f 621/40 622/40 628/40 627/40 
f 622/40 623/40 629/40 628/40 
f 623/40 624/40 630/40 629/40 
f 624/40 625/40 631/40 630/40 
f 625/40 626/40 632/40 631/40 
f 626/40 621/40 627/40 632/40 
usemtl Floor
f 639/41 640/41 643/41 644/41 
f 640/41 641/41 642/41 643/41 
f 638/41 637/41 634/41 633/41 
f 637/41 636/41 635/41 634/41 
f 633/41 634/41 640/41 639/41 
f 634/41 635/41 641/41 640/41 
f 635/41 636/41 642/41 641/41 
f 636/41 637/41 643/41 642/41 
f 637/41 638/41 644/41 643/41 
f 638/41 633/41 639/41 644/41 
usemtl wire_006134006
f 651/41 652/41 655/41 656/41 
f 652/41 653/41 654/41 655/41 
f 650/41 649/41 646/41 645/41 
f 649/41 648/41 647/41 646/41 
f 645/41 646/41 652/41 651/41 
f 646/41 647/41 653/41 652/41 
f 647/41 648/41 654/41 653/41 
f 648/41 649/41 655/41 654/41 
f 649/41 650/41 656/41 655/41 
f 650/41 645/41 651/41 656/41 
usemtl Floor
f 657/42 660/42 659/42 658/42 
f 661/42 662/42 663/42 664/42 
f 657/42 658/42 662/42 661/42 
f 659/42 660/42 664/42 663/42 
f 660/42 657/42 661/42 664/42 
f 658/42 659/42 663/42 662/42 
f 665/42 668/42 667/42 666/42 
f 669/42 670/42 671/42 672/42 
f 665/42 666/42 670/42 669/42 
f 667/42 668/42 672/42 671/42 
f 668/42 665/42 669/42 672/42 
f 666/42 667/42 671/42 670/42 
f 673/42 676/42 675/42 674/42 
f 677/42 678/42 679/42 680/42 
f 673/42 674/42 678/42 677/42 
f 675/42 676/42 680/42 679/42 
f 676/42 673/42 677/42 680/42 
f 674/42 675/42 679/42 678/42 
f 681/42 684/42 683/42 682/42 
f 685/42 686/42 687/42 688/42 
f 681/42 682/42 686/42 685/42 
f 683/42 684/42 688/42 687/42 
f 684/42 681/42 685/42 688/42 
f 682/42 683/42 687/42 686/42 
f 689/42 692/42 691/42 690/42 
f 693/42 694/42 695/42 696/42 
f 689/42 690/42 694/42 693/42 
f 691/42 692/42 696/42 695/42 
f 692/42 689/42 693/42 696/42 
f 690/42 691/42 695/42 694/42 
f 697/42 700/42 699/42 698/42 
f 701/42 702/42 703/42 704/42 
f 697/42 698/42 702/42 701/42 
f 699/42 700/42 704/42 703/42 
f 700/42 697/42 701/42 704/42 
f 698/42 699/42 703/42 702/42 
f 705/42 708/42 707/42 706/42 
f 709/42 710/42 711/42 712/42 
f 705/42 706/42 710/42 709/42 
f 707/42 708/42 712/42 711/42 
f 708/42 705/42 709/42 712/42 
f 706/42 707/42 711/42 710/42 
f 713/42 716/42 715/42 714/42 
f 717/42 718/42 719/42 720/42 
f 713/42 714/42 718/42 717/42 
f 715/42 716/42 720/42 719/42 
f 716/42 713/42 717/42 720/42 
f 714/42 715/42 719/42 718/42 
usemtl wire_006134006
f 721/42 724/42 723/42 722/42 
f 725/42 726/42 727/42 728/42 
f 721/42 722/42 726/42 725/42 
f 723/42 724/42 728/42 727/42 
f 724/42 721/42 725/42 728/42 
f 722/42 723/42 727/42 726/42 
f 729/42 732/42 731/42 730/42 
f 733/42 734/42 735/42 736/42 
f 729/42 730/42 734/42 733/42 
f 731/42 732/42 736/42 735/42 
f 732/42 729/42 733/42 736/42 
f 730/42 731/42 735/42 734/42 
f 737/42 740/42 739/42 738/42 
f 741/42 742/42 743/42 744/42 
f 737/42 738/42 742/42 741/42 
f 739/42 740/42 744/42 743/42 
f 740/42 737/42 741/42 744/42 
f 738/42 739/42 743/42 742/42 
f 745/43 748/43 747/43 746/43 
f 749/43 750/43 751/43 752/43 
f 745/43 746/43 750/43 749/43 
f 747/43 748/43 752/43 751/43 
f 748/43 745/43 749/43 752/43 
f 746/43 747/43 751/43 750/43 
f 753/43 756/43 755/43 754/43 
f 757/43 758/43 759/43 760/43 
f 753/43 754/43 758/43 757/43 
f 755/43 756/43 760/43 759/43 
f 756/43 753/43 757/43 760/43 
f 754/43 755/43 759/43 758/43 
f 761/43 764/43 763/43 762/43 
f 765/43 766/43 767/43 768/43 
f 761/43 762/43 766/43 765/43 
f 763/43 764/43 768/43 767/43 
f 764/43 761/43 765/43 768/43 
f 762/43 763/43 767/43 766/43 
f 769/43 772/43 771/43 770/43 
f 773/43 774/43 775/43 776/43 
f 769/43 770/43 774/43 773/43 
f 771/43 772/43 776/43 775/43 
f 772/43 769/43 773/43 776/43 
f 770/43 771/43 775/43 774/43 
f 777/43 780/43 779/43 778/43 
f 781/43 782/43 783/43 784/43 
f 777/43 778/43 782/43 781/43 
f 779/43 780/43 784/43 783/43 
f 780/43 777/43 781/43 784/43 
f 778/43 779/43 783/43 782/43 
f 785/44 788/44 787/44 786/44 
f 789/44 790/44 791/44 792/44 
f 785/44 786/44 790/44 789/44 
f 787/44 788/44 792/44 791/44 
f 788/44 785/44 789/44 792/44 
f 786/44 787/44 791/44 790/44 
f 793/44 796/44 795/44 794/44 
f 797/44 798/44 799/44 800/44 
f 793/44 794/44 798/44 797/44 
f 795/44 796/44 800/44 799/44 
f 796/44 793/44 797/44 800/44 
f 794/44 795/44 799/44 798/44 
f 801/44 804/44 803/44 802/44 
f 805/44 806/44 807/44 808/44 
f 801/44 802/44 806/44 805/44 
f 803/44 804/44 808/44 807/44 
f 804/44 801/44 805/44 808/44 
f 802/44 803/44 807/44 806/44 
f 809/44 812/44 811/44 810/44 
f 813/44 814/44 815/44 816/44 
f 809/44 810/44 814/44 813/44 
f 811/44 812/44 816/44 815/44 
f 812/44 809/44 813/44 816/44 
f 810/44 811/44 815/44 814/44 
f 817/44 820/44 819/44 818/44 
f 821/44 822/44 823/44 824/44 
f 817/44 818/44 822/44 821/44 
f 819/44 820/44 824/44 823/44 
f 820/44 817/44 821/44 824/44 
f 818/44 819/44 823/44 822/44 
f 831/45 832/45 835/45 836/45 
f 832/45 833/45 834/45 835/45 
f 830/45 829/45 826/45 825/45 
f 829/45 828/45 827/45 826/45 
f 825/45 826/45 832/45 831/45 
f 826/45 827/45 833/45 832/45 
f 827/45 828/45 834/45 833/45 
f 828/45 829/45 835/45 834/45 
f 829/45 830/45 836/45 835/45 
f 830/45 825/45 831/45 836/45 
usemtl Floor
f 843/46 844/46 847/46 848/46 
f 844/46 845/46 846/46 847/46 
f 842/46 841/46 838/46 837/46 
f 841/46 840/46 839/46 838/46 
f 837/46 838/46 844/46 843/46 
f 838/46 839/46 845/46 844/46 
f 839/46 840/46 846/46 845/46 
f 840/46 841/46 847/46 846/46 
f 841/46 842/46 848/46 847/46 
f 842/46 837/46 843/46 848/46 
usemtl wire_006134006
f 855/46 856/46 859/46 860/46 
f 856/46 857/46 858/46 859/46 
f 854/46 853/46 850/46 849/46 
f 853/46 852/46 851/46 850/46 
f 849/46 850/46 856/46 855/46 
f 850/46 851/46 857/46 856/46 
f 851/46 852/46 858/46 857/46 
f 852/46 853/46 859/46 858/46 
f 853/46 854/46 860/46 859/46 
f 854/46 849/46 855/46 860/46 
usemtl Floor
f 861/47 864/47 863/47 862/47 
f 865/47 866/47 867/47 868/47 
f 861/47 862/47 866/47 865/47 
f 863/47 864/47 868/47 867/47 
f 864/47 861/47 865/47 868/47 
f 862/47 863/47 867/47 866/47 
f 869/47 872/47 871/47 870/47 
f 873/47 874/47 875/47 876/47 
f 869/47 870/47 874/47 873/47 
f 871/47 872/47 876/47 875/47 
f 872/47 869/47 873/47 876/47 
f 870/47 871/47 875/47 874/47 
f 877/47 880/47 879/47 878/47 
f 881/47 882/47 883/47 884/47 
f 877/47 878/47 882/47 881/47 
f 879/47 880/47 884/47 883/47 
f 880/47 877/47 881/47 884/47 
f 878/47 879/47 883/47 882/47 
f 885/47 888/47 887/47 886/47 
f 889/47 890/47 891/47 892/47 
f 885/47 886/47 890/47 889/47 
f 887/47 888/47 892/47 891/47 
f 888/47 885/47 889/47 892/47 
f 886/47 887/47 891/47 890/47 
f 893/47 896/47 895/47 894/47 
f 897/47 898/47 899/47 900/47 
f 893/47 894/47 898/47 897/47 
f 895/47 896/47 900/47 899/47 
f 896/47 893/47 897/47 900/47 
f 894/47 895/47 899/47 898/47 
f 901/47 904/47 903/47 902/47 
f 905/47 906/47 907/47 908/47 
f 901/47 902/47 906/47 905/47 
f 903/47 904/47 908/47 907/47 
f 904/47 901/47 905/47 908/47 
f 902/47 903/47 907/47 906/47 
f 909/47 912/47 911/47 910/47 
f 913/47 914/47 915/47 916/47 
f 909/47 910/47 914/47 913/47 
f 911/47 912/47 916/47 915/47 
f 912/47 909/47 913/47 916/47 
f 910/47 911/47 915/47 914/47 
f 917/47 920/47 919/47 918/47 
f 921/47 922/47 923/47 924/47 
f 917/47 918/47 922/47 921/47 
f 919/47 920/47 924/47 923/47 
f 920/47 917/47 921/47 924/47 
f 918/47 919/47 923/47 922/47 
usemtl wire_006134006
f 925/47 928/47 927/47 926/47 
f 929/47 930/47 931/47 932/47 
f 925/47 926/47 930/47 929/47 
f 927/47 928/47 932/47 931/47 
f 928/47 925/47 929/47 932/47 
f 926/47 927/47 931/47 930/47 
f 933/47 936/47 935/47 934/47 
f 937/47 938/47 939/47 940/47 
f 933/47 934/47 938/47 937/47 
f 935/47 936/47 940/47 939/47 
f 936/47 933/47 937/47 940/47 
f 934/47 935/47 939/47 938/47 
f 941/47 944/47 943/47 942/47 
f 945/47 946/47 947/47 948/47 
f 941/47 942/47 946/47 945/47 
f 943/47 944/47 948/47 947/47 
f 944/47 941/47 945/47 948/47 
f 942/47 943/47 947/47 946/47 
f 949/48 952/48 951/48 950/48 
f 953/48 954/48 955/48 956/48 
f 949/48 950/48 954/48 953/48 
f 951/48 952/48 956/48 955/48 
f 952/48 949/48 953/48 956/48 
f 950/48 951/48 955/48 954/48 
f 957/48 960/48 959/48 958/48 
f 961/48 962/48 963/48 964/48 
f 957/48 958/48 962/48 961/48 
f 959/48 960/48 964/48 963/48 
f 960/48 957/48 961/48 964/48 
f 958/48 959/48 963/48 962/48 
f 965/48 968/48 967/48 966/48 
f 969/48 970/48 971/48 972/48 
f 965/48 966/48 970/48 969/48 
f 967/48 968/48 972/48 971/48 
f 968/48 965/48 969/48 972/48 
f 966/48 967/48 971/48 970/48 
f 973/48 976/48 975/48 974/48 
f 977/48 978/48 979/48 980/48 
f 973/48 974/48 978/48 977/48 
f 975/48 976/48 980/48 979/48 
f 976/48 973/48 977/48 980/48 
f 974/48 975/48 979/48 978/48 
f 981/48 984/48 983/48 982/48 
f 985/48 986/48 987/48 988/48 
f 981/48 982/48 986/48 985/48 
f 983/48 984/48 988/48 987/48 
f 984/48 981/48 985/48 988/48 
f 982/48 983/48 987/48 986/48 
f 989/49 992/49 991/49 990/49 
f 993/49 994/49 995/49 996/49 
f 989/49 990/49 994/49 993/49 
f 991/49 992/49 996/49 995/49 
f 992/49 989/49 993/49 996/49 
f 990/49 991/49 995/49 994/49 
f 997/49 1000/49 999/49 998/49 
f 1001/49 1002/49 1003/49 1004/49 
f 997/49 998/49 1002/49 1001/49 
f 999/49 1000/49 1004/49 1003/49 
f 1000/49 997/49 1001/49 1004/49 
f 998/49 999/49 1003/49 1002/49 
f 1005/49 1008/49 1007/49 1006/49 
f 1009/49 1010/49 1011/49 1012/49 
f 1005/49 1006/49 1010/49 1009/49 
f 1007/49 1008/49 1012/49 1011/49 
f 1008/49 1005/49 1009/49 1012/49 
f 1006/49 1007/49 1011/49 1010/49 
f 1013/49 1016/49 1015/49 1014/49 
f 1017/49 1018/49 1019/49 1020/49 
f 1013/49 1014/49 1018/49 1017/49 
f 1015/49 1016/49 1020/49 1019/49 
f 1016/49 1013/49 1017/49 1020/49 
f 1014/49 1015/49 1019/49 1018/49 
f 1021/49 1024/49 1023/49 1022/49 
f 1025/49 1026/49 1027/49 1028/49 
f 1021/49 1022/49 1026/49 1025/49 
f 1023/49 1024/49 1028/49 1027/49 
f 1024/49 1021/49 1025/49 1028/49 
f 1022/49 1023/49 1027/49 1026/49 
f 1035/50 1036/50 1039/50 1040/50 
f 1036/50 1037/50 1038/50 1039/50 
f 1034/50 1033/50 1030/50 1029/50 
f 1033/50 1032/50 1031/50 1030/50 
f 1029/50 1030/50 1036/50 1035/50 
f 1030/50 1031/50 1037/50 1036/50 
f 1031/50 1032/50 1038/50 1037/50 
f 1032/50 1033/50 1039/50 1038/50 
f 1033/50 1034/50 1040/50 1039/50 
f 1034/50 1029/50 1035/50 1040/50 
usemtl Floor
f 1047/51 1048/51 1051/51 1052/51 
f 1048/51 1049/51 1050/51 1051/51 
f 1046/51 1045/51 1042/51 1041/51 
f 1045/51 1044/51 1043/51 1042/51 
f 1041/51 1042/51 1048/51 1047/51 
f 1042/51 1043/51 1049/51 1048/51 
f 1043/51 1044/51 1050/51 1049/51 
f 1044/51 1045/51 1051/51 1050/51 
f 1045/51 1046/51 1052/51 1051/51 
f 1046/51 1041/51 1047/51 1052/51 
usemtl wire_006134006
f 1059/51 1060/51 1063/51 1064/51 
f 1060/51 1061/51 1062/51 1063/51 
f 1058/51 1057/51 1054/51 1053/51 
f 1057/51 1056/51 1055/51 1054/51 
f 1053/51 1054/51 1060/51 1059/51 
f 1054/51 1055/51 1061/51 1060/51 
f 1055/51 1056/51 1062/51 1061/51 
f 1056/51 1057/51 1063/51 1062/51 
f 1057/51 1058/51 1064/51 1063/51 
f 1058/51 1053/51 1059/51 1064/51 
usemtl Floor
f 1065/52 1068/52 1067/52 1066/52 
f 1069/52 1070/52 1071/52 1072/52 
f 1065/52 1066/52 1070/52 1069/52 
f 1067/52 1068/52 1072/52 1071/52 
f 1068/52 1065/52 1069/52 1072/52 
f 1066/52 1067/52 1071/52 1070/52 
f 1073/52 1076/52 1075/52 1074/52 
f 1077/52 1078/52 1079/52 1080/52 
f 1073/52 1074/52 1078/52 1077/52 
f 1075/52 1076/52 1080/52 1079/52 
f 1076/52 1073/52 1077/52 1080/52 
f 1074/52 1075/52 1079/52 1078/52 
f 1081/52 1084/52 1083/52 1082/52 
f 1085/52 1086/52 1087/52 1088/52 
f 1081/52 1082/52 1086/52 1085/52 
f 1083/52 1084/52 1088/52 1087/52 
f 1084/52 1081/52 1085/52 1088/52 
f 1082/52 1083/52 1087/52 1086/52 
f 1089/52 1092/52 1091/52 1090/52 
f 1093/52 1094/52 1095/52 1096/52 
f 1089/52 1090/52 1094/52 1093/52 
f 1091/52 1092/52 1096/52 1095/52 
f 1092/52 1089/52 1093/52 1096/52 
f 1090/52 1091/52 1095/52 1094/52 
f 1097/52 1100/52 1099/52 1098/52 
f 1101/52 1102/52 1103/52 1104/52 
f 1097/52 1098/52 1102/52 1101/52 
f 1099/52 1100/52 1104/52 1103/52 
f 1100/52 1097/52 1101/52 1104/52 
f 1098/52 1099/52 1103/52 1102/52 
f 1105/52 1108/52 1107/52 1106/52 
f 1109/52 1110/52 1111/52 1112/52 
f 1105/52 1106/52 1110/52 1109/52 
f 1107/52 1108/52 1112/52 1111/52 
f 1108/52 1105/52 1109/52 1112/52 
f 1106/52 1107/52 1111/52 1110/52 
f 1113/52 1116/52 1115/52 1114/52 
f 1117/52 1118/52 1119/52 1120/52 
f 1113/52 1114/52 1118/52 1117/52 
f 1115/52 1116/52 1120/52 1119/52 
f 1116/52 1113/52 1117/52 1120/52 
f 1114/52 1115/52 1119/52 1118/52 
f 1121/52 1124/52 1123/52 1122/52 
f 1125/52 1126/52 1127/52 1128/52 
f 1121/52 1122/52 1126/52 1125/52 
f 1123/52 1124/52 1128/52 1127/52 
f 1124/52 1121/52 1125/52 1128/52 
f 1122/52 1123/52 1127/52 1126/52 
usemtl wire_006134006
f 1129/52 1132/52 1131/52 1130/52 
f 1133/52 1134/52 1135/52 1136/52 
f 1129/52 1130/52 1134/52 1133/52 
f 1131/52 1132/52 1136/52 1135/52 
f 1132/52 1129/52 1133/52 1136/52 
f 1130/52 1131/52 1135/52 1134/52 
f 1137/52 1140/52 1139/52 1138/52 
f 1141/52 1142/52 1143/52 1144/52 
f 1137/52 1138/52 1142/52 1141/52 
f 1139/52 1140/52 1144/52 1143/52 
f 1140/52 1137/52 1141/52 1144/52 
f 1138/52 1139/52 1143/52 1142/52 
f 1145/52 1148/52 1147/52 1146/52 
f 1149/52 1150/52 1151/52 1152/52 
f 1145/52 1146/52 1150/52 1149/52 
f 1147/52 1148/52 1152/52 1151/52 
f 1148/52 1145/52 1149/52 1152/52 
f 1146/52 1147/52 1151/52 1150/52 
f 1153/53 1156/53 1155/53 1154/53 
f 1157/53 1158/53 1159/53 1160/53 
f 1153/53 1154/53 1158/53 1157/53 
f 1155/53 1156/53 1160/53 1159/53 
f 1156/53 1153/53 1157/53 1160/53 
f 1154/53 1155/53 1159/53 1158/53 
f 1161/53 1164/53 1163/53 1162/53 
f 1165/53 1166/53 1167/53 1168/53 
f 1161/53 1162/53 1166/53 1165/53 
f 1163/53 1164/53 1168/53 1167/53 
f 1164/53 1161/53 1165/53 1168/53 
f 1162/53 1163/53 1167/53 1166/53 
f 1169/53 1172/53 1171/53 1170/53 
f 1173/53 1174/53 1175/53 1176/53 
f 1169/53 1170/53 1174/53 1173/53 
f 1171/53 1172/53 1176/53 1175/53 
f 1172/53 1169/53 1173/53 1176/53 
f 1170/53 1171/53 1175/53 1174/53 
f 1177/53 1180/53 1179/53 1178/53 
f 1181/53 1182/53 1183/53 1184/53 
f 1177/53 1178/53 1182/53 1181/53 
f 1179/53 1180/53 1184/53 1183/53 
f 1180/53 1177/53 1181/53 1184/53 
f 1178/53 1179/53 1183/53 1182/53 
f 1185/53 1188/53 1187/53 1186/53 
f 1189/53 1190/53 1191/53 1192/53 
f 1185/53 1186/53 1190/53 1189/53 
f 1187/53 1188/53 1192/53 1191/53 
f 1188/53 1185/53 1189/53 1192/53 
f 1186/53 1187/53 1191/53 1190/53 
f 1193/54 1196/54 1195/54 1194/54 
f 1197/54 1198/54 1199/54 1200/54 
f 1193/54 1194/54 1198/54 1197/54 
f 1195/54 1196/54 1200/54 1199/54 
f 1196/54 1193/54 1197/54 1200/54 
f 1194/54 1195/54 1199/54 1198/54 
f 1201/54 1204/54 1203/54 1202/54 
f 1205/54 1206/54 1207/54 1208/54 
f 1201/54 1202/54 1206/54 1205/54 
f 1203/54 1204/54 1208/54 1207/54 
f 1204/54 1201/54 1205/54 1208/54 
f 1202/54 1203/54 1207/54 1206/54 
f 1209/54 1212/54 1211/54 1210/54 
f 1213/54 1214/54 1215/54 1216/54 
f 1209/54 1210/54 1214/54 1213/54 
f 1211/54 1212/54 1216/54 1215/54 
f 1212/54 1209/54 1213/54 1216/54 
f 1210/54 1211/54 1215/54 1214/54 
f 1217/54 1220/54 1219/54 1218/54 
f 1221/54 1222/54 1223/54 1224/54 
f 1217/54 1218/54 1222/54 1221/54 
f 1219/54 1220/54 1224/54 1223/54 
f 1220/54 1217/54 1221/54 1224/54 
f 1218/54 1219/54 1223/54 1222/54 
f 1225/54 1228/54 1227/54 1226/54 
f 1229/54 1230/54 1231/54 1232/54 
f 1225/54 1226/54 1230/54 1229/54 
f 1227/54 1228/54 1232/54 1231/54 
f 1228/54 1225/54 1229/54 1232/54 
f 1226/54 1227/54 1231/54 1230/54 
f 1239/55 1240/55 1243/55 1244/55 
f 1240/55 1241/55 1242/55 1243/55 
f 1238/55 1237/55 1234/55 1233/55 
f 1237/55 1236/55 1235/55 1234/55 
f 1233/55 1234/55 1240/55 1239/55 
f 1234/55 1235/55 1241/55 1240/55 
f 1235/55 1236/55 1242/55 1241/55 
f 1236/55 1237/55 1243/55 1242/55 
f 1237/55 1238/55 1244/55 1243/55 
f 1238/55 1233/55 1239/55 1244/55 
usemtl Floor
f 1251/56 1252/56 1255/56 1256/56 
f 1252/56 1253/56 1254/56 1255/56 
f 1250/56 1249/56 1246/56 1245/56 
f 1249/56 1248/56 1247/56 1246/56 
f 1245/56 1246/56 1252/56 1251/56 
f 1246/56 1247/56 1253/56 1252/56 
f 1247/56 1248/56 1254/56 1253/56 
f 1248/56 1249/56 1255/56 1254/56 
f 1249/56 1250/56 1256/56 1255/56 
f 1250/56 1245/56 1251/56 1256/56 
usemtl wire_006134006
f 1263/56 1264/56 1267/56 1268/56 
f 1264/56 1265/56 1266/56 1267/56 
f 1262/56 1261/56 1258/56 1257/56 
f 1261/56 1260/56 1259/56 1258/56 
f 1257/56 1258/56 1264/56 1263/56 
f 1258/56 1259/56 1265/56 1264/56 
f 1259/56 1260/56 1266/56 1265/56 
f 1260/56 1261/56 1267/56 1266/56 
f 1261/56 1262/56 1268/56 1267/56 
f 1262/56 1257/56 1263/56 1268/56 
usemtl Floor
f 1269/57 1272/57 1271/57 1270/57 
f 1273/57 1274/57 1275/57 1276/57 
f 1269/57 1270/57 1274/57 1273/57 
f 1271/57 1272/57 1276/57 1275/57 
f 1272/57 1269/57 1273/57 1276/57 
f 1270/57 1271/57 1275/57 1274/57 
f 1277/57 1280/57 1279/57 1278/57 
f 1281/57 1282/57 1283/57 1284/57 
f 1277/57 1278/57 1282/57 1281/57 
f 1279/57 1280/57 1284/57 1283/57 
f 1280/57 1277/57 1281/57 1284/57 
f 1278/57 1279/57 1283/57 1282/57 
f 1285/57 1288/57 1287/57 1286/57 
f 1289/57 1290/57 1291/57 1292/57 
f 1285/57 1286/57 1290/57 1289/57 
f 1287/57 1288/57 1292/57 1291/57 
f 1288/57 1285/57 1289/57 1292/57 
f 1286/57 1287/57 1291/57 1290/57 
f 1293/57 1296/57 1295/57 1294/57 
f 1297/57 1298/57 1299/57 1300/57 
f 1293/57 1294/57 1298/57 1297/57 
f 1295/57 1296/57 1300/57 1299/57 
f 1296/57 1293/57 1297/57 1300/57 
f 1294/57 1295/57 1299/57 1298/57 
f 1301/57 1304/57 1303/57 1302/57 
f 1305/57 1306/57 1307/57 1308/57 
f 1301/57 1302/57 1306/57 1305/57 
f 1303/57 1304/57 1308/57 1307/57 
f 1304/57 1301/57 1305/57 1308/57 
f 1302/57 1303/57 1307/57 1306/57 
f 1309/57 1312/57 1311/57 1310/57 
f 1313/57 1314/57 1315/57 1316/57 
f 1309/57 1310/57 1314/57 1313/57 
f 1311/57 1312/57 1316/57 1315/57 
f 1312/57 1309/57 1313/57 1316/57 
f 1310/57 1311/57 1315/57 1314/57 
f 1317/57 1320/57 1319/57 1318/57 
f 1321/57 1322/57 1323/57 1324/57 
f 1317/57 1318/57 1322/57 1321/57 
f 1319/57 1320/57 1324/57 1323/57 
f 1320/57 1317/57 1321/57 1324/57 
f 1318/57 1319/57 1323/57 1322/57 
f 1325/57 1328/57 1327/57 1326/57 
f 1329/57 1330/57 1331/57 1332/57 
f 1325/57 1326/57 1330/57 1329/57 
f 1327/57 1328/57 1332/57 1331/57 
f 1328/57 1325/57 1329/57 1332/57 
f 1326/57 1327/57 1331/57 1330/57 
usemtl wire_006134006
f 1333/57 1336/57 1335/57 1334/57 
f 1337/57 1338/57 1339/57 1340/57 
f 1333/57 1334/57 1338/57 1337/57 
f 1335/57 1336/57 1340/57 1339/57 
f 1336/57 1333/57 1337/57 1340/57 
f 1334/57 1335/57 1339/57 1338/57 
f 1341/57 1344/57 1343/57 1342/57 
f 1345/57 1346/57 1347/57 1348/57 
f 1341/57 1342/57 1346/57 1345/57 
f 1343/57 1344/57 1348/57 1347/57 
f 1344/57 1341/57 1345/57 1348/57 
f 1342/57 1343/57 1347/57 1346/57 
f 1349/57 1352/57 1351/57 1350/57 
f 1353/57 1354/57 1355/57 1356/57 
f 1349/57 1350/57 1354/57 1353/57 
f 1351/57 1352/57 1356/57 1355/57 
f 1352/57 1349/57 1353/57 1356/57 
f 1350/57 1351/57 1355/57 1354/57 
f 1357/58 1360/58 1359/58 1358/58 
f 1361/58 1362/58 1363/58 1364/58 
f 1357/58 1358/58 1362/58 1361/58 
f 1359/58 1360/58 1364/58 1363/58 
f 1360/58 1357/58 1361/58 1364/58 
f 1358/58 1359/58 1363/58 1362/58 
f 1365/58 1368/58 1367/58 1366/58 
f 1369/58 1370/58 1371/58 1372/58 
f 1365/58 1366/58 1370/58 1369/58 
f 1367/58 1368/58 1372/58 1371/58 
f 1368/58 1365/58 1369/58 1372/58 
f 1366/58 1367/58 1371/58 1370/58 
f 1373/58 1376/58 1375/58 1374/58 
f 1377/58 1378/58 1379/58 1380/58 
f 1373/58 1374/58 1378/58 1377/58 
f 1375/58 1376/58 1380/58 1379/58 
f 1376/58 1373/58 1377/58 1380/58 
f 1374/58 1375/58 1379/58 1378/58 
f 1381/58 1384/58 1383/58 1382/58 
f 1385/58 1386/58 1387/58 1388/58 
f 1381/58 1382/58 1386/58 1385/58 
f 1383/58 1384/58 1388/58 1387/58 
f 1384/58 1381/58 1385/58 1388/58 
f 1382/58 1383/58 1387/58 1386/58 
f 1389/58 1392/58 1391/58 1390/58 
f 1393/58 1394/58 1395/58 1396/58 
f 1389/58 1390/58 1394/58 1393/58 
f 1391/58 1392/58 1396/58 1395/58 
f 1392/58 1389/58 1393/58 1396/58 
f 1390/58 1391/58 1395/58 1394/58 
f 1397/59 1400/59 1399/59 1398/59 
f 1401/59 1402/59 1403/59 1404/59 
f 1397/59 1398/59 1402/59 1401/59 
f 1399/59 1400/59 1404/59 1403/59 
f 1400/59 1397/59 1401/59 1404/59 
f 1398/59 1399/59 1403/59 1402/59 
f 1405/59 1408/59 1407/59 1406/59 
f 1409/59 1410/59 1411/59 1412/59 
f 1405/59 1406/59 1410/59 1409/59 
f 1407/59 1408/59 1412/59 1411/59 
f 1408/59 1405/59 1409/59 1412/59 
f 1406/59 1407/59 1411/59 1410/59 
f 1413/59 1416/59 1415/59 1414/59 
f 1417/59 1418/59 1419/59 1420/59 
f 1413/59 1414/59 1418/59 1417/59 
f 1415/59 1416/59 1420/59 1419/59 
f 1416/59 1413/59 1417/59 1420/59 
f 1414/59 1415/59 1419/59 1418/59 
f 1421/59 1424/59 1423/59 1422/59 
f 1425/59 1426/59 1427/59 1428/59 
f 1421/59 1422/59 1426/59 1425/59 
f 1423/59 1424/59 1428/59 1427/59 
f 1424/59 1421/59 1425/59 1428/59 
f 1422/59 1423/59 1427/59 1426/59 
f 1429/59 1432/59 1431/59 1430/59 
f 1433/59 1434/59 1435/59 1436/59 
f 1429/59 1430/59 1434/59 1433/59 
f 1431/59 1432/59 1436/59 1435/59 
f 1432/59 1429/59 1433/59 1436/59 
f 1430/59 1431/59 1435/59 1434/59 
f 1443/60 1444/60 1447/60 1448/60 
f 1444/60 1445/60 1446/60 1447/60 
f 1442/60 1441/60 1438/60 1437/60 
f 1441/60 1440/60 1439/60 1438/60 
f 1437/60 1438/60 1444/60 1443/60 
f 1438/60 1439/60 1445/60 1444/60 
f 1439/60 1440/60 1446/60 1445/60 
f 1440/60 1441/60 1447/60 1446/60 
f 1441/60 1442/60 1448/60 1447/60 
f 1442/60 1437/60 1443/60 1448/60 
usemtl Floor
f 1455/61 1456/61 1459/61 1460/61 
f 1456/61 1457/61 1458/61 1459/61 
f 1454/61 1453/61 1450/61 1449/61 
f 1453/61 1452/61 1451/61 1450/61 
f 1449/61 1450/61 1456/61 1455/61 
f 1450/61 1451/61 1457/61 1456/61 
f 1451/61 1452/61 1458/61 1457/61 
f 1452/61 1453/61 1459/61 1458/61 
f 1453/61 1454/61 1460/61 1459/61 
f 1454/61 1449/61 1455/61 1460/61 
usemtl wire_006134006
f 1467/61 1468/61 1471/61 1472/61 
f 1468/61 1469/61 1470/61 1471/61 
f 1466/61 1465/61 1462/61 1461/61 
f 1465/61 1464/61 1463/61 1462/61 
f 1461/61 1462/61 1468/61 1467/61 
f 1462/61 1463/61 1469/61 1468/61 
f 1463/61 1464/61 1470/61 1469/61 
f 1464/61 1465/61 1471/61 1470/61 
f 1465/61 1466/61 1472/61 1471/61 
f 1466/61 1461/61 1467/61 1472/61 
usemtl Floor
f 1473/62 1476/62 1475/62 1474/62 
f 1477/62 1478/62 1479/62 1480/62 
f 1473/62 1474/62 1478/62 1477/62 
f 1475/62 1476/62 1480/62 1479/62 
f 1476/62 1473/62 1477/62 1480/62 
f 1474/62 1475/62 1479/62 1478/62 
f 1481/62 1484/62 1483/62 1482/62 
f 1485/62 1486/62 1487/62 1488/62 
f 1481/62 1482/62 1486/62 1485/62 
f 1483/62 1484/62 1488/62 1487/62 
f 1484/62 1481/62 1485/62 1488/62 
f 1482/62 1483/62 1487/62 1486/62 
f 1489/62 1492/62 1491/62 1490/62 
f 1493/62 1494/62 1495/62 1496/62 
f 1489/62 1490/62 1494/62 1493/62 
f 1491/62 1492/62 1496/62 1495/62 
f 1492/62 1489/62 1493/62 1496/62 
f 1490/62 1491/62 1495/62 1494/62 
f 1497/62 1500/62 1499/62 1498/62 
f 1501/62 1502/62 1503/62 1504/62 
f 1497/62 1498/62 1502/62 1501/62 
f 1499/62 1500/62 1504/62 1503/62 
f 1500/62 1497/62 1501/62 1504/62 
f 1498/62 1499/62 1503/62 1502/62 
f 1505/62 1508/62 1507/62 1506/62 
f 1509/62 1510/62 1511/62 1512/62 
f 1505/62 1506/62 1510/62 1509/62 
f 1507/62 1508/62 1512/62 1511/62 
f 1508/62 1505/62 1509/62 1512/62 
f 1506/62 1507/62 1511/62 1510/62 
f 1513/62 1516/62 1515/62 1514/62 
f 1517/62 1518/62 1519/62 1520/62 
f 1513/62 1514/62 1518/62 1517/62 
f 1515/62 1516/62 1520/62 1519/62 
f 1516/62 1513/62 1517/62 1520/62 
f 1514/62 1515/62 1519/62 1518/62 
f 1521/62 1524/62 1523/62 1522/62 
f 1525/62 1526/62 1527/62 1528/62 
f 1521/62 1522/62 1526/62 1525/62 
f 1523/62 1524/62 1528/62 1527/62 
f 1524/62 1521/62 1525/62 1528/62 
f 1522/62 1523/62 1527/62 1526/62 
f 1529/62 1532/62 1531/62 1530/62 
f 1533/62 1534/62 1535/62 1536/62 
f 1529/62 1530/62 1534/62 1533/62 
f 1531/62 1532/62 1536/62 1535/62 
f 1532/62 1529/62 1533/62 1536/62 
f 1530/62 1531/62 1535/62 1534/62 
usemtl wire_006134006
f 1537/62 1540/62 1539/62 1538/62 
f 1541/62 1542/62 1543/62 1544/62 
f 1537/62 1538/62 1542/62 1541/62 
f 1539/62 1540/62 1544/62 1543/62 
f 1540/62 1537/62 1541/62 1544/62 
f 1538/62 1539/62 1543/62 1542/62 
f 1545/62 1548/62 1547/62 1546/62 
f 1549/62 1550/62 1551/62 1552/62 
f 1545/62 1546/62 1550/62 1549/62 
f 1547/62 1548/62 1552/62 1551/62 
f 1548/62 1545/62 1549/62 1552/62 
f 1546/62 1547/62 1551/62 1550/62 
f 1553/62 1556/62 1555/62 1554/62 
f 1557/62 1558/62 1559/62 1560/62 
f 1553/62 1554/62 1558/62 1557/62 
f 1555/62 1556/62 1560/62 1559/62 
f 1556/62 1553/62 1557/62 1560/62 
f 1554/62 1555/62 1559/62 1558/62 
f 1561/63 1564/63 1563/63 1562/63 
f 1565/63 1566/63 1567/63 1568/63 
f 1561/63 1562/63 1566/63 1565/63 
f 1563/63 1564/63 1568/63 1567/63 
f 1564/63 1561/63 1565/63 1568/63 
f 1562/63 1563/63 1567/63 1566/63 
f 1569/63 1572/63 1571/63 1570/63 
f 1573/63 1574/63 1575/63 1576/63 
f 1569/63 1570/63 1574/63 1573/63 
f 1571/63 1572/63 1576/63 1575/63 
f 1572/63 1569/63 1573/63 1576/63 
f 1570/63 1571/63 1575/63 1574/63 
f 1577/63 1580/63 1579/63 1578/63 
f 1581/63 1582/63 1583/63 1584/63 
f 1577/63 1578/63 1582/63 1581/63 
f 1579/63 1580/63 1584/63 1583/63 
f 1580/63 1577/63 1581/63 1584/63 
f 1578/63 1579/63 1583/63 1582/63 
f 1585/63 1588/63 1587/63 1586/63 
f 1589/63 1590/63 1591/63 1592/63 
f 1585/63 1586/63 1590/63 1589/63 
f 1587/63 1588/63 1592/63 1591/63 
f 1588/63 1585/63 1589/63 1592/63 
f 1586/63 1587/63 1591/63 1590/63 
f 1593/63 1596/63 1595/63 1594/63 
f 1597/63 1598/63 1599/63 1600/63 
f 1593/63 1594/63 1598/63 1597/63 
f 1595/63 1596/63 1600/63 1599/63 
f 1596/63 1593/63 1597/63 1600/63 
f 1594/63 1595/63 1599/63 1598/63 
f 1601/64 1604/64 1603/64 1602/64 
f 1605/64 1606/64 1607/64 1608/64 
f 1601/64 1602/64 1606/64 1605/64 
f 1603/64 1604/64 1608/64 1607/64 
f 1604/64 1601/64 1605/64 1608/64 
f 1602/64 1603/64 1607/64 1606/64 
f 1609/64 1612/64 1611/64 1610/64 
f 1613/64 1614/64 1615/64 1616/64 
f 1609/64 1610/64 1614/64 1613/64 
f 1611/64 1612/64 1616/64 1615/64 
f 1612/64 1609/64 1613/64 1616/64 
f 1610/64 1611/64 1615/64 1614/64 
f 1617/64 1620/64 1619/64 1618/64 
f 1621/64 1622/64 1623/64 1624/64 
f 1617/64 1618/64 1622/64 1621/64 
f 1619/64 1620/64 1624/64 1623/64 
f 1620/64 1617/64 1621/64 1624/64 
f 1618/64 1619/64 1623/64 1622/64 
f 1625/64 1628/64 1627/64 1626/64 
f 1629/64 1630/64 1631/64 1632/64 
f 1625/64 1626/64 1630/64 1629/64 
f 1627/64 1628/64 1632/64 1631/64 
f 1628/64 1625/64 1629/64 1632/64 
f 1626/64 1627/64 1631/64 1630/64 
f 1633/64 1636/64 1635/64 1634/64 
f 1637/64 1638/64 1639/64 1640/64 
f 1633/64 1634/64 1638/64 1637/64 
f 1635/64 1636/64 1640/64 1639/64 
f 1636/64 1633/64 1637/64 1640/64 
f 1634/64 1635/64 1639/64 1638/64 
usemtl Floor
f 1641/65 1645/65 1646/65 1642/65 
f 1642/65 1646/65 1647/65 1643/65 
f 1643/65 1647/65 1648/65 1644/65 
f 1644/65 1648/65 1645/65 1641/65 
f 1645/65 1649/65 1650/65 1646/65 
f 1646/65 1650/65 1651/65 1647/65 
f 1647/65 1651/65 1652/65 1648/65 
f 1648/65 1652/65 1649/65 1645/65 
f 1649/65 1653/65 1654/65 1650/65 
f 1650/65 1654/65 1655/65 1651/65 
f 1651/65 1655/65 1656/65 1652/65 
f 1652/65 1656/65 1653/65 1649/65 
f 1653/65 1657/65 1658/65 1654/65 
f 1654/65 1658/65 1659/65 1655/65 
f 1655/65 1659/65 1660/65 1656/65 
f 1656/65 1660/65 1657/65 1653/65 
f 1657/65 1661/65 1662/65 1658/65 
f 1658/65 1662/65 1663/65 1659/65 
f 1659/65 1663/65 1664/65 1660/65 
f 1660/65 1664/65 1661/65 1657/65 
f 1661/65 1665/65 1666/65 1662/65 
f 1662/65 1666/65 1667/65 1663/65 
f 1663/65 1667/65 1668/65 1664/65 
f 1664/65 1668/65 1665/65 1661/65 
f 1665/65 1669/65 1670/65 1666/65 
f 1666/65 1670/65 1671/65 1667/65 
f 1667/65 1671/65 1672/65 1668/65 
f 1668/65 1672/65 1669/65 1665/65 
f 1669/65 1673/65 1674/65 1670/65 
f 1670/65 1674/65 1675/65 1671/65 
f 1671/65 1675/65 1676/65 1672/65 
f 1672/65 1676/65 1673/65 1669/65 
f 1673/65 1677/65 1678/65 1674/65 
f 1674/65 1678/65 1679/65 1675/65 
f 1675/65 1679/65 1680/65 1676/65 
f 1676/65 1680/65 1677/65 1673/65 
f 1677/65 1681/65 1682/65 1678/65 
f 1678/65 1682/65 1683/65 1679/65 
f 1679/65 1683/65 1684/65 1680/65 
f 1680/65 1684/65 1681/65 1677/65 
f 1681/65 1685/65 1686/65 1682/65 
f 1682/65 1686/65 1687/65 1683/65 
f 1683/65 1687/65 1688/65 1684/65 
f 1684/65 1688/65 1685/65 1681/65 
f 1685/65 1689/65 1690/65 1686/65 
f 1686/65 1690/65 1691/65 1687/65 
f 1687/65 1691/65 1692/65 1688/65 
f 1688/65 1692/65 1689/65 1685/65 
f 1689/65 1693/65 1694/65 1690/65 
f 1690/65 1694/65 1695/65 1691/65 
f 1691/65 1695/65 1696/65 1692/65 
f 1692/65 1696/65 1693/65 1689/65 
f 1693/65 1697/65 1698/65 1694/65 
f 1694/65 1698/65 1699/65 1695/65 
f 1695/65 1699/65 1700/65 1696/65 
f 1696/65 1700/65 1697/65 1693/65 
f 1697/65 1701/65 1702/65 1698/65 
f 1698/65 1702/65 1703/65 1699/65 
f 1699/65 1703/65 1704/65 1700/65 
f 1700/65 1704/65 1701/65 1697/65 
f 1701/65 1705/65 1706/65 1702/65 
f 1702/65 1706/65 1707/65 1703/65 
f 1703/65 1707/65 1708/65 1704/65 
f 1704/65 1708/65 1705/65 1701/65 
f 1705/65 1709/65 1710/65 1706/65 
f 1706/65 1710/65 1711/65 1707/65 
f 1707/65 1711/65 1712/65 1708/65 
f 1708/65 1712/65 1709/65 1705/65 
f 1709/65 1713/65 1714/65 1710/65 
f 1710/65 1714/65 1715/65 1711/65 
f 1711/65 1715/65 1716/65 1712/65 
f 1712/65 1716/65 1713/65 1709/65 
f 1713/65 1717/65 1718/65 1714/65 
f 1714/65 1718/65 1719/65 1715/65 
f 1715/65 1719/65 1720/65 1716/65 
f 1716/65 1720/65 1717/65 1713/65 
f 1717/65 1721/65 1722/65 1718/65 
f 1718/65 1722/65 1723/65 1719/65 
f 1719/65 1723/65 1724/65 1720/65 
f 1720/65 1724/65 1721/65 1717/65 
f 1721/65 1725/65 1726/65 1722/65 
f 1722/65 1726/65 1727/65 1723/65 
f 1723/65 1727/65 1728/65 1724/65 
f 1724/65 1728/65 1725/65 1721/65 
f 1725/65 1729/65 1730/65 1726/65 
f 1726/65 1730/65 1731/65 1727/65 
f 1727/65 1731/65 1732/65 1728/65 
f 1728/65 1732/65 1729/65 1725/65 
f 1729/65 1733/65 1734/65 1730/65 
f 1730/65 1734/65 1735/65 1731/65 
f 1731/65 1735/65 1736/65 1732/65 
f 1732/65 1736/65 1733/65 1729/65 
f 1733/65 1737/65 1738/65 1734/65 
f 1734/65 1738/65 1739/65 1735/65 
f 1735/65 1739/65 1740/65 1736/65 
f 1736/65 1740/65 1737/65 1733/65 
f 1737/65 1741/65 1742/65 1738/65 
f 1738/65 1742/65 1743/65 1739/65 
f 1739/65 1743/65 1744/65 1740/65 
f 1740/65 1744/65 1741/65 1737/65 
f 1741/65 1745/65 1746/65 1742/65 
f 1742/65 1746/65 1747/65 1743/65 
f 1743/65 1747/65 1748/65 1744/65 
f 1744/65 1748/65 1745/65 1741/65 
f 1745/65 1749/65 1750/65 1746/65 
f 1746/65 1750/65 1751/65 1747/65 
f 1747/65 1751/65 1752/65 1748/65 
f 1748/65 1752/65 1749/65 1745/65 
f 1749/65 1753/65 1754/65 1750/65 
f 1750/65 1754/65 1755/65 1751/65 
f 1751/65 1755/65 1756/65 1752/65 
f 1752/65 1756/65 1753/65 1749/65 
f 1753/65 1757/65 1758/65 1754/65 
f 1754/65 1758/65 1759/65 1755/65 
f 1755/65 1759/65 1760/65 1756/65 
f 1756/65 1760/65 1757/65 1753/65 
f 1757/65 1761/65 1762/65 1758/65 
f 1758/65 1762/65 1763/65 1759/65 
f 1759/65 1763/65 1764/65 1760/65 
f 1760/65 1764/65 1761/65 1757/65 
f 1761/65 1765/65 1766/65 1762/65 
f 1762/65 1766/65 1767/65 1763/65 
f 1763/65 1767/65 1768/65 1764/65 
f 1764/65 1768/65 1765/65 1761/65 
f 1765/65 1769/65 1770/65 1766/65 
f 1766/65 1770/65 1771/65 1767/65 
f 1767/65 1771/65 1772/65 1768/65 
f 1768/65 1772/65 1769/65 1765/65 
f 1769/65 1773/65 1774/65 1770/65 
f 1770/65 1774/65 1775/65 1771/65 
f 1771/65 1775/65 1776/65 1772/65 
f 1772/65 1776/65 1773/65 1769/65 
f 1773/65 1777/65 1778/65 1774/65 
f 1774/65 1778/65 1779/65 1775/65 
f 1775/65 1779/65 1780/65 1776/65 
f 1776/65 1780/65 1777/65 1773/65 
f 1777/65 1781/65 1782/65 1778/65 
f 1778/65 1782/65 1783/65 1779/65 
f 1779/65 1783/65 1784/65 1780/65 
f 1780/65 1784/65 1781/65 1777/65 
f 1781/65 1785/65 1786/65 1782/65 
f 1782/65 1786/65 1787/65 1783/65 
f 1783/65 1787/65 1788/65 1784/65 
f 1784/65 1788/65 1785/65 1781/65 
f 1785/65 1789/65 1790/65 1786/65 
f 1786/65 1790/65 1791/65 1787/65 
f 1787/65 1791/65 1792/65 1788/65 
f 1788/65 1792/65 1789/65 1785/65 
f 1789/65 1793/65 1794/65 1790/65 
f 1790/65 1794/65 1795/65 1791/65 
f 1791/65 1795/65 1796/65 1792/65 
f 1792/65 1796/65 1793/65 1789/65 
f 1793/65 1797/65 1798/65 1794/65 
f 1794/65 1798/65 1799/65 1795/65 
f 1795/65 1799/65 1800/65 1796/65 
f 1796/65 1800/65 1797/65 1793/65 
f 1797/65 1801/65 1802/65 1798/65 
f 1798/65 1802/65 1803/65 1799/65 
f 1799/65 1803/65 1804/65 1800/65 
f 1800/65 1804/65 1801/65 1797/65 
f 1801/65 1805/65 1806/65 1802/65 
f 1802/65 1806/65 1807/65 1803/65 
f 1803/65 1807/65 1808/65 1804/65 
f 1804/65 1808/65 1805/65 1801/65 
f 1805/65 1809/65 1810/65 1806/65 
f 1806/65 1810/65 1811/65 1807/65 
f 1807/65 1811/65 1812/65 1808/65 
f 1808/65 1812/65 1809/65 1805/65 
f 1809/65 1813/65 1814/65 1810/65 
f 1810/65 1814/65 1815/65 1811/65 
f 1811/65 1815/65 1816/65 1812/65 
f 1812/65 1816/65 1813/65 1809/65 
f 1813/65 1817/65 1818/65 1814/65 
f 1814/65 1818/65 1819/65 1815/65 
f 1815/65 1819/65 1820/65 1816/65 
f 1816/65 1820/65 1817/65 1813/65 
f 1817/65 1821/65 1822/65 1818/65 
f 1818/65 1822/65 1823/65 1819/65 
f 1819/65 1823/65 1824/65 1820/65 
f 1820/65 1824/65 1821/65 1817/65 
f 1821/65 1825/65 1826/65 1822/65 
f 1822/65 1826/65 1827/65 1823/65 
f 1823/65 1827/65 1828/65 1824/65 
f 1824/65 1828/65 1825/65 1821/65 
f 1825/65 1829/65 1830/65 1826/65 
f 1826/65 1830/65 1831/65 1827/65 
f 1827/65 1831/65 1832/65 1828/65 
f 1828/65 1832/65 1829/65 1825/65 
f 1829/65 1641/65 1642/65 1830/65 
f 1830/65 1642/65 1643/65 1831/65 
f 1831/65 1643/65 1644/65 1832/65 
f 1832/65 1644/65 1641/65 1829/65 
usemtl wire_006134006
f 1833/65 1837/65 1838/65 1834/65 
f 1834/65 1838/65 1839/65 1835/65 
f 1835/65 1839/65 1840/65 1836/65 
f 1836/65 1840/65 1837/65 1833/65 
f 1837/65 1841/65 1842/65 1838/65 
f 1838/65 1842/65 1843/65 1839/65 
f 1839/65 1843/65 1844/65 1840/65 
f 1840/65 1844/65 1841/65 1837/65 
f 1841/65 1845/65 1846/65 1842/65 
f 1842/65 1846/65 1847/65 1843/65 
f 1843/65 1847/65 1848/65 1844/65 
f 1844/65 1848/65 1845/65 1841/65 
f 1845/65 1849/65 1850/65 1846/65 
f 1846/65 1850/65 1851/65 1847/65 
f 1847/65 1851/65 1852/65 1848/65 
f 1848/65 1852/65 1849/65 1845/65 
f 1849/65 1853/65 1854/65 1850/65 
f 1850/65 1854/65 1855/65 1851/65 
f 1851/65 1855/65 1856/65 1852/65 
f 1852/65 1856/65 1853/65 1849/65 
f 1853/65 1857/65 1858/65 1854/65 
f 1854/65 1858/65 1859/65 1855/65 
f 1855/65 1859/65 1860/65 1856/65 
f 1856/65 1860/65 1857/65 1853/65 
f 1857/65 1861/65 1862/65 1858/65 
f 1858/65 1862/65 1863/65 1859/65 
f 1859/65 1863/65 1864/65 1860/65 
f 1860/65 1864/65 1861/65 1857/65 
f 1861/65 1865/65 1866/65 1862/65 
f 1862/65 1866/65 1867/65 1863/65 
f 1863/65 1867/65 1868/65 1864/65 
f 1864/65 1868/65 1865/65 1861/65 
f 1865/65 1869/65 1870/65 1866/65 
f 1866/65 1870/65 1871/65 1867/65 
f 1867/65 1871/65 1872/65 1868/65 
f 1868/65 1872/65 1869/65 1865/65 
f 1869/65 1873/65 1874/65 1870/65 
f 1870/65 1874/65 1875/65 1871/65 
f 1871/65 1875/65 1876/65 1872/65 
f 1872/65 1876/65 1873/65 1869/65 
f 1873/65 1877/65 1878/65 1874/65 
f 1874/65 1878/65 1879/65 1875/65 
f 1875/65 1879/65 1880/65 1876/65 
f 1876/65 1880/65 1877/65 1873/65 
f 1877/65 1881/65 1882/65 1878/65 
f 1878/65 1882/65 1883/65 1879/65 
f 1879/65 1883/65 1884/65 1880/65 
f 1880/65 1884/65 1881/65 1877/65 
f 1881/65 1885/65 1886/65 1882/65 
f 1882/65 1886/65 1887/65 1883/65 
f 1883/65 1887/65 1888/65 1884/65 
f 1884/65 1888/65 1885/65 1881/65 
f 1885/65 1889/65 1890/65 1886/65 
f 1886/65 1890/65 1891/65 1887/65 
f 1887/65 1891/65 1892/65 1888/65 
f 1888/65 1892/65 1889/65 1885/65 
f 1889/65 1893/65 1894/65 1890/65 
f 1890/65 1894/65 1895/65 1891/65 
f 1891/65 1895/65 1896/65 1892/65 
f 1892/65 1896/65 1893/65 1889/65 
f 1893/65 1897/65 1898/65 1894/65 
f 1894/65 1898/65 1899/65 1895/65 
f 1895/65 1899/65 1900/65 1896/65 
f 1896/65 1900/65 1897/65 1893/65 
f 1897/65 1901/65 1902/65 1898/65 
f 1898/65 1902/65 1903/65 1899/65 
f 1899/65 1903/65 1904/65 1900/65 
f 1900/65 1904/65 1901/65 1897/65 
f 1901/65 1905/65 1906/65 1902/65 
f 1902/65 1906/65 1907/65 1903/65 
f 1903/65 1907/65 1908/65 1904/65 
f 1904/65 1908/65 1905/65 1901/65 
f 1905/65 1909/65 1910/65 1906/65 
f 1906/65 1910/65 1911/65 1907/65 
f 1907/65 1911/65 1912/65 1908/65 
f 1908/65 1912/65 1909/65 1905/65 
f 1909/65 1913/65 1914/65 1910/65 
f 1910/65 1914/65 1915/65 1911/65 
f 1911/65 1915/65 1916/65 1912/65 
f 1912/65 1916/65 1913/65 1909/65 
f 1913/65 1917/65 1918/65 1914/65 
f 1914/65 1918/65 1919/65 1915/65 
f 1915/65 1919/65 1920/65 1916/65 
f 1916/65 1920/65 1917/65 1913/65 
f 1917/65 1921/65 1922/65 1918/65 
f 1918/65 1922/65 1923/65 1919/65 
f 1919/65 1923/65 1924/65 1920/65 
f 1920/65 1924/65 1921/65 1917/65 
f 1921/65 1925/65 1926/65 1922/65 
f 1922/65 1926/65 1927/65 1923/65 
f 1923/65 1927/65 1928/65 1924/65 
f 1924/65 1928/65 1925/65 1921/65 
f 1925/65 1929/65 1930/65 1926/65 
f 1926/65 1930/65 1931/65 1927/65 
f 1927/65 1931/65 1932/65 1928/65 
f 1928/65 1932/65 1929/65 1925/65 
f 1929/65 1933/65 1934/65 1930/65 
f 1930/65 1934/65 1935/65 1931/65 
f 1931/65 1935/65 1936/65 1932/65 
f 1932/65 1936/65 1933/65 1929/65 
f 1933/65 1937/65 1938/65 1934/65 
f 1934/65 1938/65 1939/65 1935/65 
f 1935/65 1939/65 1940/65 1936/65 
f 1936/65 1940/65 1937/65 1933/65 
f 1937/65 1941/65 1942/65 1938/65 
f 1938/65 1942/65 1943/65 1939/65 
f 1939/65 1943/65 1944/65 1940/65 
f 1940/65 1944/65 1941/65 1937/65 
f 1941/65 1945/65 1946/65 1942/65 
f 1942/65 1946/65 1947/65 1943/65 
f 1943/65 1947/65 1948/65 1944/65 
f 1944/65 1948/65 1945/65 1941/65 
f 1945/65 1949/65 1950/65 1946/65 
f 1946/65 1950/65 1951/65 1947/65 
f 1947/65 1951/65 1952/65 1948/65 
f 1948/65 1952/65 1949/65 1945/65 
f 1949/65 1953/65 1954/65 1950/65 
f 1950/65 1954/65 1955/65 1951/65 
f 1951/65 1955/65 1956/65 1952/65 
f 1952/65 1956/65 1953/65 1949/65 
f 1953/65 1957/65 1958/65 1954/65 
f 1954/65 1958/65 1959/65 1955/65 
f 1955/65 1959/65 1960/65 1956/65 
f 1956/65 1960/65 1957/65 1953/65 
f 1957/65 1961/65 1962/65 1958/65 
f 1958/65 1962/65 1963/65 1959/65 
f 1959/65 1963/65 1964/65 1960/65 
f 1960/65 1964/65 1961/65 1957/65 
f 1961/65 1965/65 1966/65 1962/65 
f 1962/65 1966/65 1967/65 1963/65 
f 1963/65 1967/65 1968/65 1964/65 
f 1964/65 1968/65 1965/65 1961/65 
f 1965/65 1969/65 1970/65 1966/65 
f 1966/65 1970/65 1971/65 1967/65 
f 1967/65 1971/65 1972/65 1968/65 
f 1968/65 1972/65 1969/65 1965/65 
f 1969/65 1973/65 1974/65 1970/65 
f 1970/65 1974/65 1975/65 1971/65 
f 1971/65 1975/65 1976/65 1972/65 
f 1972/65 1976/65 1973/65 1969/65 
f 1973/65 1977/65 1978/65 1974/65 
f 1974/65 1978/65 1979/65 1975/65 
f 1975/65 1979/65 1980/65 1976/65 
f 1976/65 1980/65 1977/65 1973/65 
f 1977/65 1981/65 1982/65 1978/65 
f 1978/65 1982/65 1983/65 1979/65 
f 1979/65 1983/65 1984/65 1980/65 
f 1980/65 1984/65 1981/65 1977/65 
f 1981/65 1985/65 1986/65 1982/65 
f 1982/65 1986/65 1987/65 1983/65 
f 1983/65 1987/65 1988/65 1984/65 
f 1984/65 1988/65 1985/65 1981/65 
f 1985/65 1989/65 1990/65 1986/65 
f 1986/65 1990/65 1991/65 1987/65 
f 1987/65 1991/65 1992/65 1988/65 
f 1988/65 1992/65 1989/65 1985/65 
f 1989/65 1993/65 1994/65 1990/65 
f 1990/65 1994/65 1995/65 1991/65 
f 1991/65 1995/65 1996/65 1992/65 
f 1992/65 1996/65 1993/65 1989/65 
f 1993/65 1997/65 1998/65 1994/65 
f 1994/65 1998/65 1999/65 1995/65 
f 1995/65 1999/65 2000/65 1996/65 
f 1996/65 2000/65 1997/65 1993/65 
f 1997/65 2001/65 2002/65 1998/65 
f 1998/65 2002/65 2003/65 1999/65 
f 1999/65 2003/65 2004/65 2000/65 
f 2000/65 2004/65 2001/65 1997/65 
f 2001/65 2005/65 2006/65 2002/65 
f 2002/65 2006/65 2007/65 2003/65 
f 2003/65 2007/65 2008/65 2004/65 
f 2004/65 2008/65 2005/65 2001/65 
f 2005/65 2009/65 2010/65 2006/65 
f 2006/65 2010/65 2011/65 2007/65 
f 2007/65 2011/65 2012/65 2008/65 
f 2008/65 2012/65 2009/65 2005/65 
f 2009/65 2013/65 2014/65 2010/65 
f 2010/65 2014/65 2015/65 2011/65 
f 2011/65 2015/65 2016/65 2012/65 
f 2012/65 2016/65 2013/65 2009/65 
f 2013/65 2017/65 2018/65 2014/65 
f 2014/65 2018/65 2019/65 2015/65 
f 2015/65 2019/65 2020/65 2016/65 
f 2016/65 2020/65 2017/65 2013/65 
f 2017/65 2021/65 2022/65 2018/65 
f 2018/65 2022/65 2023/65 2019/65 
f 2019/65 2023/65 2024/65 2020/65 
f 2020/65 2024/65 2021/65 2017/65 
f 2021/65 1833/65 1834/65 2022/65 
f 2022/65 1834/65 1835/65 2023/65 
f 2023/65 1835/65 1836/65 2024/65 
f 2024/65 1836/65 1833/65 2021/65 
f 2025/65 2029/65 2030/65 2026/65 
f 2026/65 2030/65 2031/65 2027/65 
f 2027/65 2031/65 2032/65 2028/65 
f 2028/65 2032/65 2029/65 2025/65 
f 2029/65 2033/65 2034/65 2030/65 
f 2030/65 2034/65 2035/65 2031/65 
f 2031/65 2035/65 2036/65 2032/65 
f 2032/65 2036/65 2033/65 2029/65 
f 2033/65 2037/65 2038/65 2034/65 
f 2034/65 2038/65 2039/65 2035/65 
f 2035/65 2039/65 2040/65 2036/65 
f 2036/65 2040/65 2037/65 2033/65 
f 2037/65 2041/65 2042/65 2038/65 
f 2038/65 2042/65 2043/65 2039/65 
f 2039/65 2043/65 2044/65 2040/65 
f 2040/65 2044/65 2041/65 2037/65 
f 2041/65 2045/65 2046/65 2042/65 
f 2042/65 2046/65 2047/65 2043/65 
f 2043/65 2047/65 2048/65 2044/65 
f 2044/65 2048/65 2045/65 2041/65 
f 2045/65 2049/65 2050/65 2046/65 
f 2046/65 2050/65 2051/65 2047/65 
f 2047/65 2051/65 2052/65 2048/65 
f 2048/65 2052/65 2049/65 2045/65 
f 2049/65 2053/65 2054/65 2050/65 
f 2050/65 2054/65 2055/65 2051/65 
f 2051/65 2055/65 2056/65 2052/65 
f 2052/65 2056/65 2053/65 2049/65 
f 2053/65 2057/65 2058/65 2054/65 
f 2054/65 2058/65 2059/65 2055/65 
f 2055/65 2059/65 2060/65 2056/65 
f 2056/65 2060/65 2057/65 2053/65 
f 2057/65 2061/65 2062/65 2058/65 
f 2058/65 2062/65 2063/65 2059/65 
f 2059/65 2063/65 2064/65 2060/65 
f 2060/65 2064/65 2061/65 2057/65 
f 2061/65 2065/65 2066/65 2062/65 
f 2062/65 2066/65 2067/65 2063/65 
f 2063/65 2067/65 2068/65 2064/65 
f 2064/65 2068/65 2065/65 2061/65 
f 2065/65 2069/65 2070/65 2066/65 
f 2066/65 2070/65 2071/65 2067/65 
f 2067/65 2071/65 2072/65 2068/65 
f 2068/65 2072/65 2069/65 2065/65 
f 2069/65 2073/65 2074/65 2070/65 
f 2070/65 2074/65 2075/65 2071/65 
f 2071/65 2075/65 2076/65 2072/65 
f 2072/65 2076/65 2073/65 2069/65 
f 2073/65 2077/65 2078/65 2074/65 
f 2074/65 2078/65 2079/65 2075/65 
f 2075/65 2079/65 2080/65 2076/65 
f 2076/65 2080/65 2077/65 2073/65 
f 2077/65 2081/65 2082/65 2078/65 
f 2078/65 2082/65 2083/65 2079/65 
f 2079/65 2083/65 2084/65 2080/65 
f 2080/65 2084/65 2081/65 2077/65 
f 2081/65 2085/65 2086/65 2082/65 
f 2082/65 2086/65 2087/65 2083/65 
f 2083/65 2087/65 2088/65 2084/65 
f 2084/65 2088/65 2085/65 2081/65 
f 2085/65 2089/65 2090/65 2086/65 
f 2086/65 2090/65 2091/65 2087/65 
f 2087/65 2091/65 2092/65 2088/65 
f 2088/65 2092/65 2089/65 2085/65 
f 2089/65 2093/65 2094/65 2090/65 
f 2090/65 2094/65 2095/65 2091/65 
f 2091/65 2095/65 2096/65 2092/65 
f 2092/65 2096/65 2093/65 2089/65 
f 2093/65 2097/65 2098/65 2094/65 
f 2094/65 2098/65 2099/65 2095/65 
f 2095/65 2099/65 2100/65 2096/65 
f 2096/65 2100/65 2097/65 2093/65 
f 2097/65 2101/65 2102/65 2098/65 
f 2098/65 2102/65 2103/65 2099/65 
f 2099/65 2103/65 2104/65 2100/65 
f 2100/65 2104/65 2101/65 2097/65 
f 2101/65 2105/65 2106/65 2102/65 
f 2102/65 2106/65 2107/65 2103/65 
f 2103/65 2107/65 2108/65 2104/65 
f 2104/65 2108/65 2105/65 2101/65 
f 2105/65 2109/65 2110/65 2106/65 
f 2106/65 2110/65 2111/65 2107/65 
f 2107/65 2111/65 2112/65 2108/65 
f 2108/65 2112/65 2109/65 2105/65 
f 2109/65 2113/65 2114/65 2110/65 
f 2110/65 2114/65 2115/65 2111/65 
f 2111/65 2115/65 2116/65 2112/65 
f 2112/65 2116/65 2113/65 2109/65 
f 2113/65 2117/65 2118/65 2114/65 
f 2114/65 2118/65 2119/65 2115/65 
f 2115/65 2119/65 2120/65 2116/65 
f 2116/65 2120/65 2117/65 2113/65 
f 2117/65 2121/65 2122/65 2118/65 
f 2118/65 2122/65 2123/65 2119/65 
f 2119/65 2123/65 2124/65 2120/65 
f 2120/65 2124/65 2121/65 2117/65 
f 2121/65 2125/65 2126/65 2122/65 
f 2122/65 2126/65 2127/65 2123/65 
f 2123/65 2127/65 2128/65 2124/65 
f 2124/65 2128/65 2125/65 2121/65 
f 2125/65 2129/65 2130/65 2126/65 
f 2126/65 2130/65 2131/65 2127/65 
f 2127/65 2131/65 2132/65 2128/65 
f 2128/65 2132/65 2129/65 2125/65 
f 2129/65 2133/65 2134/65 2130/65 
f 2130/65 2134/65 2135/65 2131/65 
f 2131/65 2135/65 2136/65 2132/65 
f 2132/65 2136/65 2133/65 2129/65 
f 2133/65 2137/65 2138/65 2134/65 
f 2134/65 2138/65 2139/65 2135/65 
f 2135/65 2139/65 2140/65 2136/65 
f 2136/65 2140/65 2137/65 2133/65 
f 2137/65 2141/65 2142/65 2138/65 
f 2138/65 2142/65 2143/65 2139/65 
f 2139/65 2143/65 2144/65 2140/65 
f 2140/65 2144/65 2141/65 2137/65 
f 2141/65 2145/65 2146/65 2142/65 
f 2142/65 2146/65 2147/65 2143/65 
f 2143/65 2147/65 2148/65 2144/65 
f 2144/65 2148/65 2145/65 2141/65 
f 2145/65 2149/65 2150/65 2146/65 
f 2146/65 2150/65 2151/65 2147/65 
f 2147/65 2151/65 2152/65 2148/65 
f 2148/65 2152/65 2149/65 2145/65 
f 2149/65 2153/65 2154/65 2150/65 
f 2150/65 2154/65 2155/65 2151/65 
f 2151/65 2155/65 2156/65 2152/65 
f 2152/65 2156/65 2153/65 2149/65 
f 2153/65 2157/65 2158/65 2154/65 
f 2154/65 2158/65 2159/65 2155/65 
f 2155/65 2159/65 2160/65 2156/65 
f 2156/65 2160/65 2157/65 2153/65 
f 2157/65 2161/65 2162/65 2158/65 
f 2158/65 2162/65 2163/65 2159/65 
f 2159/65 2163/65 2164/65 2160/65 
f 2160/65 2164/65 2161/65 2157/65 
f 2161/65 2165/65 2166/65 2162/65 
f 2162/65 2166/65 2167/65 2163/65 
f 2163/65 2167/65 2168/65 2164/65 
f 2164/65 2168/65 2165/65 2161/65 
f 2165/65 2169/65 2170/65 2166/65 
f 2166/65 2170/65 2171/65 2167/65 
f 2167/65 2171/65 2172/65 2168/65 
f 2168/65 2172/65 2169/65 2165/65 
f 2169/65 2173/65 2174/65 2170/65 
f 2170/65 2174/65 2175/65 2171/65 
f 2171/65 2175/65 2176/65 2172/65 
f 2172/65 2176/65 2173/65 2169/65 
f 2173/65 2177/65 2178/65 2174/65 
f 2174/65 2178/65 2179/65 2175/65 
f 2175/65 2179/65 2180/65 2176/65 
f 2176/65 2180/65 2177/65 2173/65 
f 2177/65 2181/65 2182/65 2178/65 
f 2178/65 2182/65 2183/65 2179/65 
f 2179/65 2183/65 2184/65 2180/65 
f 2180/65 2184/65 2181/65 2177/65 
f 2181/65 2185/65 2186/65 2182/65 
f 2182/65 2186/65 2187/65 2183/65 
f 2183/65 2187/65 2188/65 2184/65 
f 2184/65 2188/65 2185/65 2181/65 
f 2185/65 2189/65 2190/65 2186/65 
f 2186/65 2190/65 2191/65 2187/65 
f 2187/65 2191/65 2192/65 2188/65 
f 2188/65 2192/65 2189/65 2185/65 
f 2189/65 2193/65 2194/65 2190/65 
f 2190/65 2194/65 2195/65 2191/65 
f 2191/65 2195/65 2196/65 2192/65 
f 2192/65 2196/65 2193/65 2189/65 
f 2193/65 2197/65 2198/65 2194/65 
f 2194/65 2198/65 2199/65 2195/65 
f 2195/65 2199/65 2200/65 2196/65 
f 2196/65 2200/65 2197/65 2193/65 
f 2197/65 2201/65 2202/65 2198/65 
f 2198/65 2202/65 2203/65 2199/65 
f 2199/65 2203/65 2204/65 2200/65 
f 2200/65 2204/65 2201/65 2197/65 
f 2201/65 2205/65 2206/65 2202/65 
f 2202/65 2206/65 2207/65 2203/65 
f 2203/65 2207/65 2208/65 2204/65 
f 2204/65 2208/65 2205/65 2201/65 
f 2205/65 2209/65 2210/65 2206/65 
f 2206/65 2210/65 2211/65 2207/65 
f 2207/65 2211/65 2212/65 2208/65 
f 2208/65 2212/65 2209/65 2205/65 
f 2209/65 2213/65 2214/65 2210/65 
f 2210/65 2214/65 2215/65 2211/65 
f 2211/65 2215/65 2216/65 2212/65 
f 2212/65 2216/65 2213/65 2209/65 
f 2213/65 2025/65 2026/65 2214/65 
f 2214/65 2026/65 2027/65 2215/65 
f 2215/65 2027/65 2028/65 2216/65 
f 2216/65 2028/65 2025/65 2213/65 
f 2217/65 2221/65 2222/65 2218/65 
f 2218/65 2222/65 2223/65 2219/65 
f 2219/65 2223/65 2224/65 2220/65 
f 2220/65 2224/65 2221/65 2217/65 
f 2221/65 2225/65 2226/65 2222/65 
f 2222/65 2226/65 2227/65 2223/65 
f 2223/65 2227/65 2228/65 2224/65 
f 2224/65 2228/65 2225/65 2221/65 
f 2225/65 2229/65 2230/65 2226/65 
f 2226/65 2230/65 2231/65 2227/65 
f 2227/65 2231/65 2232/65 2228/65 
f 2228/65 2232/65 2229/65 2225/65 
f 2229/65 2233/65 2234/65 2230/65 
f 2230/65 2234/65 2235/65 2231/65 
f 2231/65 2235/65 2236/65 2232/65 
f 2232/65 2236/65 2233/65 2229/65 
f 2233/65 2237/65 2238/65 2234/65 
f 2234/65 2238/65 2239/65 2235/65 
f 2235/65 2239/65 2240/65 2236/65 
f 2236/65 2240/65 2237/65 2233/65 
f 2237/65 2241/65 2242/65 2238/65 
f 2238/65 2242/65 2243/65 2239/65 
f 2239/65 2243/65 2244/65 2240/65 
f 2240/65 2244/65 2241/65 2237/65 
f 2241/65 2245/65 2246/65 2242/65 
f 2242/65 2246/65 2247/65 2243/65 
f 2243/65 2247/65 2248/65 2244/65 
f 2244/65 2248/65 2245/65 2241/65 
f 2245/65 2249/65 2250/65 2246/65 
f 2246/65 2250/65 2251/65 2247/65 
f 2247/65 2251/65 2252/65 2248/65 
f 2248/65 2252/65 2249/65 2245/65 
f 2249/65 2253/65 2254/65 2250/65 
f 2250/65 2254/65 2255/65 2251/65 
f 2251/65 2255/65 2256/65 2252/65 
f 2252/65 2256/65 2253/65 2249/65 
f 2253/65 2257/65 2258/65 2254/65 
f 2254/65 2258/65 2259/65 2255/65 
f 2255/65 2259/65 2260/65 2256/65 
f 2256/65 2260/65 2257/65 2253/65 
f 2257/65 2261/65 2262/65 2258/65 
f 2258/65 2262/65 2263/65 2259/65 
f 2259/65 2263/65 2264/65 2260/65 
f 2260/65 2264/65 2261/65 2257/65 
f 2261/65 2265/65 2266/65 2262/65 
f 2262/65 2266/65 2267/65 2263/65 
f 2263/65 2267/65 2268/65 2264/65 
f 2264/65 2268/65 2265/65 2261/65 
f 2265/65 2269/65 2270/65 2266/65 
f 2266/65 2270/65 2271/65 2267/65 
f 2267/65 2271/65 2272/65 2268/65 
f 2268/65 2272/65 2269/65 2265/65 
f 2269/65 2273/65 2274/65 2270/65 
f 2270/65 2274/65 2275/65 2271/65 
f 2271/65 2275/65 2276/65 2272/65 
f 2272/65 2276/65 2273/65 2269/65 
f 2273/65 2277/65 2278/65 2274/65 
f 2274/65 2278/65 2279/65 2275/65 
f 2275/65 2279/65 2280/65 2276/65 
f 2276/65 2280/65 2277/65 2273/65 
f 2277/65 2281/65 2282/65 2278/65 
f 2278/65 2282/65 2283/65 2279/65 
f 2279/65 2283/65 2284/65 2280/65 
f 2280/65 2284/65 2281/65 2277/65 
f 2281/65 2285/65 2286/65 2282/65 
f 2282/65 2286/65 2287/65 2283/65 
f 2283/65 2287/65 2288/65 2284/65 
f 2284/65 2288/65 2285/65 2281/65 
f 2285/65 2289/65 2290/65 2286/65 
f 2286/65 2290/65 2291/65 2287/65 
f 2287/65 2291/65 2292/65 2288/65 
f 2288/65 2292/65 2289/65 2285/65 
f 2289/65 2293/65 2294/65 2290/65 
f 2290/65 2294/65 2295/65 2291/65 
f 2291/65 2295/65 2296/65 2292/65 
f 2292/65 2296/65 2293/65 2289/65 
f 2293/65 2297/65 2298/65 2294/65 
f 2294/65 2298/65 2299/65 2295/65 
f 2295/65 2299/65 2300/65 2296/65 
f 2296/65 2300/65 2297/65 2293/65 
f 2297/65 2301/65 2302/65 2298/65 
f 2298/65 2302/65 2303/65 2299/65 
f 2299/65 2303/65 2304/65 2300/65 
f 2300/65 2304/65 2301/65 2297/65 
f 2301/65 2305/65 2306/65 2302/65 
f 2302/65 2306/65 2307/65 2303/65 
f 2303/65 2307/65 2308/65 2304/65 
f 2304/65 2308/65 2305/65 2301/65 
f 2305/65 2309/65 2310/65 2306/65 
f 2306/65 2310/65 2311/65 2307/65 
f 2307/65 2311/65 2312/65 2308/65 
f 2308/65 2312/65 2309/65 2305/65 
f 2309/65 2313/65 2314/65 2310/65 
f 2310/65 2314/65 2315/65 2311/65 
f 2311/65 2315/65 2316/65 2312/65 
f 2312/65 2316/65 2313/65 2309/65 
f 2313/65 2317/65 2318/65 2314/65 
f 2314/65 2318/65 2319/65 2315/65 
f 2315/65 2319/65 2320/65 2316/65 
f 2316/65 2320/65 2317/65 2313/65 
f 2317/65 2321/65 2322/65 2318/65 
f 2318/65 2322/65 2323/65 2319/65 
f 2319/65 2323/65 2324/65 2320/65 
f 2320/65 2324/65 2321/65 2317/65 
f 2321/65 2325/65 2326/65 2322/65 
f 2322/65 2326/65 2327/65 2323/65 
f 2323/65 2327/65 2328/65 2324/65 
f 2324/65 2328/65 2325/65 2321/65 
f 2325/65 2329/65 2330/65 2326/65 
f 2326/65 2330/65 2331/65 2327/65 
f 2327/65 2331/65 2332/65 2328/65 
f 2328/65 2332/65 2329/65 2325/65 
f 2329/65 2333/65 2334/65 2330/65 
f 2330/65 2334/65 2335/65 2331/65 
f 2331/65 2335/65 2336/65 2332/65 
f 2332/65 2336/65 2333/65 2329/65 
f 2333/65 2337/65 2338/65 2334/65 
f 2334/65 2338/65 2339/65 2335/65 
f 2335/65 2339/65 2340/65 2336/65 
f 2336/65 2340/65 2337/65 2333/65 
f 2337/65 2341/65 2342/65 2338/65 
f 2338/65 2342/65 2343/65 2339/65 
f 2339/65 2343/65 2344/65 2340/65 
f 2340/65 2344/65 2341/65 2337/65 
f 2341/65 2345/65 2346/65 2342/65 
f 2342/65 2346/65 2347/65 2343/65 
f 2343/65 2347/65 2348/65 2344/65 
f 2344/65 2348/65 2345/65 2341/65 
f 2345/65 2349/65 2350/65 2346/65 
f 2346/65 2350/65 2351/65 2347/65 
f 2347/65 2351/65 2352/65 2348/65 
f 2348/65 2352/65 2349/65 2345/65 
f 2349/65 2353/65 2354/65 2350/65 
f 2350/65 2354/65 2355/65 2351/65 
f 2351/65 2355/65 2356/65 2352/65 
f 2352/65 2356/65 2353/65 2349/65 
f 2353/65 2357/65 2358/65 2354/65 
f 2354/65 2358/65 2359/65 2355/65 
f 2355/65 2359/65 2360/65 2356/65 
f 2356/65 2360/65 2357/65 2353/65 
f 2357/65 2361/65 2362/65 2358/65 
f 2358/65 2362/65 2363/65 2359/65 
f 2359/65 2363/65 2364/65 2360/65 
f 2360/65 2364/65 2361/65 2357/65 
f 2361/65 2365/65 2366/65 2362/65 
f 2362/65 2366/65 2367/65 2363/65 
f 2363/65 2367/65 2368/65 2364/65 
f 2364/65 2368/65 2365/65 2361/65 
f 2365/65 2369/65 2370/65 2366/65 
f 2366/65 2370/65 2371/65 2367/65 
f 2367/65 2371/65 2372/65 2368/65 
f 2368/65 2372/65 2369/65 2365/65 
f 2369/65 2373/65 2374/65 2370/65 
f 2370/65 2374/65 2375/65 2371/65 
f 2371/65 2375/65 2376/65 2372/65 
f 2372/65 2376/65 2373/65 2369/65 
f 2373/65 2377/65 2378/65 2374/65 
f 2374/65 2378/65 2379/65 2375/65 
f 2375/65 2379/65 2380/65 2376/65 
f 2376/65 2380/65 2377/65 2373/65 
f 2377/65 2381/65 2382/65 2378/65 
f 2378/65 2382/65 2383/65 2379/65 
f 2379/65 2383/65 2384/65 2380/65 
f 2380/65 2384/65 2381/65 2377/65 
f 2381/65 2385/65 2386/65 2382/65 
f 2382/65 2386/65 2387/65 2383/65 
f 2383/65 2387/65 2388/65 2384/65 
f 2384/65 2388/65 2385/65 2381/65 
f 2385/65 2389/65 2390/65 2386/65 
f 2386/65 2390/65 2391/65 2387/65 
f 2387/65 2391/65 2392/65 2388/65 
f 2388/65 2392/65 2389/65 2385/65 
f 2389/65 2393/65 2394/65 2390/65 
f 2390/65 2394/65 2395/65 2391/65 
f 2391/65 2395/65 2396/65 2392/65 
f 2392/65 2396/65 2393/65 2389/65 
f 2393/65 2397/65 2398/65 2394/65 
f 2394/65 2398/65 2399/65 2395/65 
f 2395/65 2399/65 2400/65 2396/65 
f 2396/65 2400/65 2397/65 2393/65 
f 2397/65 2401/65 2402/65 2398/65 
f 2398/65 2402/65 2403/65 2399/65 
f 2399/65 2403/65 2404/65 2400/65 
f 2400/65 2404/65 2401/65 2397/65 
f 2401/65 2405/65 2406/65 2402/65 
f 2402/65 2406/65 2407/65 2403/65 
f 2403/65 2407/65 2408/65 2404/65 
f 2404/65 2408/65 2405/65 2401/65 
f 2405/65 2217/65 2218/65 2406/65 
f 2406/65 2218/65 2219/65 2407/65 
f 2407/65 2219/65 2220/65 2408/65 
f 2408/65 2220/65 2217/65 2405/65 
f 2409/66 2412/66 2411/66 2410/66 
f 2413/66 2414/66 2415/66 2416/66 
f 2409/66 2410/66 2414/66 2413/66 
f 2411/66 2412/66 2416/66 2415/66 
f 2412/66 2409/66 2413/66 2416/66 
f 2410/66 2411/66 2415/66 2414/66 
f 2417/66 2420/66 2419/66 2418/66 
f 2421/66 2422/66 2423/66 2424/66 
f 2417/66 2418/66 2422/66 2421/66 
f 2419/66 2420/66 2424/66 2423/66 
f 2420/66 2417/66 2421/66 2424/66 
f 2418/66 2419/66 2423/66 2422/66 
f 2433/66 2436/66 2435/66 2434/66 
f 2437/66 2438/66 2439/66 2440/66 
f 2433/66 2434/66 2438/66 2437/66 
f 2435/66 2436/66 2440/66 2439/66 
f 2436/66 2433/66 2437/66 2440/66 
f 2434/66 2435/66 2439/66 2438/66 
f 2441/66 2444/66 2443/66 2442/66 
f 2445/66 2446/66 2447/66 2448/66 
f 2441/66 2442/66 2446/66 2445/66 
f 2443/66 2444/66 2448/66 2447/66 
f 2444/66 2441/66 2445/66 2448/66 
f 2442/66 2443/66 2447/66 2446/66 
f 2457/66 2460/66 2459/66 2458/66 
f 2461/66 2462/66 2463/66 2464/66 
f 2457/66 2458/66 2462/66 2461/66 
f 2459/66 2460/66 2464/66 2463/66 
f 2460/66 2457/66 2461/66 2464/66 
f 2458/66 2459/66 2463/66 2462/66 
f 2465/66 2468/66 2467/66 2466/66 
f 2469/66 2470/66 2471/66 2472/66 
f 2465/66 2466/66 2470/66 2469/66 
f 2467/66 2468/66 2472/66 2471/66 
f 2468/66 2465/66 2469/66 2472/66 
f 2466/66 2467/66 2471/66 2470/66 
f 2481/66 2484/66 2483/66 2482/66 
f 2485/66 2486/66 2487/66 2488/66 
f 2481/66 2482/66 2486/66 2485/66 
f 2483/66 2484/66 2488/66 2487/66 
f 2484/66 2481/66 2485/66 2488/66 
f 2482/66 2483/66 2487/66 2486/66 
f 2489/66 2492/66 2491/66 2490/66 
f 2493/66 2494/66 2495/66 2496/66 
f 2489/66 2490/66 2494/66 2493/66 
f 2491/66 2492/66 2496/66 2495/66 
f 2492/66 2489/66 2493/66 2496/66 
f 2490/66 2491/66 2495/66 2494/66 
f 2505/66 2508/66 2507/66 2506/66 
f 2509/66 2510/66 2511/66 2512/66 
f 2505/66 2506/66 2510/66 2509/66 
f 2507/66 2508/66 2512/66 2511/66 
f 2508/66 2505/66 2509/66 2512/66 
f 2506/66 2507/66 2511/66 2510/66 
f 2513/66 2516/66 2515/66 2514/66 
f 2517/66 2518/66 2519/66 2520/66 
f 2513/66 2514/66 2518/66 2517/66 
f 2515/66 2516/66 2520/66 2519/66 
f 2516/66 2513/66 2517/66 2520/66 
f 2514/66 2515/66 2519/66 2518/66 
f 2529/66 2532/66 2531/66 2530/66 
f 2533/66 2534/66 2535/66 2536/66 
f 2529/66 2530/66 2534/66 2533/66 
f 2531/66 2532/66 2536/66 2535/66 
f 2532/66 2529/66 2533/66 2536/66 
f 2530/66 2531/66 2535/66 2534/66 
f 2537/66 2540/66 2539/66 2538/66 
f 2541/66 2542/66 2543/66 2544/66 
f 2537/66 2538/66 2542/66 2541/66 
f 2539/66 2540/66 2544/66 2543/66 
f 2540/66 2537/66 2541/66 2544/66 
f 2538/66 2539/66 2543/66 2542/66 
f 2553/66 2556/66 2555/66 2554/66 
f 2557/66 2558/66 2559/66 2560/66 
f 2553/66 2554/66 2558/66 2557/66 
f 2555/66 2556/66 2560/66 2559/66 
f 2556/66 2553/66 2557/66 2560/66 
f 2554/66 2555/66 2559/66 2558/66 
f 2561/66 2564/66 2563/66 2562/66 
f 2565/66 2566/66 2567/66 2568/66 
f 2561/66 2562/66 2566/66 2565/66 
f 2563/66 2564/66 2568/66 2567/66 
f 2564/66 2561/66 2565/66 2568/66 
f 2562/66 2563/66 2567/66 2566/66 
f 2577/66 2580/66 2579/66 2578/66 
f 2581/66 2582/66 2583/66 2584/66 
f 2577/66 2578/66 2582/66 2581/66 
f 2579/66 2580/66 2584/66 2583/66 
f 2580/66 2577/66 2581/66 2584/66 
f 2578/66 2579/66 2583/66 2582/66 
f 2585/66 2588/66 2587/66 2586/66 
f 2589/66 2590/66 2591/66 2592/66 
f 2585/66 2586/66 2590/66 2589/66 
f 2587/66 2588/66 2592/66 2591/66 
f 2588/66 2585/66 2589/66 2592/66 
f 2586/66 2587/66 2591/66 2590/66 
f 2425/66 2428/66 2427/66 2426/66 
f 2429/66 2430/66 2431/66 2432/66 
f 2425/66 2426/66 2430/66 2429/66 
f 2427/66 2428/66 2432/66 2431/66 
f 2428/66 2425/66 2429/66 2432/66 
f 2426/66 2427/66 2431/66 2430/66 
f 2449/66 2452/66 2451/66 2450/66 
f 2453/66 2454/66 2455/66 2456/66 
f 2449/66 2450/66 2454/66 2453/66 
f 2451/66 2452/66 2456/66 2455/66 
f 2452/66 2449/66 2453/66 2456/66 
f 2450/66 2451/66 2455/66 2454/66 
f 2473/66 2476/66 2475/66 2474/66 
f 2477/66 2478/66 2479/66 2480/66 
f 2473/66 2474/66 2478/66 2477/66 
f 2475/66 2476/66 2480/66 2479/66 
f 2476/66 2473/66 2477/66 2480/66 
f 2474/66 2475/66 2479/66 2478/66 
f 2497/66 2500/66 2499/66 2498/66 
f 2501/66 2502/66 2503/66 2504/66 
f 2497/66 2498/66 2502/66 2501/66 
f 2499/66 2500/66 2504/66 2503/66 
f 2500/66 2497/66 2501/66 2504/66 
f 2498/66 2499/66 2503/66 2502/66 
f 2521/66 2524/66 2523/66 2522/66 
f 2525/66 2526/66 2527/66 2528/66 
f 2521/66 2522/66 2526/66 2525/66 
f 2523/66 2524/66 2528/66 2527/66 
f 2524/66 2521/66 2525/66 2528/66 
f 2522/66 2523/66 2527/66 2526/66 
f 2545/66 2548/66 2547/66 2546/66 
f 2549/66 2550/66 2551/66 2552/66 
f 2545/66 2546/66 2550/66 2549/66 
f 2547/66 2548/66 2552/66 2551/66 
f 2548/66 2545/66 2549/66 2552/66 
f 2546/66 2547/66 2551/66 2550/66 
f 2569/66 2572/66 2571/66 2570/66 
f 2573/66 2574/66 2575/66 2576/66 
f 2569/66 2570/66 2574/66 2573/66 
f 2571/66 2572/66 2576/66 2575/66 
f 2572/66 2569/66 2573/66 2576/66 
f 2570/66 2571/66 2575/66 2574/66 
f 2593/66 2596/66 2595/66 2594/66 
f 2597/66 2598/66 2599/66 2600/66 
f 2593/66 2594/66 2598/66 2597/66 
f 2595/66 2596/66 2600/66 2599/66 
f 2596/66 2593/66 2597/66 2600/66 
f 2594/66 2595/66 2599/66 2598/66 
f 2601/67 2605/67 2606/67 2602/67 
f 2602/67 2606/67 2607/67 2603/67 
f 2603/67 2607/67 2608/67 2604/67 
f 2604/67 2608/67 2605/67 2601/67 
f 2605/67 2609/67 2610/67 2606/67 
f 2606/67 2610/67 2611/67 2607/67 
f 2607/67 2611/67 2612/67 2608/67 
f 2608/67 2612/67 2609/67 2605/67 
f 2609/67 2613/67 2614/67 2610/67 
f 2610/67 2614/67 2615/67 2611/67 
f 2611/67 2615/67 2616/67 2612/67 
f 2612/67 2616/67 2613/67 2609/67 
f 2613/67 2617/67 2618/67 2614/67 
f 2614/67 2618/67 2619/67 2615/67 
f 2615/67 2619/67 2620/67 2616/67 
f 2616/67 2620/67 2617/67 2613/67 
f 2617/67 2621/67 2622/67 2618/67 
f 2618/67 2622/67 2623/67 2619/67 
f 2619/67 2623/67 2624/67 2620/67 
f 2620/67 2624/67 2621/67 2617/67 
f 2621/67 2625/67 2626/67 2622/67 
f 2622/67 2626/67 2627/67 2623/67 
f 2623/67 2627/67 2628/67 2624/67 
f 2624/67 2628/67 2625/67 2621/67 
f 2625/67 2629/67 2630/67 2626/67 
f 2626/67 2630/67 2631/67 2627/67 
f 2627/67 2631/67 2632/67 2628/67 
f 2628/67 2632/67 2629/67 2625/67 
f 2629/67 2633/67 2634/67 2630/67 
f 2630/67 2634/67 2635/67 2631/67 
f 2631/67 2635/67 2636/67 2632/67 
f 2632/67 2636/67 2633/67 2629/67 
f 2633/67 2637/67 2638/67 2634/67 
f 2634/67 2638/67 2639/67 2635/67 
f 2635/67 2639/67 2640/67 2636/67 
f 2636/67 2640/67 2637/67 2633/67 
f 2637/67 2641/67 2642/67 2638/67 
f 2638/67 2642/67 2643/67 2639/67 
f 2639/67 2643/67 2644/67 2640/67 
f 2640/67 2644/67 2641/67 2637/67 
f 2641/67 2645/67 2646/67 2642/67 
f 2642/67 2646/67 2647/67 2643/67 
f 2643/67 2647/67 2648/67 2644/67 
f 2644/67 2648/67 2645/67 2641/67 
f 2645/67 2649/67 2650/67 2646/67 
f 2646/67 2650/67 2651/67 2647/67 
f 2647/67 2651/67 2652/67 2648/67 
f 2648/67 2652/67 2649/67 2645/67 
f 2649/67 2653/67 2654/67 2650/67 
f 2650/67 2654/67 2655/67 2651/67 
f 2651/67 2655/67 2656/67 2652/67 
f 2652/67 2656/67 2653/67 2649/67 
f 2653/67 2657/67 2658/67 2654/67 
f 2654/67 2658/67 2659/67 2655/67 
f 2655/67 2659/67 2660/67 2656/67 
f 2656/67 2660/67 2657/67 2653/67 
f 2657/67 2661/67 2662/67 2658/67 
f 2658/67 2662/67 2663/67 2659/67 
f 2659/67 2663/67 2664/67 2660/67 
f 2660/67 2664/67 2661/67 2657/67 
f 2661/67 2665/67 2666/67 2662/67 
f 2662/67 2666/67 2667/67 2663/67 
f 2663/67 2667/67 2668/67 2664/67 
f 2664/67 2668/67 2665/67 2661/67 
f 2665/67 2669/67 2670/67 2666/67 
f 2666/67 2670/67 2671/67 2667/67 
f 2667/67 2671/67 2672/67 2668/67 
f 2668/67 2672/67 2669/67 2665/67 
f 2669/67 2673/67 2674/67 2670/67 
f 2670/67 2674/67 2675/67 2671/67 
f 2671/67 2675/67 2676/67 2672/67 
f 2672/67 2676/67 2673/67 2669/67 
f 2673/67 2677/67 2678/67 2674/67 
f 2674/67 2678/67 2679/67 2675/67 
f 2675/67 2679/67 2680/67 2676/67 
f 2676/67 2680/67 2677/67 2673/67 
f 2677/67 2681/67 2682/67 2678/67 
f 2678/67 2682/67 2683/67 2679/67 
f 2679/67 2683/67 2684/67 2680/67 
f 2680/67 2684/67 2681/67 2677/67 
f 2681/67 2685/67 2686/67 2682/67 
f 2682/67 2686/67 2687/67 2683/67 
f 2683/67 2687/67 2688/67 2684/67 
f 2684/67 2688/67 2685/67 2681/67 
f 2685/67 2689/67 2690/67 2686/67 
f 2686/67 2690/67 2691/67 2687/67 
f 2687/67 2691/67 2692/67 2688/67 
f 2688/67 2692/67 2689/67 2685/67 
f 2689/67 2693/67 2694/67 2690/67 
f 2690/67 2694/67 2695/67 2691/67 
f 2691/67 2695/67 2696/67 2692/67 
f 2692/67 2696/67 2693/67 2689/67 
f 2693/67 2697/67 2698/67 2694/67 
f 2694/67 2698/67 2699/67 2695/67 
f 2695/67 2699/67 2700/67 2696/67 
f 2696/67 2700/67 2697/67 2693/67 
f 2697/67 2701/67 2702/67 2698/67 
f 2698/67 2702/67 2703/67 2699/67 
f 2699/67 2703/67 2704/67 2700/67 
f 2700/67 2704/67 2701/67 2697/67 
f 2701/67 2705/67 2706/67 2702/67 
f 2702/67 2706/67 2707/67 2703/67 
f 2703/67 2707/67 2708/67 2704/67 
f 2704/67 2708/67 2705/67 2701/67 
f 2705/67 2709/67 2710/67 2706/67 
f 2706/67 2710/67 2711/67 2707/67 
f 2707/67 2711/67 2712/67 2708/67 
f 2708/67 2712/67 2709/67 2705/67 
f 2709/67 2713/67 2714/67 2710/67 
f 2710/67 2714/67 2715/67 2711/67 
f 2711/67 2715/67 2716/67 2712/67 
f 2712/67 2716/67 2713/67 2709/67 
f 2713/67 2717/67 2718/67 2714/67 
f 2714/67 2718/67 2719/67 2715/67 
f 2715/67 2719/67 2720/67 2716/67 
f 2716/67 2720/67 2717/67 2713/67 
f 2717/67 2721/67 2722/67 2718/67 
f 2718/67 2722/67 2723/67 2719/67 
f 2719/67 2723/67 2724/67 2720/67 
f 2720/67 2724/67 2721/67 2717/67 
f 2721/67 2725/67 2726/67 2722/67 
f 2722/67 2726/67 2727/67 2723/67 
f 2723/67 2727/67 2728/67 2724/67 
f 2724/67 2728/67 2725/67 2721/67 
f 2725/67 2729/67 2730/67 2726/67 
f 2726/67 2730/67 2731/67 2727/67 
f 2727/67 2731/67 2732/67 2728/67 
f 2728/67 2732/67 2729/67 2725/67 
f 2729/67 2733/67 2734/67 2730/67 
f 2730/67 2734/67 2735/67 2731/67 
f 2731/67 2735/67 2736/67 2732/67 
f 2732/67 2736/67 2733/67 2729/67 
f 2733/67 2737/67 2738/67 2734/67 
f 2734/67 2738/67 2739/67 2735/67 
f 2735/67 2739/67 2740/67 2736/67 
f 2736/67 2740/67 2737/67 2733/67 
f 2737/67 2741/67 2742/67 2738/67 
f 2738/67 2742/67 2743/67 2739/67 
f 2739/67 2743/67 2744/67 2740/67 
f 2740/67 2744/67 2741/67 2737/67 
f 2741/67 2745/67 2746/67 2742/67 
f 2742/67 2746/67 2747/67 2743/67 
f 2743/67 2747/67 2748/67 2744/67 
f 2744/67 2748/67 2745/67 2741/67 
f 2745/67 2749/67 2750/67 2746/67 
f 2746/67 2750/67 2751/67 2747/67 
f 2747/67 2751/67 2752/67 2748/67 
f 2748/67 2752/67 2749/67 2745/67 
f 2749/67 2753/67 2754/67 2750/67 
f 2750/67 2754/67 2755/67 2751/67 
f 2751/67 2755/67 2756/67 2752/67 
f 2752/67 2756/67 2753/67 2749/67 
f 2753/67 2757/67 2758/67 2754/67 
f 2754/67 2758/67 2759/67 2755/67 
f 2755/67 2759/67 2760/67 2756/67 
f 2756/67 2760/67 2757/67 2753/67 
f 2757/67 2761/67 2762/67 2758/67 
f 2758/67 2762/67 2763/67 2759/67 
f 2759/67 2763/67 2764/67 2760/67 
f 2760/67 2764/67 2761/67 2757/67 
f 2761/67 2765/67 2766/67 2762/67 
f 2762/67 2766/67 2767/67 2763/67 
f 2763/67 2767/67 2768/67 2764/67 
f 2764/67 2768/67 2765/67 2761/67 
f 2765/67 2769/67 2770/67 2766/67 
f 2766/67 2770/67 2771/67 2767/67 
f 2767/67 2771/67 2772/67 2768/67 
f 2768/67 2772/67 2769/67 2765/67 
f 2769/67 2773/67 2774/67 2770/67 
f 2770/67 2774/67 2775/67 2771/67 
f 2771/67 2775/67 2776/67 2772/67 
f 2772/67 2776/67 2773/67 2769/67 
f 2773/67 2777/67 2778/67 2774/67 
f 2774/67 2778/67 2779/67 2775/67 
f 2775/67 2779/67 2780/67 2776/67 
f 2776/67 2780/67 2777/67 2773/67 
f 2777/67 2781/67 2782/67 2778/67 
f 2778/67 2782/67 2783/67 2779/67 
f 2779/67 2783/67 2784/67 2780/67 
f 2780/67 2784/67 2781/67 2777/67 
f 2781/67 2785/67 2786/67 2782/67 
f 2782/67 2786/67 2787/67 2783/67 
f 2783/67 2787/67 2788/67 2784/67 
f 2784/67 2788/67 2785/67 2781/67 
f 2785/67 2789/67 2790/67 2786/67 
f 2786/67 2790/67 2791/67 2787/67 
f 2787/67 2791/67 2792/67 2788/67 
f 2788/67 2792/67 2789/67 2785/67 
f 2789/67 2601/67 2602/67 2790/67 
f 2790/67 2602/67 2603/67 2791/67 
f 2791/67 2603/67 2604/67 2792/67 
f 2792/67 2604/67 2601/67 2789/67 
f 2793/67 2797/67 2798/67 2794/67 
f 2794/67 2798/67 2799/67 2795/67 
f 2795/67 2799/67 2800/67 2796/67 
f 2796/67 2800/67 2797/67 2793/67 
f 2797/67 2801/67 2802/67 2798/67 
f 2798/67 2802/67 2803/67 2799/67 
f 2799/67 2803/67 2804/67 2800/67 
f 2800/67 2804/67 2801/67 2797/67 
f 2801/67 2805/67 2806/67 2802/67 
f 2802/67 2806/67 2807/67 2803/67 
f 2803/67 2807/67 2808/67 2804/67 
f 2804/67 2808/67 2805/67 2801/67 
f 2805/67 2809/67 2810/67 2806/67 
f 2806/67 2810/67 2811/67 2807/67 
f 2807/67 2811/67 2812/67 2808/67 
f 2808/67 2812/67 2809/67 2805/67 
f 2809/67 2813/67 2814/67 2810/67 
f 2810/67 2814/67 2815/67 2811/67 
f 2811/67 2815/67 2816/67 2812/67 
f 2812/67 2816/67 2813/67 2809/67 
f 2813/67 2817/67 2818/67 2814/67 
f 2814/67 2818/67 2819/67 2815/67 
f 2815/67 2819/67 2820/67 2816/67 
f 2816/67 2820/67 2817/67 2813/67 
f 2817/67 2821/67 2822/67 2818/67 
f 2818/67 2822/67 2823/67 2819/67 
f 2819/67 2823/67 2824/67 2820/67 
f 2820/67 2824/67 2821/67 2817/67 
f 2821/67 2825/67 2826/67 2822/67 
f 2822/67 2826/67 2827/67 2823/67 
f 2823/67 2827/67 2828/67 2824/67 
f 2824/67 2828/67 2825/67 2821/67 
f 2825/67 2829/67 2830/67 2826/67 
f 2826/67 2830/67 2831/67 2827/67 
f 2827/67 2831/67 2832/67 2828/67 
f 2828/67 2832/67 2829/67 2825/67 
f 2829/67 2833/67 2834/67 2830/67 
f 2830/67 2834/67 2835/67 2831/67 
f 2831/67 2835/67 2836/67 2832/67 
f 2832/67 2836/67 2833/67 2829/67 
f 2833/67 2837/67 2838/67 2834/67 
f 2834/67 2838/67 2839/67 2835/67 
f 2835/67 2839/67 2840/67 2836/67 
f 2836/67 2840/67 2837/67 2833/67 
f 2837/67 2841/67 2842/67 2838/67 
f 2838/67 2842/67 2843/67 2839/67 
f 2839/67 2843/67 2844/67 2840/67 
f 2840/67 2844/67 2841/67 2837/67 
f 2841/67 2845/67 2846/67 2842/67 
f 2842/67 2846/67 2847/67 2843/67 
f 2843/67 2847/67 2848/67 2844/67 
f 2844/67 2848/67 2845/67 2841/67 
f 2845/67 2849/67 2850/67 2846/67 
f 2846/67 2850/67 2851/67 2847/67 
f 2847/67 2851/67 2852/67 2848/67 
f 2848/67 2852/67 2849/67 2845/67 
f 2849/67 2853/67 2854/67 2850/67 
f 2850/67 2854/67 2855/67 2851/67 
f 2851/67 2855/67 2856/67 2852/67 
f 2852/67 2856/67 2853/67 2849/67 
f 2853/67 2857/67 2858/67 2854/67 
f 2854/67 2858/67 2859/67 2855/67 
f 2855/67 2859/67 2860/67 2856/67 
f 2856/67 2860/67 2857/67 2853/67 
f 2857/67 2861/67 2862/67 2858/67 
f 2858/67 2862/67 2863/67 2859/67 
f 2859/67 2863/67 2864/67 2860/67 
f 2860/67 2864/67 2861/67 2857/67 
f 2861/67 2865/67 2866/67 2862/67 
f 2862/67 2866/67 2867/67 2863/67 
f 2863/67 2867/67 2868/67 2864/67 
f 2864/67 2868/67 2865/67 2861/67 
f 2865/67 2869/67 2870/67 2866/67 
f 2866/67 2870/67 2871/67 2867/67 
f 2867/67 2871/67 2872/67 2868/67 
f 2868/67 2872/67 2869/67 2865/67 
f 2869/67 2873/67 2874/67 2870/67 
f 2870/67 2874/67 2875/67 2871/67 
f 2871/67 2875/67 2876/67 2872/67 
f 2872/67 2876/67 2873/67 2869/67 
f 2873/67 2877/67 2878/67 2874/67 
f 2874/67 2878/67 2879/67 2875/67 
f 2875/67 2879/67 2880/67 2876/67 
f 2876/67 2880/67 2877/67 2873/67 
f 2877/67 2881/67 2882/67 2878/67 
f 2878/67 2882/67 2883/67 2879/67 
f 2879/67 2883/67 2884/67 2880/67 
f 2880/67 2884/67 2881/67 2877/67 
f 2881/67 2885/67 2886/67 2882/67 
f 2882/67 2886/67 2887/67 2883/67 
f 2883/67 2887/67 2888/67 2884/67 
f 2884/67 2888/67 2885/67 2881/67 
f 2885/67 2889/67 2890/67 2886/67 
f 2886/67 2890/67 2891/67 2887/67 
f 2887/67 2891/67 2892/67 2888/67 
f 2888/67 2892/67 2889/67 2885/67 
f 2889/67 2893/67 2894/67 2890/67 
f 2890/67 2894/67 2895/67 2891/67 
f 2891/67 2895/67 2896/67 2892/67 
f 2892/67 2896/67 2893/67 2889/67 
f 2893/67 2897/67 2898/67 2894/67 
f 2894/67 2898/67 2899/67 2895/67 
f 2895/67 2899/67 2900/67 2896/67 
f 2896/67 2900/67 2897/67 2893/67 
f 2897/67 2901/67 2902/67 2898/67 
f 2898/67 2902/67 2903/67 2899/67 
f 2899/67 2903/67 2904/67 2900/67 
f 2900/67 2904/67 2901/67 2897/67 
f 2901/67 2905/67 2906/67 2902/67 
f 2902/67 2906/67 2907/67 2903/67 
f 2903/67 2907/67 2908/67 2904/67 
f 2904/67 2908/67 2905/67 2901/67 
f 2905/67 2909/67 2910/67 2906/67 
f 2906/67 2910/67 2911/67 2907/67 
f 2907/67 2911/67 2912/67 2908/67 
f 2908/67 2912/67 2909/67 2905/67 
f 2909/67 2913/67 2914/67 2910/67 
f 2910/67 2914/67 2915/67 2911/67 
f 2911/67 2915/67 2916/67 2912/67 
f 2912/67 2916/67 2913/67 2909/67 
f 2913/67 2917/67 2918/67 2914/67 
f 2914/67 2918/67 2919/67 2915/67 
f 2915/67 2919/67 2920/67 2916/67 
f 2916/67 2920/67 2917/67 2913/67 
f 2917/67 2921/67 2922/67 2918/67 
f 2918/67 2922/67 2923/67 2919/67 
f 2919/67 2923/67 2924/67 2920/67 
f 2920/67 2924/67 2921/67 2917/67 
f 2921/67 2925/67 2926/67 2922/67 
f 2922/67 2926/67 2927/67 2923/67 
f 2923/67 2927/67 2928/67 2924/67 
f 2924/67 2928/67 2925/67 2921/67 
f 2925/67 2929/67 2930/67 2926/67 
f 2926/67 2930/67 2931/67 2927/67 
f 2927/67 2931/67 2932/67 2928/67 
f 2928/67 2932/67 2929/67 2925/67 
f 2929/67 2933/67 2934/67 2930/67 
f 2930/67 2934/67 2935/67 2931/67 
f 2931/67 2935/67 2936/67 2932/67 
f 2932/67 2936/67 2933/67 2929/67 
f 2933/67 2937/67 2938/67 2934/67 
f 2934/67 2938/67 2939/67 2935/67 
f 2935/67 2939/67 2940/67 2936/67 
f 2936/67 2940/67 2937/67 2933/67 
f 2937/67 2941/67 2942/67 2938/67 
f 2938/67 2942/67 2943/67 2939/67 
f 2939/67 2943/67 2944/67 2940/67 
f 2940/67 2944/67 2941/67 2937/67 
f 2941/67 2945/67 2946/67 2942/67 
f 2942/67 2946/67 2947/67 2943/67 
f 2943/67 2947/67 2948/67 2944/67 
f 2944/67 2948/67 2945/67 2941/67 
f 2945/67 2949/67 2950/67 2946/67 
f 2946/67 2950/67 2951/67 2947/67 
f 2947/67 2951/67 2952/67 2948/67 
f 2948/67 2952/67 2949/67 2945/67 
f 2949/67 2953/67 2954/67 2950/67 
f 2950/67 2954/67 2955/67 2951/67 
f 2951/67 2955/67 2956/67 2952/67 
f 2952/67 2956/67 2953/67 2949/67 
f 2953/67 2957/67 2958/67 2954/67 
f 2954/67 2958/67 2959/67 2955/67 
f 2955/67 2959/67 2960/67 2956/67 
f 2956/67 2960/67 2957/67 2953/67 
f 2957/67 2961/67 2962/67 2958/67 
f 2958/67 2962/67 2963/67 2959/67 
f 2959/67 2963/67 2964/67 2960/67 
f 2960/67 2964/67 2961/67 2957/67 
f 2961/67 2965/67 2966/67 2962/67 
f 2962/67 2966/67 2967/67 2963/67 
f 2963/67 2967/67 2968/67 2964/67 
f 2964/67 2968/67 2965/67 2961/67 
f 2965/67 2969/67 2970/67 2966/67 
f 2966/67 2970/67 2971/67 2967/67 
f 2967/67 2971/67 2972/67 2968/67 
f 2968/67 2972/67 2969/67 2965/67 
f 2969/67 2973/67 2974/67 2970/67 
f 2970/67 2974/67 2975/67 2971/67 
f 2971/67 2975/67 2976/67 2972/67 
f 2972/67 2976/67 2973/67 2969/67 
f 2973/67 2977/67 2978/67 2974/67 
f 2974/67 2978/67 2979/67 2975/67 
f 2975/67 2979/67 2980/67 2976/67 
f 2976/67 2980/67 2977/67 2973/67 
f 2977/67 2981/67 2982/67 2978/67 
f 2978/67 2982/67 2983/67 2979/67 
f 2979/67 2983/67 2984/67 2980/67 
f 2980/67 2984/67 2981/67 2977/67 
f 2981/67 2793/67 2794/67 2982/67 
f 2982/67 2794/67 2795/67 2983/67 
f 2983/67 2795/67 2796/67 2984/67 
f 2984/67 2796/67 2793/67 2981/67 
f 2985/68 2989/68 2990/68 2986/68 
f 2986/68 2990/68 2991/68 2987/68 
f 2987/68 2991/68 2992/68 2988/68 
f 2988/68 2992/68 2989/68 2985/68 
f 2989/68 2993/68 2994/68 2990/68 
f 2990/68 2994/68 2995/68 2991/68 
f 2991/68 2995/68 2996/68 2992/68 
f 2992/68 2996/68 2993/68 2989/68 
f 2993/68 2997/68 2998/68 2994/68 
f 2994/68 2998/68 2999/68 2995/68 
f 2995/68 2999/68 3000/68 2996/68 
f 2996/68 3000/68 2997/68 2993/68 
f 2997/68 3001/68 3002/68 2998/68 
f 2998/68 3002/68 3003/68 2999/68 
f 2999/68 3003/68 3004/68 3000/68 
f 3000/68 3004/68 3001/68 2997/68 
f 2985/68 2986/68 2987/68 2988/68 
f 3004/68 3003/68 3002/68 3001/68 
f 3005/68 3009/68 3010/68 3006/68 
f 3006/68 3010/68 3011/68 3007/68 
f 3007/68 3011/68 3012/68 3008/68 
f 3008/68 3012/68 3009/68 3005/68 
f 3009/68 3013/68 3014/68 3010/68 
f 3010/68 3014/68 3015/68 3011/68 
f 3011/68 3015/68 3016/68 3012/68 
f 3012/68 3016/68 3013/68 3009/68 
f 3013/68 3017/68 3018/68 3014/68 
f 3014/68 3018/68 3019/68 3015/68 
f 3015/68 3019/68 3020/68 3016/68 
f 3016/68 3020/68 3017/68 3013/68 
f 3017/68 3021/68 3022/68 3018/68 
f 3018/68 3022/68 3023/68 3019/68 
f 3019/68 3023/68 3024/68 3020/68 
f 3020/68 3024/68 3021/68 3017/68 
f 3005/68 3006/68 3007/68 3008/68 
f 3024/68 3023/68 3022/68 3021/68 
f 3025/68 3029/68 3030/68 3026/68 
f 3026/68 3030/68 3031/68 3027/68 
f 3027/68 3031/68 3032/68 3028/68 
f 3028/68 3032/68 3029/68 3025/68 
f 3029/68 3033/68 3034/68 3030/68 
f 3030/68 3034/68 3035/68 3031/68 
f 3031/68 3035/68 3036/68 3032/68 
f 3032/68 3036/68 3033/68 3029/68 
f 3033/68 3037/68 3038/68 3034/68 
f 3034/68 3038/68 3039/68 3035/68 
f 3035/68 3039/68 3040/68 3036/68 
f 3036/68 3040/68 3037/68 3033/68 
f 3037/68 3041/68 3042/68 3038/68 
f 3038/68 3042/68 3043/68 3039/68 
f 3039/68 3043/68 3044/68 3040/68 
f 3040/68 3044/68 3041/68 3037/68 
f 3025/68 3026/68 3027/68 3028/68 
f 3044/68 3043/68 3042/68 3041/68 
f 3045/68 3049/68 3050/68 3046/68 
f 3046/68 3050/68 3051/68 3047/68 
f 3047/68 3051/68 3052/68 3048/68 
f 3048/68 3052/68 3049/68 3045/68 
f 3049/68 3053/68 3054/68 3050/68 
f 3050/68 3054/68 3055/68 3051/68 
f 3051/68 3055/68 3056/68 3052/68 
f 3052/68 3056/68 3053/68 3049/68 
f 3053/68 3057/68 3058/68 3054/68 
f 3054/68 3058/68 3059/68 3055/68 
f 3055/68 3059/68 3060/68 3056/68 
f 3056/68 3060/68 3057/68 3053/68 
f 3057/68 3061/68 3062/68 3058/68 
f 3058/68 3062/68 3063/68 3059/68 
f 3059/68 3063/68 3064/68 3060/68 
f 3060/68 3064/68 3061/68 3057/68 
f 3045/68 3046/68 3047/68 3048/68 
f 3064/68 3063/68 3062/68 3061/68 
f 3065/68 3069/68 3070/68 3066/68 
f 3066/68 3070/68 3071/68 3067/68 
f 3067/68 3071/68 3072/68 3068/68 
f 3068/68 3072/68 3069/68 3065/68 
f 3069/68 3073/68 3074/68 3070/68 
f 3070/68 3074/68 3075/68 3071/68 
f 3071/68 3075/68 3076/68 3072/68 
f 3072/68 3076/68 3073/68 3069/68 
f 3073/68 3077/68 3078/68 3074/68 
f 3074/68 3078/68 3079/68 3075/68 
f 3075/68 3079/68 3080/68 3076/68 
f 3076/68 3080/68 3077/68 3073/68 
f 3077/68 3081/68 3082/68 3078/68 
f 3078/68 3082/68 3083/68 3079/68 
f 3079/68 3083/68 3084/68 3080/68 
f 3080/68 3084/68 3081/68 3077/68 
f 3065/68 3066/68 3067/68 3068/68 
f 3084/68 3083/68 3082/68 3081/68 
f 3085/68 3089/68 3090/68 3086/68 
f 3086/68 3090/68 3091/68 3087/68 
f 3087/68 3091/68 3092/68 3088/68 
f 3088/68 3092/68 3089/68 3085/68 
f 3089/68 3093/68 3094/68 3090/68 
f 3090/68 3094/68 3095/68 3091/68 
f 3091/68 3095/68 3096/68 3092/68 
f 3092/68 3096/68 3093/68 3089/68 
f 3093/68 3097/68 3098/68 3094/68 
f 3094/68 3098/68 3099/68 3095/68 
f 3095/68 3099/68 3100/68 3096/68 
f 3096/68 3100/68 3097/68 3093/68 
f 3097/68 3101/68 3102/68 3098/68 
f 3098/68 3102/68 3103/68 3099/68 
f 3099/68 3103/68 3104/68 3100/68 
f 3100/68 3104/68 3101/68 3097/68 
f 3085/68 3086/68 3087/68 3088/68 
f 3104/68 3103/68 3102/68 3101/68 
f 3105/68 3109/68 3110/68 3106/68 
f 3106/68 3110/68 3111/68 3107/68 
f 3107/68 3111/68 3112/68 3108/68 
f 3108/68 3112/68 3109/68 3105/68 
f 3109/68 3113/68 3114/68 3110/68 
f 3110/68 3114/68 3115/68 3111/68 
f 3111/68 3115/68 3116/68 3112/68 
f 3112/68 3116/68 3113/68 3109/68 
f 3113/68 3117/68 3118/68 3114/68 
f 3114/68 3118/68 3119/68 3115/68 
f 3115/68 3119/68 3120/68 3116/68 
f 3116/68 3120/68 3117/68 3113/68 
f 3117/68 3121/68 3122/68 3118/68 
f 3118/68 3122/68 3123/68 3119/68 
f 3119/68 3123/68 3124/68 3120/68 
f 3120/68 3124/68 3121/68 3117/68 
f 3105/68 3106/68 3107/68 3108/68 
f 3124/68 3123/68 3122/68 3121/68 
f 3125/68 3129/68 3130/68 3126/68 
f 3126/68 3130/68 3131/68 3127/68 
f 3127/68 3131/68 3132/68 3128/68 
f 3128/68 3132/68 3129/68 3125/68 
f 3129/68 3133/68 3134/68 3130/68 
f 3130/68 3134/68 3135/68 3131/68 
f 3131/68 3135/68 3136/68 3132/68 
f 3132/68 3136/68 3133/68 3129/68 
f 3133/68 3137/68 3138/68 3134/68 
f 3134/68 3138/68 3139/68 3135/68 
f 3135/68 3139/68 3140/68 3136/68 
f 3136/68 3140/68 3137/68 3133/68 
f 3137/68 3141/68 3142/68 3138/68 
f 3138/68 3142/68 3143/68 3139/68 
f 3139/68 3143/68 3144/68 3140/68 
f 3140/68 3144/68 3141/68 3137/68 
f 3125/68 3126/68 3127/68 3128/68 
f 3144/68 3143/68 3142/68 3141/68 
usemtl Floor
f 3145/69 3149/69 3150/69 3146/69 
f 3146/69 3150/69 3151/69 3147/69 
f 3147/69 3151/69 3152/69 3148/69 
f 3148/69 3152/69 3149/69 3145/69 
f 3145/69 3146/69 3147/69 3148/69 
f 3152/69 3151/69 3150/69 3149/69 
f 3153/69 3157/69 3158/69 3154/69 
f 3154/69 3158/69 3159/69 3155/69 
f 3155/69 3159/69 3160/69 3156/69 
f 3156/69 3160/69 3157/69 3153/69 
f 3153/69 3154/69 3155/69 3156/69 
f 3160/69 3159/69 3158/69 3157/69 
f 3161/69 3165/69 3166/69 3162/69 
f 3162/69 3166/69 3167/69 3163/69 
f 3163/69 3167/69 3168/69 3164/69 
f 3164/69 3168/69 3165/69 3161/69 
f 3161/69 3162/69 3163/69 3164/69 
f 3168/69 3167/69 3166/69 3165/69 
f 3169/69 3173/69 3174/69 3170/69 
f 3170/69 3174/69 3175/69 3171/69 
f 3171/69 3175/69 3176/69 3172/69 
f 3172/69 3176/69 3173/69 3169/69 
f 3169/69 3170/69 3171/69 3172/69 
f 3176/69 3175/69 3174/69 3173/69 
f 3177/69 3181/69 3182/69 3178/69 
f 3178/69 3182/69 3183/69 3179/69 
f 3179/69 3183/69 3184/69 3180/69 
f 3180/69 3184/69 3181/69 3177/69 
f 3177/69 3178/69 3179/69 3180/69 
f 3184/69 3183/69 3182/69 3181/69 
f 3185/69 3189/69 3190/69 3186/69 
f 3186/69 3190/69 3191/69 3187/69 
f 3187/69 3191/69 3192/69 3188/69 
f 3188/69 3192/69 3189/69 3185/69 
f 3185/69 3186/69 3187/69 3188/69 
f 3192/69 3191/69 3190/69 3189/69 
f 3193/69 3197/69 3198/69 3194/69 
f 3194/69 3198/69 3199/69 3195/69 
f 3195/69 3199/69 3200/69 3196/69 
f 3196/69 3200/69 3197/69 3193/69 
f 3193/69 3194/69 3195/69 3196/69 
f 3200/69 3199/69 3198/69 3197/69 
f 3201/69 3205/69 3206/69 3202/69 
f 3202/69 3206/69 3207/69 3203/69 
f 3203/69 3207/69 3208/69 3204/69 
f 3204/69 3208/69 3205/69 3201/69 
f 3201/69 3202/69 3203/69 3204/69 
f 3208/69 3207/69 3206/69 3205/69 
f 3209/69 3213/69 3214/69 3210/69 
f 3210/69 3214/69 3215/69 3211/69 
f 3211/69 3215/69 3216/69 3212/69 
f 3212/69 3216/69 3213/69 3209/69 
f 3209/69 3210/69 3211/69 3212/69 
f 3216/69 3215/69 3214/69 3213/69 
f 3217/69 3221/69 3222/69 3218/69 
f 3218/69 3222/69 3223/69 3219/69 
f 3219/69 3223/69 3224/69 3220/69 
f 3220/69 3224/69 3221/69 3217/69 
f 3217/69 3218/69 3219/69 3220/69 
f 3224/69 3223/69 3222/69 3221/69 
f 3225/69 3229/69 3230/69 3226/69 
f 3226/69 3230/69 3231/69 3227/69 
f 3227/69 3231/69 3232/69 3228/69 
f 3228/69 3232/69 3229/69 3225/69 
f 3225/69 3226/69 3227/69 3228/69 
f 3232/69 3231/69 3230/69 3229/69 
f 3233/69 3237/69 3238/69 3234/69 
f 3234/69 3238/69 3239/69 3235/69 
f 3235/69 3239/69 3240/69 3236/69 
f 3236/69 3240/69 3237/69 3233/69 
f 3233/69 3234/69 3235/69 3236/69 
f 3240/69 3239/69 3238/69 3237/69 
f 3241/69 3245/69 3246/69 3242/69 
f 3242/69 3246/69 3247/69 3243/69 
f 3243/69 3247/69 3248/69 3244/69 
f 3244/69 3248/69 3245/69 3241/69 
f 3241/69 3242/69 3243/69 3244/69 
f 3248/69 3247/69 3246/69 3245/69 
f 3249/69 3253/69 3254/69 3250/69 
f 3250/69 3254/69 3255/69 3251/69 
f 3251/69 3255/69 3256/69 3252/69 
f 3252/69 3256/69 3253/69 3249/69 
f 3249/69 3250/69 3251/69 3252/69 
f 3256/69 3255/69 3254/69 3253/69 
f 3257/69 3261/69 3262/69 3258/69 
f 3258/69 3262/69 3263/69 3259/69 
f 3259/69 3263/69 3264/69 3260/69 
f 3260/69 3264/69 3261/69 3257/69 
f 3257/69 3258/69 3259/69 3260/69 
f 3264/69 3263/69 3262/69 3261/69 
f 3265/69 3269/69 3270/69 3266/69 
f 3266/69 3270/69 3271/69 3267/69 
f 3267/69 3271/69 3272/69 3268/69 
f 3268/69 3272/69 3269/69 3265/69 
f 3265/69 3266/69 3267/69 3268/69 
f 3272/69 3271/69 3270/69 3269/69 
f 3273/70 3277/70 3278/70 3274/70 
f 3274/70 3278/70 3279/70 3275/70 
f 3275/70 3279/70 3280/70 3276/70 
f 3276/70 3280/70 3277/70 3273/70 
f 3277/70 3281/70 3282/70 3278/70 
f 3278/70 3282/70 3283/70 3279/70 
f 3279/70 3283/70 3284/70 3280/70 
f 3280/70 3284/70 3281/70 3277/70 
f 3281/70 3285/70 3286/70 3282/70 
f 3282/70 3286/70 3287/70 3283/70 
f 3283/70 3287/70 3288/70 3284/70 
f 3284/70 3288/70 3285/70 3281/70 
f 3285/70 3289/70 3290/70 3286/70 
f 3286/70 3290/70 3291/70 3287/70 
f 3287/70 3291/70 3292/70 3288/70 
f 3288/70 3292/70 3289/70 3285/70 
f 3289/70 3293/70 3294/70 3290/70 
f 3290/70 3294/70 3295/70 3291/70 
f 3291/70 3295/70 3296/70 3292/70 
f 3292/70 3296/70 3293/70 3289/70 
f 3293/70 3297/70 3298/70 3294/70 
f 3294/70 3298/70 3299/70 3295/70 
f 3295/70 3299/70 3300/70 3296/70 
f 3296/70 3300/70 3297/70 3293/70 
f 3297/70 3301/70 3302/70 3298/70 
f 3298/70 3302/70 3303/70 3299/70 
f 3299/70 3303/70 3304/70 3300/70 
f 3300/70 3304/70 3301/70 3297/70 
f 3301/70 3305/70 3306/70 3302/70 
f 3302/70 3306/70 3307/70 3303/70 
f 3303/70 3307/70 3308/70 3304/70 
f 3304/70 3308/70 3305/70 3301/70 
f 3305/70 3309/70 3310/70 3306/70 
f 3306/70 3310/70 3311/70 3307/70 
f 3307/70 3311/70 3312/70 3308/70 
f 3308/70 3312/70 3309/70 3305/70 
f 3309/70 3313/70 3314/70 3310/70 
f 3310/70 3314/70 3315/70 3311/70 
f 3311/70 3315/70 3316/70 3312/70 
f 3312/70 3316/70 3313/70 3309/70 
f 3313/70 3317/70 3318/70 3314/70 
f 3314/70 3318/70 3319/70 3315/70 
f 3315/70 3319/70 3320/70 3316/70 
f 3316/70 3320/70 3317/70 3313/70 
f 3317/70 3321/70 3322/70 3318/70 
f 3318/70 3322/70 3323/70 3319/70 
f 3319/70 3323/70 3324/70 3320/70 
f 3320/70 3324/70 3321/70 3317/70 
f 3321/70 3325/70 3326/70 3322/70 
f 3322/70 3326/70 3327/70 3323/70 
f 3323/70 3327/70 3328/70 3324/70 
f 3324/70 3328/70 3325/70 3321/70 
f 3325/70 3329/70 3330/70 3326/70 
f 3326/70 3330/70 3331/70 3327/70 
f 3327/70 3331/70 3332/70 3328/70 
f 3328/70 3332/70 3329/70 3325/70 
f 3329/70 3333/70 3334/70 3330/70 
f 3330/70 3334/70 3335/70 3331/70 
f 3331/70 3335/70 3336/70 3332/70 
f 3332/70 3336/70 3333/70 3329/70 
f 3333/70 3337/70 3338/70 3334/70 
f 3334/70 3338/70 3339/70 3335/70 
f 3335/70 3339/70 3340/70 3336/70 
f 3336/70 3340/70 3337/70 3333/70 
f 3337/70 3341/70 3342/70 3338/70 
f 3338/70 3342/70 3343/70 3339/70 
f 3339/70 3343/70 3344/70 3340/70 
f 3340/70 3344/70 3341/70 3337/70 
f 3341/70 3345/70 3346/70 3342/70 
f 3342/70 3346/70 3347/70 3343/70 
f 3343/70 3347/70 3348/70 3344/70 
f 3344/70 3348/70 3345/70 3341/70 
f 3345/70 3349/70 3350/70 3346/70 
f 3346/70 3350/70 3351/70 3347/70 
f 3347/70 3351/70 3352/70 3348/70 
f 3348/70 3352/70 3349/70 3345/70 
f 3349/70 3353/70 3354/70 3350/70 
f 3350/70 3354/70 3355/70 3351/70 
f 3351/70 3355/70 3356/70 3352/70 
f 3352/70 3356/70 3353/70 3349/70 
f 3353/70 3357/70 3358/70 3354/70 
f 3354/70 3358/70 3359/70 3355/70 
f 3355/70 3359/70 3360/70 3356/70 
f 3356/70 3360/70 3357/70 3353/70 
f 3357/70 3361/70 3362/70 3358/70 
f 3358/70 3362/70 3363/70 3359/70 
f 3359/70 3363/70 3364/70 3360/70 
f 3360/70 3364/70 3361/70 3357/70 
f 3361/70 3365/70 3366/70 3362/70 
f 3362/70 3366/70 3367/70 3363/70 
f 3363/70 3367/70 3368/70 3364/70 
f 3364/70 3368/70 3365/70 3361/70 
f 3365/70 3369/70 3370/70 3366/70 
f 3366/70 3370/70 3371/70 3367/70 
f 3367/70 3371/70 3372/70 3368/70 
f 3368/70 3372/70 3369/70 3365/70 
f 3369/70 3373/70 3374/70 3370/70 
f 3370/70 3374/70 3375/70 3371/70 
f 3371/70 3375/70 3376/70 3372/70 
f 3372/70 3376/70 3373/70 3369/70 
f 3373/70 3377/70 3378/70 3374/70 
f 3374/70 3378/70 3379/70 3375/70 
f 3375/70 3379/70 3380/70 3376/70 
f 3376/70 3380/70 3377/70 3373/70 
f 3377/70 3381/70 3382/70 3378/70 
f 3378/70 3382/70 3383/70 3379/70 
f 3379/70 3383/70 3384/70 3380/70 
f 3380/70 3384/70 3381/70 3377/70 
f 3381/70 3385/70 3386/70 3382/70 
f 3382/70 3386/70 3387/70 3383/70 
f 3383/70 3387/70 3388/70 3384/70 
f 3384/70 3388/70 3385/70 3381/70 
f 3385/70 3389/70 3390/70 3386/70 
f 3386/70 3390/70 3391/70 3387/70 
f 3387/70 3391/70 3392/70 3388/70 
f 3388/70 3392/70 3389/70 3385/70 
f 3389/70 3393/70 3394/70 3390/70 
f 3390/70 3394/70 3395/70 3391/70 
f 3391/70 3395/70 3396/70 3392/70 
f 3392/70 3396/70 3393/70 3389/70 
f 3393/70 3397/70 3398/70 3394/70 
f 3394/70 3398/70 3399/70 3395/70 
f 3395/70 3399/70 3400/70 3396/70 
f 3396/70 3400/70 3397/70 3393/70 
f 3397/70 3401/70 3402/70 3398/70 
f 3398/70 3402/70 3403/70 3399/70 
f 3399/70 3403/70 3404/70 3400/70 
f 3400/70 3404/70 3401/70 3397/70 
f 3401/70 3405/70 3406/70 3402/70 
f 3402/70 3406/70 3407/70 3403/70 
f 3403/70 3407/70 3408/70 3404/70 
f 3404/70 3408/70 3405/70 3401/70 
f 3405/70 3409/70 3410/70 3406/70 
f 3406/70 3410/70 3411/70 3407/70 
f 3407/70 3411/70 3412/70 3408/70 
f 3408/70 3412/70 3409/70 3405/70 
f 3409/70 3413/70 3414/70 3410/70 
f 3410/70 3414/70 3415/70 3411/70 
f 3411/70 3415/70 3416/70 3412/70 
f 3412/70 3416/70 3413/70 3409/70 
f 3413/70 3417/70 3418/70 3414/70 
f 3414/70 3418/70 3419/70 3415/70 
f 3415/70 3419/70 3420/70 3416/70 
f 3416/70 3420/70 3417/70 3413/70 
f 3417/70 3421/70 3422/70 3418/70 
f 3418/70 3422/70 3423/70 3419/70 
f 3419/70 3423/70 3424/70 3420/70 
f 3420/70 3424/70 3421/70 3417/70 
f 3421/70 3425/70 3426/70 3422/70 
f 3422/70 3426/70 3427/70 3423/70 
f 3423/70 3427/70 3428/70 3424/70 
f 3424/70 3428/70 3425/70 3421/70 
f 3425/70 3429/70 3430/70 3426/70 
f 3426/70 3430/70 3431/70 3427/70 
f 3427/70 3431/70 3432/70 3428/70 
f 3428/70 3432/70 3429/70 3425/70 
f 3429/70 3433/70 3434/70 3430/70 
f 3430/70 3434/70 3435/70 3431/70 
f 3431/70 3435/70 3436/70 3432/70 
f 3432/70 3436/70 3433/70 3429/70 
f 3433/70 3437/70 3438/70 3434/70 
f 3434/70 3438/70 3439/70 3435/70 
f 3435/70 3439/70 3440/70 3436/70 
f 3436/70 3440/70 3437/70 3433/70 
f 3437/70 3441/70 3442/70 3438/70 
f 3438/70 3442/70 3443/70 3439/70 
f 3439/70 3443/70 3444/70 3440/70 
f 3440/70 3444/70 3441/70 3437/70 
f 3441/70 3445/70 3446/70 3442/70 
f 3442/70 3446/70 3447/70 3443/70 
f 3443/70 3447/70 3448/70 3444/70 
f 3444/70 3448/70 3445/70 3441/70 
f 3445/70 3449/70 3450/70 3446/70 
f 3446/70 3450/70 3451/70 3447/70 
f 3447/70 3451/70 3452/70 3448/70 
f 3448/70 3452/70 3449/70 3445/70 
f 3449/70 3453/70 3454/70 3450/70 
f 3450/70 3454/70 3455/70 3451/70 
f 3451/70 3455/70 3456/70 3452/70 
f 3452/70 3456/70 3453/70 3449/70 
f 3453/70 3457/70 3458/70 3454/70 
f 3454/70 3458/70 3459/70 3455/70 
f 3455/70 3459/70 3460/70 3456/70 
f 3456/70 3460/70 3457/70 3453/70 
f 3457/70 3461/70 3462/70 3458/70 
f 3458/70 3462/70 3463/70 3459/70 
f 3459/70 3463/70 3464/70 3460/70 
f 3460/70 3464/70 3461/70 3457/70 
f 3461/70 3273/70 3274/70 3462/70 
f 3462/70 3274/70 3275/70 3463/70 
f 3463/70 3275/70 3276/70 3464/70 
f 3464/70 3276/70 3273/70 3461/70 
usemtl wire_006134006
f 3465/70 3469/70 3470/70 3466/70 
f 3466/70 3470/70 3471/70 3467/70 
f 3467/70 3471/70 3472/70 3468/70 
f 3468/70 3472/70 3469/70 3465/70 
f 3469/70 3473/70 3474/70 3470/70 
f 3470/70 3474/70 3475/70 3471/70 
f 3471/70 3475/70 3476/70 3472/70 
f 3472/70 3476/70 3473/70 3469/70 
f 3473/70 3477/70 3478/70 3474/70 
f 3474/70 3478/70 3479/70 3475/70 
f 3475/70 3479/70 3480/70 3476/70 
f 3476/70 3480/70 3477/70 3473/70 
f 3477/70 3481/70 3482/70 3478/70 
f 3478/70 3482/70 3483/70 3479/70 
f 3479/70 3483/70 3484/70 3480/70 
f 3480/70 3484/70 3481/70 3477/70 
f 3481/70 3485/70 3486/70 3482/70 
f 3482/70 3486/70 3487/70 3483/70 
f 3483/70 3487/70 3488/70 3484/70 
f 3484/70 3488/70 3485/70 3481/70 
f 3485/70 3489/70 3490/70 3486/70 
f 3486/70 3490/70 3491/70 3487/70 
f 3487/70 3491/70 3492/70 3488/70 
f 3488/70 3492/70 3489/70 3485/70 
f 3489/70 3493/70 3494/70 3490/70 
f 3490/70 3494/70 3495/70 3491/70 
f 3491/70 3495/70 3496/70 3492/70 
f 3492/70 3496/70 3493/70 3489/70 
f 3493/70 3497/70 3498/70 3494/70 
f 3494/70 3498/70 3499/70 3495/70 
f 3495/70 3499/70 3500/70 3496/70 
f 3496/70 3500/70 3497/70 3493/70 
f 3497/70 3501/70 3502/70 3498/70 
f 3498/70 3502/70 3503/70 3499/70 
f 3499/70 3503/70 3504/70 3500/70 
f 3500/70 3504/70 3501/70 3497/70 
f 3501/70 3505/70 3506/70 3502/70 
f 3502/70 3506/70 3507/70 3503/70 
f 3503/70 3507/70 3508/70 3504/70 
f 3504/70 3508/70 3505/70 3501/70 
f 3505/70 3509/70 3510/70 3506/70 
f 3506/70 3510/70 3511/70 3507/70 
f 3507/70 3511/70 3512/70 3508/70 
f 3508/70 3512/70 3509/70 3505/70 
f 3509/70 3513/70 3514/70 3510/70 
f 3510/70 3514/70 3515/70 3511/70 
f 3511/70 3515/70 3516/70 3512/70 
f 3512/70 3516/70 3513/70 3509/70 
f 3513/70 3517/70 3518/70 3514/70 
f 3514/70 3518/70 3519/70 3515/70 
f 3515/70 3519/70 3520/70 3516/70 
f 3516/70 3520/70 3517/70 3513/70 
f 3517/70 3521/70 3522/70 3518/70 
f 3518/70 3522/70 3523/70 3519/70 
f 3519/70 3523/70 3524/70 3520/70 
f 3520/70 3524/70 3521/70 3517/70 
f 3521/70 3525/70 3526/70 3522/70 
f 3522/70 3526/70 3527/70 3523/70 
f 3523/70 3527/70 3528/70 3524/70 
f 3524/70 3528/70 3525/70 3521/70 
f 3525/70 3529/70 3530/70 3526/70 
f 3526/70 3530/70 3531/70 3527/70 
f 3527/70 3531/70 3532/70 3528/70 
f 3528/70 3532/70 3529/70 3525/70 
f 3529/70 3533/70 3534/70 3530/70 
f 3530/70 3534/70 3535/70 3531/70 
f 3531/70 3535/70 3536/70 3532/70 
f 3532/70 3536/70 3533/70 3529/70 
f 3533/70 3537/70 3538/70 3534/70 
f 3534/70 3538/70 3539/70 3535/70 
f 3535/70 3539/70 3540/70 3536/70 
f 3536/70 3540/70 3537/70 3533/70 
f 3537/70 3541/70 3542/70 3538/70 
f 3538/70 3542/70 3543/70 3539/70 
f 3539/70 3543/70 3544/70 3540/70 
f 3540/70 3544/70 3541/70 3537/70 
f 3541/70 3545/70 3546/70 3542/70 
f 3542/70 3546/70 3547/70 3543/70 
f 3543/70 3547/70 3548/70 3544/70 
f 3544/70 3548/70 3545/70 3541/70 
f 3545/70 3549/70 3550/70 3546/70 
f 3546/70 3550/70 3551/70 3547/70 
f 3547/70 3551/70 3552/70 3548/70 
f 3548/70 3552/70 3549/70 3545/70 
f 3549/70 3553/70 3554/70 3550/70 
f 3550/70 3554/70 3555/70 3551/70 
f 3551/70 3555/70 3556/70 3552/70 
f 3552/70 3556/70 3553/70 3549/70 
f 3553/70 3557/70 3558/70 3554/70 
f 3554/70 3558/70 3559/70 3555/70 
f 3555/70 3559/70 3560/70 3556/70 
f 3556/70 3560/70 3557/70 3553/70 
f 3557/70 3561/70 3562/70 3558/70 
f 3558/70 3562/70 3563/70 3559/70 
f 3559/70 3563/70 3564/70 3560/70 
f 3560/70 3564/70 3561/70 3557/70 
f 3561/70 3565/70 3566/70 3562/70 
f 3562/70 3566/70 3567/70 3563/70 
f 3563/70 3567/70 3568/70 3564/70 
f 3564/70 3568/70 3565/70 3561/70 
f 3565/70 3569/70 3570/70 3566/70 
f 3566/70 3570/70 3571/70 3567/70 
f 3567/70 3571/70 3572/70 3568/70 
f 3568/70 3572/70 3569/70 3565/70 
f 3569/70 3573/70 3574/70 3570/70 
f 3570/70 3574/70 3575/70 3571/70 
f 3571/70 3575/70 3576/70 3572/70 
f 3572/70 3576/70 3573/70 3569/70 
f 3573/70 3577/70 3578/70 3574/70 
f 3574/70 3578/70 3579/70 3575/70 
f 3575/70 3579/70 3580/70 3576/70 
f 3576/70 3580/70 3577/70 3573/70 
f 3577/70 3581/70 3582/70 3578/70 
f 3578/70 3582/70 3583/70 3579/70 
f 3579/70 3583/70 3584/70 3580/70 
f 3580/70 3584/70 3581/70 3577/70 
f 3581/70 3585/70 3586/70 3582/70 
f 3582/70 3586/70 3587/70 3583/70 
f 3583/70 3587/70 3588/70 3584/70 
f 3584/70 3588/70 3585/70 3581/70 
f 3585/70 3589/70 3590/70 3586/70 
f 3586/70 3590/70 3591/70 3587/70 
f 3587/70 3591/70 3592/70 3588/70 
f 3588/70 3592/70 3589/70 3585/70 
f 3589/70 3593/70 3594/70 3590/70 
f 3590/70 3594/70 3595/70 3591/70 
f 3591/70 3595/70 3596/70 3592/70 
f 3592/70 3596/70 3593/70 3589/70 
f 3593/70 3597/70 3598/70 3594/70 
f 3594/70 3598/70 3599/70 3595/70 
f 3595/70 3599/70 3600/70 3596/70 
f 3596/70 3600/70 3597/70 3593/70 
f 3597/70 3601/70 3602/70 3598/70 
f 3598/70 3602/70 3603/70 3599/70 
f 3599/70 3603/70 3604/70 3600/70 
f 3600/70 3604/70 3601/70 3597/70 
f 3601/70 3605/70 3606/70 3602/70 
f 3602/70 3606/70 3607/70 3603/70 
f 3603/70 3607/70 3608/70 3604/70 
f 3604/70 3608/70 3605/70 3601/70 
f 3605/70 3609/70 3610/70 3606/70 
f 3606/70 3610/70 3611/70 3607/70 
f 3607/70 3611/70 3612/70 3608/70 
f 3608/70 3612/70 3609/70 3605/70 
f 3609/70 3613/70 3614/70 3610/70 
f 3610/70 3614/70 3615/70 3611/70 
f 3611/70 3615/70 3616/70 3612/70 
f 3612/70 3616/70 3613/70 3609/70 
f 3613/70 3617/70 3618/70 3614/70 
f 3614/70 3618/70 3619/70 3615/70 
f 3615/70 3619/70 3620/70 3616/70 
f 3616/70 3620/70 3617/70 3613/70 
f 3617/70 3621/70 3622/70 3618/70 
f 3618/70 3622/70 3623/70 3619/70 
f 3619/70 3623/70 3624/70 3620/70 
f 3620/70 3624/70 3621/70 3617/70 
f 3621/70 3625/70 3626/70 3622/70 
f 3622/70 3626/70 3627/70 3623/70 
f 3623/70 3627/70 3628/70 3624/70 
f 3624/70 3628/70 3625/70 3621/70 
f 3625/70 3629/70 3630/70 3626/70 
f 3626/70 3630/70 3631/70 3627/70 
f 3627/70 3631/70 3632/70 3628/70 
f 3628/70 3632/70 3629/70 3625/70 
f 3629/70 3633/70 3634/70 3630/70 
f 3630/70 3634/70 3635/70 3631/70 
f 3631/70 3635/70 3636/70 3632/70 
f 3632/70 3636/70 3633/70 3629/70 
f 3633/70 3637/70 3638/70 3634/70 
f 3634/70 3638/70 3639/70 3635/70 
f 3635/70 3639/70 3640/70 3636/70 
f 3636/70 3640/70 3637/70 3633/70 
f 3637/70 3641/70 3642/70 3638/70 
f 3638/70 3642/70 3643/70 3639/70 
f 3639/70 3643/70 3644/70 3640/70 
f 3640/70 3644/70 3641/70 3637/70 
f 3641/70 3645/70 3646/70 3642/70 
f 3642/70 3646/70 3647/70 3643/70 
f 3643/70 3647/70 3648/70 3644/70 
f 3644/70 3648/70 3645/70 3641/70 
f 3645/70 3649/70 3650/70 3646/70 
f 3646/70 3650/70 3651/70 3647/70 
f 3647/70 3651/70 3652/70 3648/70 
f 3648/70 3652/70 3649/70 3645/70 
f 3649/70 3653/70 3654/70 3650/70 
f 3650/70 3654/70 3655/70 3651/70 
f 3651/70 3655/70 3656/70 3652/70 
f 3652/70 3656/70 3653/70 3649/70 
f 3653/70 3465/70 3466/70 3654/70 
f 3654/70 3466/70 3467/70 3655/70 
f 3655/70 3467/70 3468/70 3656/70 
f 3656/70 3468/70 3465/70 3653/70 
f 3657/71 3661/71 3662/71 3658/71 
f 3658/71 3662/71 3663/71 3659/71 
f 3659/71 3663/71 3664/71 3660/71 
f 3660/71 3664/71 3661/71 3657/71 
f 3661/71 3665/71 3666/71 3662/71 
f 3662/71 3666/71 3667/71 3663/71 
f 3663/71 3667/71 3668/71 3664/71 
f 3664/71 3668/71 3665/71 3661/71 
f 3665/71 3669/71 3670/71 3666/71 
f 3666/71 3670/71 3671/71 3667/71 
f 3667/71 3671/71 3672/71 3668/71 
f 3668/71 3672/71 3669/71 3665/71 
f 3669/71 3673/71 3674/71 3670/71 
f 3670/71 3674/71 3675/71 3671/71 
f 3671/71 3675/71 3676/71 3672/71 
f 3672/71 3676/71 3673/71 3669/71 
f 3657/71 3658/71 3659/71 3660/71 
f 3676/71 3675/71 3674/71 3673/71 
f 3677/71 3681/71 3682/71 3678/71 
f 3678/71 3682/71 3683/71 3679/71 
f 3679/71 3683/71 3684/71 3680/71 
f 3680/71 3684/71 3681/71 3677/71 
f 3681/71 3685/71 3686/71 3682/71 
f 3682/71 3686/71 3687/71 3683/71 
f 3683/71 3687/71 3688/71 3684/71 
f 3684/71 3688/71 3685/71 3681/71 
f 3685/71 3689/71 3690/71 3686/71 
f 3686/71 3690/71 3691/71 3687/71 
f 3687/71 3691/71 3692/71 3688/71 
f 3688/71 3692/71 3689/71 3685/71 
f 3689/71 3693/71 3694/71 3690/71 
f 3690/71 3694/71 3695/71 3691/71 
f 3691/71 3695/71 3696/71 3692/71 
f 3692/71 3696/71 3693/71 3689/71 
f 3677/71 3678/71 3679/71 3680/71 
f 3696/71 3695/71 3694/71 3693/71 
f 3697/71 3701/71 3702/71 3698/71 
f 3698/71 3702/71 3703/71 3699/71 
f 3699/71 3703/71 3704/71 3700/71 
f 3700/71 3704/71 3701/71 3697/71 
f 3701/71 3705/71 3706/71 3702/71 
f 3702/71 3706/71 3707/71 3703/71 
f 3703/71 3707/71 3708/71 3704/71 
f 3704/71 3708/71 3705/71 3701/71 
f 3705/71 3709/71 3710/71 3706/71 
f 3706/71 3710/71 3711/71 3707/71 
f 3707/71 3711/71 3712/71 3708/71 
f 3708/71 3712/71 3709/71 3705/71 
f 3709/71 3713/71 3714/71 3710/71 
f 3710/71 3714/71 3715/71 3711/71 
f 3711/71 3715/71 3716/71 3712/71 
f 3712/71 3716/71 3713/71 3709/71 
f 3697/71 3698/71 3699/71 3700/71 
f 3716/71 3715/71 3714/71 3713/71 
f 3717/71 3721/71 3722/71 3718/71 
f 3718/71 3722/71 3723/71 3719/71 
f 3719/71 3723/71 3724/71 3720/71 
f 3720/71 3724/71 3721/71 3717/71 
f 3721/71 3725/71 3726/71 3722/71 
f 3722/71 3726/71 3727/71 3723/71 
f 3723/71 3727/71 3728/71 3724/71 
f 3724/71 3728/71 3725/71 3721/71 
f 3725/71 3729/71 3730/71 3726/71 
f 3726/71 3730/71 3731/71 3727/71 
f 3727/71 3731/71 3732/71 3728/71 
f 3728/71 3732/71 3729/71 3725/71 
f 3729/71 3733/71 3734/71 3730/71 
f 3730/71 3734/71 3735/71 3731/71 
f 3731/71 3735/71 3736/71 3732/71 
f 3732/71 3736/71 3733/71 3729/71 
f 3717/71 3718/71 3719/71 3720/71 
f 3736/71 3735/71 3734/71 3733/71 
f 3737/71 3741/71 3742/71 3738/71 
f 3738/71 3742/71 3743/71 3739/71 
f 3739/71 3743/71 3744/71 3740/71 
f 3740/71 3744/71 3741/71 3737/71 
f 3741/71 3745/71 3746/71 3742/71 
f 3742/71 3746/71 3747/71 3743/71 
f 3743/71 3747/71 3748/71 3744/71 
f 3744/71 3748/71 3745/71 3741/71 
f 3745/71 3749/71 3750/71 3746/71 
f 3746/71 3750/71 3751/71 3747/71 
f 3747/71 3751/71 3752/71 3748/71 
f 3748/71 3752/71 3749/71 3745/71 
f 3749/71 3753/71 3754/71 3750/71 
f 3750/71 3754/71 3755/71 3751/71 
f 3751/71 3755/71 3756/71 3752/71 
f 3752/71 3756/71 3753/71 3749/71 
f 3737/71 3738/71 3739/71 3740/71 
f 3756/71 3755/71 3754/71 3753/71 
f 3757/71 3761/71 3762/71 3758/71 
f 3758/71 3762/71 3763/71 3759/71 
f 3759/71 3763/71 3764/71 3760/71 
f 3760/71 3764/71 3761/71 3757/71 
f 3761/71 3765/71 3766/71 3762/71 
f 3762/71 3766/71 3767/71 3763/71 
f 3763/71 3767/71 3768/71 3764/71 
f 3764/71 3768/71 3765/71 3761/71 
f 3765/71 3769/71 3770/71 3766/71 
f 3766/71 3770/71 3771/71 3767/71 
f 3767/71 3771/71 3772/71 3768/71 
f 3768/71 3772/71 3769/71 3765/71 
f 3769/71 3773/71 3774/71 3770/71 
f 3770/71 3774/71 3775/71 3771/71 
f 3771/71 3775/71 3776/71 3772/71 
f 3772/71 3776/71 3773/71 3769/71 
f 3757/71 3758/71 3759/71 3760/71 
f 3776/71 3775/71 3774/71 3773/71 
f 3777/71 3781/71 3782/71 3778/71 
f 3778/71 3782/71 3783/71 3779/71 
f 3779/71 3783/71 3784/71 3780/71 
f 3780/71 3784/71 3781/71 3777/71 
f 3781/71 3785/71 3786/71 3782/71 
f 3782/71 3786/71 3787/71 3783/71 
f 3783/71 3787/71 3788/71 3784/71 
f 3784/71 3788/71 3785/71 3781/71 
f 3785/71 3789/71 3790/71 3786/71 
f 3786/71 3790/71 3791/71 3787/71 
f 3787/71 3791/71 3792/71 3788/71 
f 3788/71 3792/71 3789/71 3785/71 
f 3789/71 3793/71 3794/71 3790/71 
f 3790/71 3794/71 3795/71 3791/71 
f 3791/71 3795/71 3796/71 3792/71 
f 3792/71 3796/71 3793/71 3789/71 
f 3777/71 3778/71 3779/71 3780/71 
f 3796/71 3795/71 3794/71 3793/71 
f 3797/71 3801/71 3802/71 3798/71 
f 3798/71 3802/71 3803/71 3799/71 
f 3799/71 3803/71 3804/71 3800/71 
f 3800/71 3804/71 3801/71 3797/71 
f 3801/71 3805/71 3806/71 3802/71 
f 3802/71 3806/71 3807/71 3803/71 
f 3803/71 3807/71 3808/71 3804/71 
f 3804/71 3808/71 3805/71 3801/71 
f 3805/71 3809/71 3810/71 3806/71 
f 3806/71 3810/71 3811/71 3807/71 
f 3807/71 3811/71 3812/71 3808/71 
f 3808/71 3812/71 3809/71 3805/71 
f 3809/71 3813/71 3814/71 3810/71 
f 3810/71 3814/71 3815/71 3811/71 
f 3811/71 3815/71 3816/71 3812/71 
f 3812/71 3816/71 3813/71 3809/71 
f 3797/71 3798/71 3799/71 3800/71 
f 3816/71 3815/71 3814/71 3813/71 
f 3817/71 3821/71 3822/71 3818/71 
f 3818/71 3822/71 3823/71 3819/71 
f 3819/71 3823/71 3824/71 3820/71 
f 3820/71 3824/71 3821/71 3817/71 
f 3821/71 3825/71 3826/71 3822/71 
f 3822/71 3826/71 3827/71 3823/71 
f 3823/71 3827/71 3828/71 3824/71 
f 3824/71 3828/71 3825/71 3821/71 
f 3825/71 3829/71 3830/71 3826/71 
f 3826/71 3830/71 3831/71 3827/71 
f 3827/71 3831/71 3832/71 3828/71 
f 3828/71 3832/71 3829/71 3825/71 
f 3829/71 3833/71 3834/71 3830/71 
f 3830/71 3834/71 3835/71 3831/71 
f 3831/71 3835/71 3836/71 3832/71 
f 3832/71 3836/71 3833/71 3829/71 
f 3817/71 3818/71 3819/71 3820/71 
f 3836/71 3835/71 3834/71 3833/71 
f 3837/71 3841/71 3842/71 3838/71 
f 3838/71 3842/71 3843/71 3839/71 
f 3839/71 3843/71 3844/71 3840/71 
f 3840/71 3844/71 3841/71 3837/71 
f 3841/71 3845/71 3846/71 3842/71 
f 3842/71 3846/71 3847/71 3843/71 
f 3843/71 3847/71 3848/71 3844/71 
f 3844/71 3848/71 3845/71 3841/71 
f 3845/71 3849/71 3850/71 3846/71 
f 3846/71 3850/71 3851/71 3847/71 
f 3847/71 3851/71 3852/71 3848/71 
f 3848/71 3852/71 3849/71 3845/71 
f 3849/71 3853/71 3854/71 3850/71 
f 3850/71 3854/71 3855/71 3851/71 
f 3851/71 3855/71 3856/71 3852/71 
f 3852/71 3856/71 3853/71 3849/71 
f 3837/71 3838/71 3839/71 3840/71 
f 3856/71 3855/71 3854/71 3853/71 
f 3857/71 3861/71 3862/71 3858/71 
f 3858/71 3862/71 3863/71 3859/71 
f 3859/71 3863/71 3864/71 3860/71 
f 3860/71 3864/71 3861/71 3857/71 
f 3861/71 3865/71 3866/71 3862/71 
f 3862/71 3866/71 3867/71 3863/71 
f 3863/71 3867/71 3868/71 3864/71 
f 3864/71 3868/71 3865/71 3861/71 
f 3865/71 3869/71 3870/71 3866/71 
f 3866/71 3870/71 3871/71 3867/71 
f 3867/71 3871/71 3872/71 3868/71 
f 3868/71 3872/71 3869/71 3865/71 
f 3869/71 3873/71 3874/71 3870/71 
f 3870/71 3874/71 3875/71 3871/71 
f 3871/71 3875/71 3876/71 3872/71 
f 3872/71 3876/71 3873/71 3869/71 
f 3857/71 3858/71 3859/71 3860/71 
f 3876/71 3875/71 3874/71 3873/71 
f 3877/71 3881/71 3882/71 3878/71 
f 3878/71 3882/71 3883/71 3879/71 
f 3879/71 3883/71 3884/71 3880/71 
f 3880/71 3884/71 3881/71 3877/71 
f 3881/71 3885/71 3886/71 3882/71 
f 3882/71 3886/71 3887/71 3883/71 
f 3883/71 3887/71 3888/71 3884/71 
f 3884/71 3888/71 3885/71 3881/71 
f 3885/71 3889/71 3890/71 3886/71 
f 3886/71 3890/71 3891/71 3887/71 
f 3887/71 3891/71 3892/71 3888/71 
f 3888/71 3892/71 3889/71 3885/71 
f 3889/71 3893/71 3894/71 3890/71 
f 3890/71 3894/71 3895/71 3891/71 
f 3891/71 3895/71 3896/71 3892/71 
f 3892/71 3896/71 3893/71 3889/71 
f 3877/71 3878/71 3879/71 3880/71 
f 3896/71 3895/71 3894/71 3893/71 
f 3897/71 3901/71 3902/71 3898/71 
f 3898/71 3902/71 3903/71 3899/71 
f 3899/71 3903/71 3904/71 3900/71 
f 3900/71 3904/71 3901/71 3897/71 
f 3901/71 3905/71 3906/71 3902/71 
f 3902/71 3906/71 3907/71 3903/71 
f 3903/71 3907/71 3908/71 3904/71 
f 3904/71 3908/71 3905/71 3901/71 
f 3905/71 3909/71 3910/71 3906/71 
f 3906/71 3910/71 3911/71 3907/71 
f 3907/71 3911/71 3912/71 3908/71 
f 3908/71 3912/71 3909/71 3905/71 
f 3909/71 3913/71 3914/71 3910/71 
f 3910/71 3914/71 3915/71 3911/71 
f 3911/71 3915/71 3916/71 3912/71 
f 3912/71 3916/71 3913/71 3909/71 
f 3897/71 3898/71 3899/71 3900/71 
f 3916/71 3915/71 3914/71 3913/71 
f 3917/71 3921/71 3922/71 3918/71 
f 3918/71 3922/71 3923/71 3919/71 
f 3919/71 3923/71 3924/71 3920/71 
f 3920/71 3924/71 3921/71 3917/71 
f 3921/71 3925/71 3926/71 3922/71 
f 3922/71 3926/71 3927/71 3923/71 
f 3923/71 3927/71 3928/71 3924/71 
f 3924/71 3928/71 3925/71 3921/71 
f 3925/71 3929/71 3930/71 3926/71 
f 3926/71 3930/71 3931/71 3927/71 
f 3927/71 3931/71 3932/71 3928/71 
f 3928/71 3932/71 3929/71 3925/71 
f 3929/71 3933/71 3934/71 3930/71 
f 3930/71 3934/71 3935/71 3931/71 
f 3931/71 3935/71 3936/71 3932/71 
f 3932/71 3936/71 3933/71 3929/71 
f 3917/71 3918/71 3919/71 3920/71 
f 3936/71 3935/71 3934/71 3933/71 
f 3937/71 3941/71 3942/71 3938/71 
f 3938/71 3942/71 3943/71 3939/71 
f 3939/71 3943/71 3944/71 3940/71 
f 3940/71 3944/71 3941/71 3937/71 
f 3941/71 3945/71 3946/71 3942/71 
f 3942/71 3946/71 3947/71 3943/71 
f 3943/71 3947/71 3948/71 3944/71 
f 3944/71 3948/71 3945/71 3941/71 
f 3945/71 3949/71 3950/71 3946/71 
f 3946/71 3950/71 3951/71 3947/71 
f 3947/71 3951/71 3952/71 3948/71 
f 3948/71 3952/71 3949/71 3945/71 
f 3949/71 3953/71 3954/71 3950/71 
f 3950/71 3954/71 3955/71 3951/71 
f 3951/71 3955/71 3956/71 3952/71 
f 3952/71 3956/71 3953/71 3949/71 
f 3937/71 3938/71 3939/71 3940/71 
f 3956/71 3955/71 3954/71 3953/71 
f 3957/71 3961/71 3962/71 3958/71 
f 3958/71 3962/71 3963/71 3959/71 
f 3959/71 3963/71 3964/71 3960/71 
f 3960/71 3964/71 3961/71 3957/71 
f 3961/71 3965/71 3966/71 3962/71 
f 3962/71 3966/71 3967/71 3963/71 
f 3963/71 3967/71 3968/71 3964/71 
f 3964/71 3968/71 3965/71 3961/71 
f 3965/71 3969/71 3970/71 3966/71 
f 3966/71 3970/71 3971/71 3967/71 
f 3967/71 3971/71 3972/71 3968/71 
f 3968/71 3972/71 3969/71 3965/71 
f 3969/71 3973/71 3974/71 3970/71 
f 3970/71 3974/71 3975/71 3971/71 
f 3971/71 3975/71 3976/71 3972/71 
f 3972/71 3976/71 3973/71 3969/71 
f 3957/71 3958/71 3959/71 3960/71 
f 3976/71 3975/71 3974/71 3973/71 
usemtl Floor
f 3977/72 3981/72 3982/72 3978/72 
f 3978/72 3982/72 3983/72 3979/72 
f 3979/72 3983/72 3984/72 3980/72 
f 3980/72 3984/72 3981/72 3977/72 
f 3981/72 3985/72 3986/72 3982/72 
f 3982/72 3986/72 3987/72 3983/72 
f 3983/72 3987/72 3988/72 3984/72 
f 3984/72 3988/72 3985/72 3981/72 
f 3985/72 3989/72 3990/72 3986/72 
f 3986/72 3990/72 3991/72 3987/72 
f 3987/72 3991/72 3992/72 3988/72 
f 3988/72 3992/72 3989/72 3985/72 
f 3989/72 3993/72 3994/72 3990/72 
f 3990/72 3994/72 3995/72 3991/72 
f 3991/72 3995/72 3996/72 3992/72 
f 3992/72 3996/72 3993/72 3989/72 
f 3977/72 3978/72 3979/72 3980/72 
f 3996/72 3995/72 3994/72 3993/72 
f 3997/72 4001/72 4002/72 3998/72 
f 3998/72 4002/72 4003/72 3999/72 
f 3999/72 4003/72 4004/72 4000/72 
f 4000/72 4004/72 4001/72 3997/72 
f 4001/72 4005/72 4006/72 4002/72 
f 4002/72 4006/72 4007/72 4003/72 
f 4003/72 4007/72 4008/72 4004/72 
f 4004/72 4008/72 4005/72 4001/72 
f 4005/72 4009/72 4010/72 4006/72 
f 4006/72 4010/72 4011/72 4007/72 
f 4007/72 4011/72 4012/72 4008/72 
f 4008/72 4012/72 4009/72 4005/72 
f 4009/72 4013/72 4014/72 4010/72 
f 4010/72 4014/72 4015/72 4011/72 
f 4011/72 4015/72 4016/72 4012/72 
f 4012/72 4016/72 4013/72 4009/72 
f 3997/72 3998/72 3999/72 4000/72 
f 4016/72 4015/72 4014/72 4013/72 
f 4017/72 4021/72 4022/72 4018/72 
f 4018/72 4022/72 4023/72 4019/72 
f 4019/72 4023/72 4024/72 4020/72 
f 4020/72 4024/72 4021/72 4017/72 
f 4021/72 4025/72 4026/72 4022/72 
f 4022/72 4026/72 4027/72 4023/72 
f 4023/72 4027/72 4028/72 4024/72 
f 4024/72 4028/72 4025/72 4021/72 
f 4025/72 4029/72 4030/72 4026/72 
f 4026/72 4030/72 4031/72 4027/72 
f 4027/72 4031/72 4032/72 4028/72 
f 4028/72 4032/72 4029/72 4025/72 
f 4029/72 4033/72 4034/72 4030/72 
f 4030/72 4034/72 4035/72 4031/72 
f 4031/72 4035/72 4036/72 4032/72 
f 4032/72 4036/72 4033/72 4029/72 
f 4017/72 4018/72 4019/72 4020/72 
f 4036/72 4035/72 4034/72 4033/72 
f 4037/72 4041/72 4042/72 4038/72 
f 4038/72 4042/72 4043/72 4039/72 
f 4039/72 4043/72 4044/72 4040/72 
f 4040/72 4044/72 4041/72 4037/72 
f 4041/72 4045/72 4046/72 4042/72 
f 4042/72 4046/72 4047/72 4043/72 
f 4043/72 4047/72 4048/72 4044/72 
f 4044/72 4048/72 4045/72 4041/72 
f 4045/72 4049/72 4050/72 4046/72 
f 4046/72 4050/72 4051/72 4047/72 
f 4047/72 4051/72 4052/72 4048/72 
f 4048/72 4052/72 4049/72 4045/72 
f 4049/72 4053/72 4054/72 4050/72 
f 4050/72 4054/72 4055/72 4051/72 
f 4051/72 4055/72 4056/72 4052/72 
f 4052/72 4056/72 4053/72 4049/72 
f 4037/72 4038/72 4039/72 4040/72 
f 4056/72 4055/72 4054/72 4053/72 
f 4057/72 4061/72 4062/72 4058/72 
f 4058/72 4062/72 4063/72 4059/72 
f 4059/72 4063/72 4064/72 4060/72 
f 4060/72 4064/72 4061/72 4057/72 
f 4061/72 4065/72 4066/72 4062/72 
f 4062/72 4066/72 4067/72 4063/72 
f 4063/72 4067/72 4068/72 4064/72 
f 4064/72 4068/72 4065/72 4061/72 
f 4065/72 4069/72 4070/72 4066/72 
f 4066/72 4070/72 4071/72 4067/72 
f 4067/72 4071/72 4072/72 4068/72 
f 4068/72 4072/72 4069/72 4065/72 
f 4069/72 4073/72 4074/72 4070/72 
f 4070/72 4074/72 4075/72 4071/72 
f 4071/72 4075/72 4076/72 4072/72 
f 4072/72 4076/72 4073/72 4069/72 
f 4057/72 4058/72 4059/72 4060/72 
f 4076/72 4075/72 4074/72 4073/72 
f 4077/72 4081/72 4082/72 4078/72 
f 4078/72 4082/72 4083/72 4079/72 
f 4079/72 4083/72 4084/72 4080/72 
f 4080/72 4084/72 4081/72 4077/72 
f 4081/72 4085/72 4086/72 4082/72 
f 4082/72 4086/72 4087/72 4083/72 
f 4083/72 4087/72 4088/72 4084/72 
f 4084/72 4088/72 4085/72 4081/72 
f 4085/72 4089/72 4090/72 4086/72 
f 4086/72 4090/72 4091/72 4087/72 
f 4087/72 4091/72 4092/72 4088/72 
f 4088/72 4092/72 4089/72 4085/72 
f 4089/72 4093/72 4094/72 4090/72 
f 4090/72 4094/72 4095/72 4091/72 
f 4091/72 4095/72 4096/72 4092/72 
f 4092/72 4096/72 4093/72 4089/72 
f 4077/72 4078/72 4079/72 4080/72 
f 4096/72 4095/72 4094/72 4093/72 
f 4097/72 4101/72 4102/72 4098/72 
f 4098/72 4102/72 4103/72 4099/72 
f 4099/72 4103/72 4104/72 4100/72 
f 4100/72 4104/72 4101/72 4097/72 
f 4101/72 4105/72 4106/72 4102/72 
f 4102/72 4106/72 4107/72 4103/72 
f 4103/72 4107/72 4108/72 4104/72 
f 4104/72 4108/72 4105/72 4101/72 
f 4105/72 4109/72 4110/72 4106/72 
f 4106/72 4110/72 4111/72 4107/72 
f 4107/72 4111/72 4112/72 4108/72 
f 4108/72 4112/72 4109/72 4105/72 
f 4109/72 4113/72 4114/72 4110/72 
f 4110/72 4114/72 4115/72 4111/72 
f 4111/72 4115/72 4116/72 4112/72 
f 4112/72 4116/72 4113/72 4109/72 
f 4097/72 4098/72 4099/72 4100/72 
f 4116/72 4115/72 4114/72 4113/72 
f 4117/72 4121/72 4122/72 4118/72 
f 4118/72 4122/72 4123/72 4119/72 
f 4119/72 4123/72 4124/72 4120/72 
f 4120/72 4124/72 4121/72 4117/72 
f 4121/72 4125/72 4126/72 4122/72 
f 4122/72 4126/72 4127/72 4123/72 
f 4123/72 4127/72 4128/72 4124/72 
f 4124/72 4128/72 4125/72 4121/72 
f 4125/72 4129/72 4130/72 4126/72 
f 4126/72 4130/72 4131/72 4127/72 
f 4127/72 4131/72 4132/72 4128/72 
f 4128/72 4132/72 4129/72 4125/72 
f 4129/72 4133/72 4134/72 4130/72 
f 4130/72 4134/72 4135/72 4131/72 
f 4131/72 4135/72 4136/72 4132/72 
f 4132/72 4136/72 4133/72 4129/72 
f 4117/72 4118/72 4119/72 4120/72 
f 4136/72 4135/72 4134/72 4133/72 
f 4137/73 4140/73 4139/73 4138/73 
f 4141/73 4142/73 4143/73 4144/73 
f 4137/73 4138/73 4142/73 4141/73 
f 4139/73 4140/73 4144/73 4143/73 
f 4140/73 4137/73 4141/73 4144/73 
f 4138/73 4139/73 4143/73 4142/73 
f 4145/73 4148/73 4147/73 4146/73 
f 4149/73 4150/73 4151/73 4152/73 
f 4145/73 4146/73 4150/73 4149/73 
f 4147/73 4148/73 4152/73 4151/73 
f 4148/73 4145/73 4149/73 4152/73 
f 4146/73 4147/73 4151/73 4150/73 
f 4153/73 4156/73 4155/73 4154/73 
f 4157/73 4158/73 4159/73 4160/73 
f 4153/73 4154/73 4158/73 4157/73 
f 4155/73 4156/73 4160/73 4159/73 
f 4156/73 4153/73 4157/73 4160/73 
f 4154/73 4155/73 4159/73 4158/73 
f 4161/73 4164/73 4163/73 4162/73 
f 4165/73 4166/73 4167/73 4168/73 
f 4161/73 4162/73 4166/73 4165/73 
f 4163/73 4164/73 4168/73 4167/73 
f 4164/73 4161/73 4165/73 4168/73 
f 4162/73 4163/73 4167/73 4166/73 
usemtl wire_006134006
f 4169/74 4172/74 4171/74 4170/74 
f 4173/74 4174/74 4175/74 4176/74 
f 4169/74 4170/74 4174/74 4173/74 
f 4171/74 4172/74 4176/74 4175/74 
f 4172/74 4169/74 4173/74 4176/74 
f 4170/74 4171/74 4175/74 4174/74 
usemtl Floor
f 4177/74 4180/74 4179/74 4178/74 
f 4181/74 4182/74 4183/74 4184/74 
f 4177/74 4178/74 4182/74 4181/74 
f 4179/74 4180/74 4184/74 4183/74 
f 4180/74 4177/74 4181/74 4184/74 
f 4178/74 4179/74 4183/74 4182/74 
f 4185/74 4188/74 4187/74 4186/74 
f 4189/74 4190/74 4191/74 4192/74 
f 4185/74 4186/74 4190/74 4189/74 
f 4187/74 4188/74 4192/74 4191/74 
f 4188/74 4185/74 4189/74 4192/74 
f 4186/74 4187/74 4191/74 4190/74 
f 4193/74 4196/74 4195/74 4194/74 
f 4197/74 4198/74 4199/74 4200/74 
f 4193/74 4194/74 4198/74 4197/74 
f 4195/74 4196/74 4200/74 4199/74 
f 4196/74 4193/74 4197/74 4200/74 
f 4194/74 4195/74 4199/74 4198/74 
usemtl wire_006134006
f 4201/74 4204/74 4203/74 4202/74 
f 4205/74 4206/74 4207/74 4208/74 
f 4201/74 4202/74 4206/74 4205/74 
f 4203/74 4204/74 4208/74 4207/74 
f 4204/74 4201/74 4205/74 4208/74 
f 4202/74 4203/74 4207/74 4206/74 
f 4209/75 4212/75 4211/75 4210/75 
f 4213/75 4214/75 4215/75 4216/75 
f 4209/75 4210/75 4214/75 4213/75 
f 4211/75 4212/75 4216/75 4215/75 
f 4212/75 4209/75 4213/75 4216/75 
f 4210/75 4211/75 4215/75 4214/75 
usemtl Floor
f 4217/75 4220/75 4219/75 4218/75 
f 4221/75 4222/75 4223/75 4224/75 
f 4217/75 4218/75 4222/75 4221/75 
f 4219/75 4220/75 4224/75 4223/75 
f 4220/75 4217/75 4221/75 4224/75 
f 4218/75 4219/75 4223/75 4222/75 
f 4225/75 4228/75 4227/75 4226/75 
f 4229/75 4230/75 4231/75 4232/75 
f 4225/75 4226/75 4230/75 4229/75 
f 4227/75 4228/75 4232/75 4231/75 
f 4228/75 4225/75 4229/75 4232/75 
f 4226/75 4227/75 4231/75 4230/75 
f 4233/75 4236/75 4235/75 4234/75 
f 4237/75 4238/75 4239/75 4240/75 
f 4233/75 4234/75 4238/75 4237/75 
f 4235/75 4236/75 4240/75 4239/75 
f 4236/75 4233/75 4237/75 4240/75 
f 4234/75 4235/75 4239/75 4238/75 
usemtl wire_006134006
f 4241/75 4244/75 4243/75 4242/75 
f 4245/75 4246/75 4247/75 4248/75 
f 4241/75 4242/75 4246/75 4245/75 
f 4243/75 4244/75 4248/75 4247/75 
f 4244/75 4241/75 4245/75 4248/75 
f 4242/75 4243/75 4247/75 4246/75 
f 4249/76 4252/76 4251/76 4250/76 
f 4253/76 4254/76 4255/76 4256/76 
f 4249/76 4250/76 4254/76 4253/76 
f 4251/76 4252/76 4256/76 4255/76 
f 4252/76 4249/76 4253/76 4256/76 
f 4250/76 4251/76 4255/76 4254/76 
usemtl Floor
f 4257/76 4260/76 4259/76 4258/76 
f 4261/76 4262/76 4263/76 4264/76 
f 4257/76 4258/76 4262/76 4261/76 
f 4259/76 4260/76 4264/76 4263/76 
f 4260/76 4257/76 4261/76 4264/76 
f 4258/76 4259/76 4263/76 4262/76 
f 4265/76 4268/76 4267/76 4266/76 
f 4269/76 4270/76 4271/76 4272/76 
f 4265/76 4266/76 4270/76 4269/76 
f 4267/76 4268/76 4272/76 4271/76 
f 4268/76 4265/76 4269/76 4272/76 
f 4266/76 4267/76 4271/76 4270/76 
f 4273/76 4276/76 4275/76 4274/76 
f 4277/76 4278/76 4279/76 4280/76 
f 4273/76 4274/76 4278/76 4277/76 
f 4275/76 4276/76 4280/76 4279/76 
f 4276/76 4273/76 4277/76 4280/76 
f 4274/76 4275/76 4279/76 4278/76 
usemtl wire_006134006
f 4281/76 4284/76 4283/76 4282/76 
f 4285/76 4286/76 4287/76 4288/76 
f 4281/76 4282/76 4286/76 4285/76 
f 4283/76 4284/76 4288/76 4287/76 
f 4284/76 4281/76 4285/76 4288/76 
f 4282/76 4283/76 4287/76 4286/76 
f 4289/77 4292/77 4291/77 4290/77 
f 4293/77 4294/77 4295/77 4296/77 
f 4289/77 4290/77 4294/77 4293/77 
f 4291/77 4292/77 4296/77 4295/77 
f 4292/77 4289/77 4293/77 4296/77 
f 4290/77 4291/77 4295/77 4294/77 
usemtl Floor
f 4297/77 4300/77 4299/77 4298/77 
f 4301/77 4302/77 4303/77 4304/77 
f 4297/77 4298/77 4302/77 4301/77 
f 4299/77 4300/77 4304/77 4303/77 
f 4300/77 4297/77 4301/77 4304/77 
f 4298/77 4299/77 4303/77 4302/77 
f 4305/77 4308/77 4307/77 4306/77 
f 4309/77 4310/77 4311/77 4312/77 
f 4305/77 4306/77 4310/77 4309/77 
f 4307/77 4308/77 4312/77 4311/77 
f 4308/77 4305/77 4309/77 4312/77 
f 4306/77 4307/77 4311/77 4310/77 
f 4313/77 4316/77 4315/77 4314/77 
f 4317/77 4318/77 4319/77 4320/77 
f 4313/77 4314/77 4318/77 4317/77 
f 4315/77 4316/77 4320/77 4319/77 
f 4316/77 4313/77 4317/77 4320/77 
f 4314/77 4315/77 4319/77 4318/77 
usemtl wire_006134006
f 4321/77 4324/77 4323/77 4322/77 
f 4325/77 4326/77 4327/77 4328/77 
f 4321/77 4322/77 4326/77 4325/77 
f 4323/77 4324/77 4328/77 4327/77 
f 4324/77 4321/77 4325/77 4328/77 
f 4322/77 4323/77 4327/77 4326/77 
f 4329/78 4332/78 4331/78 4330/78 
f 4333/78 4334/78 4335/78 4336/78 
f 4329/78 4330/78 4334/78 4333/78 
f 4331/78 4332/78 4336/78 4335/78 
f 4332/78 4329/78 4333/78 4336/78 
f 4330/78 4331/78 4335/78 4334/78 
usemtl Floor
f 4337/78 4340/78 4339/78 4338/78 
f 4341/78 4342/78 4343/78 4344/78 
f 4337/78 4338/78 4342/78 4341/78 
f 4339/78 4340/78 4344/78 4343/78 
f 4340/78 4337/78 4341/78 4344/78 
f 4338/78 4339/78 4343/78 4342/78 
f 4345/78 4348/78 4347/78 4346/78 
f 4349/78 4350/78 4351/78 4352/78 
f 4345/78 4346/78 4350/78 4349/78 
f 4347/78 4348/78 4352/78 4351/78 
f 4348/78 4345/78 4349/78 4352/78 
f 4346/78 4347/78 4351/78 4350/78 
f 4353/78 4356/78 4355/78 4354/78 
f 4357/78 4358/78 4359/78 4360/78 
f 4353/78 4354/78 4358/78 4357/78 
f 4355/78 4356/78 4360/78 4359/78 
f 4356/78 4353/78 4357/78 4360/78 
f 4354/78 4355/78 4359/78 4358/78 
usemtl wire_006134006
f 4361/78 4364/78 4363/78 4362/78 
f 4365/78 4366/78 4367/78 4368/78 
f 4361/78 4362/78 4366/78 4365/78 
f 4363/78 4364/78 4368/78 4367/78 
f 4364/78 4361/78 4365/78 4368/78 
f 4362/78 4363/78 4367/78 4366/78 
f 4369/79 4372/79 4371/79 4370/79 
f 4373/79 4374/79 4375/79 4376/79 
f 4369/79 4370/79 4374/79 4373/79 
f 4371/79 4372/79 4376/79 4375/79 
f 4372/79 4369/79 4373/79 4376/79 
f 4370/79 4371/79 4375/79 4374/79 
usemtl Floor
f 4377/79 4380/79 4379/79 4378/79 
f 4381/79 4382/79 4383/79 4384/79 
f 4377/79 4378/79 4382/79 4381/79 
f 4379/79 4380/79 4384/79 4383/79 
f 4380/79 4377/79 4381/79 4384/79 
f 4378/79 4379/79 4383/79 4382/79 
f 4385/79 4388/79 4387/79 4386/79 
f 4389/79 4390/79 4391/79 4392/79 
f 4385/79 4386/79 4390/79 4389/79 
f 4387/79 4388/79 4392/79 4391/79 
f 4388/79 4385/79 4389/79 4392/79 
f 4386/79 4387/79 4391/79 4390/79 
f 4393/79 4396/79 4395/79 4394/79 
f 4397/79 4398/79 4399/79 4400/79 
f 4393/79 4394/79 4398/79 4397/79 
f 4395/79 4396/79 4400/79 4399/79 
f 4396/79 4393/79 4397/79 4400/79 
f 4394/79 4395/79 4399/79 4398/79 
usemtl wire_006134006
f 4401/79 4404/79 4403/79 4402/79 
f 4405/79 4406/79 4407/79 4408/79 
f 4401/79 4402/79 4406/79 4405/79 
f 4403/79 4404/79 4408/79 4407/79 
f 4404/79 4401/79 4405/79 4408/79 
f 4402/79 4403/79 4407/79 4406/79 
f 4409/80 4412/80 4411/80 4410/80 
f 4413/80 4414/80 4415/80 4416/80 
f 4409/80 4410/80 4414/80 4413/80 
f 4411/80 4412/80 4416/80 4415/80 
f 4412/80 4409/80 4413/80 4416/80 
f 4410/80 4411/80 4415/80 4414/80 
usemtl Floor
f 4417/80 4420/80 4419/80 4418/80 
f 4421/80 4422/80 4423/80 4424/80 
f 4417/80 4418/80 4422/80 4421/80 
f 4419/80 4420/80 4424/80 4423/80 
f 4420/80 4417/80 4421/80 4424/80 
f 4418/80 4419/80 4423/80 4422/80 
f 4425/80 4428/80 4427/80 4426/80 
f 4429/80 4430/80 4431/80 4432/80 
f 4425/80 4426/80 4430/80 4429/80 
f 4427/80 4428/80 4432/80 4431/80 
f 4428/80 4425/80 4429/80 4432/80 
f 4426/80 4427/80 4431/80 4430/80 
f 4433/80 4436/80 4435/80 4434/80 
f 4437/80 4438/80 4439/80 4440/80 
f 4433/80 4434/80 4438/80 4437/80 
f 4435/80 4436/80 4440/80 4439/80 
f 4436/80 4433/80 4437/80 4440/80 
f 4434/80 4435/80 4439/80 4438/80 
usemtl wire_006134006
f 4441/80 4444/80 4443/80 4442/80 
f 4445/80 4446/80 4447/80 4448/80 
f 4441/80 4442/80 4446/80 4445/80 
f 4443/80 4444/80 4448/80 4447/80 
f 4444/80 4441/80 4445/80 4448/80 
f 4442/80 4443/80 4447/80 4446/80 
f 4449/81 4452/81 4451/81 4450/81 
f 4453/81 4454/81 4455/81 4456/81 
f 4449/81 4450/81 4454/81 4453/81 
f 4451/81 4452/81 4456/81 4455/81 
f 4452/81 4449/81 4453/81 4456/81 
f 4450/81 4451/81 4455/81 4454/81 
usemtl Floor
f 4457/81 4460/81 4459/81 4458/81 
f 4461/81 4462/81 4463/81 4464/81 
f 4457/81 4458/81 4462/81 4461/81 
f 4459/81 4460/81 4464/81 4463/81 
f 4460/81 4457/81 4461/81 4464/81 
f 4458/81 4459/81 4463/81 4462/81 
f 4465/81 4468/81 4467/81 4466/81 
f 4469/81 4470/81 4471/81 4472/81 
f 4465/81 4466/81 4470/81 4469/81 
f 4467/81 4468/81 4472/81 4471/81 
f 4468/81 4465/81 4469/81 4472/81 
f 4466/81 4467/81 4471/81 4470/81 
f 4473/81 4476/81 4475/81 4474/81 
f 4477/81 4478/81 4479/81 4480/81 
f 4473/81 4474/81 4478/81 4477/81 
f 4475/81 4476/81 4480/81 4479/81 
f 4476/81 4473/81 4477/81 4480/81 
f 4474/81 4475/81 4479/81 4478/81 
usemtl wire_006134006
f 4481/81 4484/81 4483/81 4482/81 
f 4485/81 4486/81 4487/81 4488/81 
f 4481/81 4482/81 4486/81 4485/81 
f 4483/81 4484/81 4488/81 4487/81 
f 4484/81 4481/81 4485/81 4488/81 
f 4482/81 4483/81 4487/81 4486/81 
f 4489/82 4492/82 4491/82 4490/82 
f 4493/82 4494/82 4495/82 4496/82 
f 4489/82 4490/82 4494/82 4493/82 
f 4491/82 4492/82 4496/82 4495/82 
f 4492/82 4489/82 4493/82 4496/82 
f 4490/82 4491/82 4495/82 4494/82 
f 4497/82 4500/82 4499/82 4498/82 
f 4501/82 4502/82 4503/82 4504/82 
f 4497/82 4498/82 4502/82 4501/82 
f 4499/82 4500/82 4504/82 4503/82 
f 4500/82 4497/82 4501/82 4504/82 
f 4498/82 4499/82 4503/82 4502/82 
f 4505/82 4508/82 4507/82 4506/82 
f 4509/82 4510/82 4511/82 4512/82 
f 4505/82 4506/82 4510/82 4509/82 
f 4507/82 4508/82 4512/82 4511/82 
f 4508/82 4505/82 4509/82 4512/82 
f 4506/82 4507/82 4511/82 4510/82 
f 4513/82 4516/82 4515/82 4514/82 
f 4517/82 4518/82 4519/82 4520/82 
f 4513/82 4514/82 4518/82 4517/82 
f 4515/82 4516/82 4520/82 4519/82 
f 4516/82 4513/82 4517/82 4520/82 
f 4514/82 4515/82 4519/82 4518/82 
f 4521/83 4524/83 4523/83 4522/83 
f 4525/83 4526/83 4527/83 4528/83 
f 4521/83 4522/83 4526/83 4525/83 
f 4523/83 4524/83 4528/83 4527/83 
f 4524/83 4521/83 4525/83 4528/83 
f 4522/83 4523/83 4527/83 4526/83 
f 4529/83 4532/83 4531/83 4530/83 
f 4533/83 4534/83 4535/83 4536/83 
f 4529/83 4530/83 4534/83 4533/83 
f 4531/83 4532/83 4536/83 4535/83 
f 4532/83 4529/83 4533/83 4536/83 
f 4530/83 4531/83 4535/83 4534/83 
f 4537/83 4540/83 4539/83 4538/83 
f 4541/83 4542/83 4543/83 4544/83 
f 4537/83 4538/83 4542/83 4541/83 
f 4539/83 4540/83 4544/83 4543/83 
f 4540/83 4537/83 4541/83 4544/83 
f 4538/83 4539/83 4543/83 4542/83 
f 4545/84 4549/84 4550/84 4546/84 
f 4546/84 4550/84 4551/84 4547/84 
f 4547/84 4551/84 4552/84 4548/84 
f 4548/84 4552/84 4549/84 4545/84 
f 4549/84 4553/84 4554/84 4550/84 
f 4550/84 4554/84 4555/84 4551/84 
f 4551/84 4555/84 4556/84 4552/84 
f 4552/84 4556/84 4553/84 4549/84 
f 4553/84 4557/84 4558/84 4554/84 
f 4554/84 4558/84 4559/84 4555/84 
f 4555/84 4559/84 4560/84 4556/84 
f 4556/84 4560/84 4557/84 4553/84 
f 4557/84 4561/84 4562/84 4558/84 
f 4558/84 4562/84 4563/84 4559/84 
f 4559/84 4563/84 4564/84 4560/84 
f 4560/84 4564/84 4561/84 4557/84 
f 4561/84 4565/84 4566/84 4562/84 
f 4562/84 4566/84 4567/84 4563/84 
f 4563/84 4567/84 4568/84 4564/84 
f 4564/84 4568/84 4565/84 4561/84 
f 4565/84 4569/84 4570/84 4566/84 
f 4566/84 4570/84 4571/84 4567/84 
f 4567/84 4571/84 4572/84 4568/84 
f 4568/84 4572/84 4569/84 4565/84 
f 4569/84 4573/84 4574/84 4570/84 
f 4570/84 4574/84 4575/84 4571/84 
f 4571/84 4575/84 4576/84 4572/84 
f 4572/84 4576/84 4573/84 4569/84 
f 4573/84 4577/84 4578/84 4574/84 
f 4574/84 4578/84 4579/84 4575/84 
f 4575/84 4579/84 4580/84 4576/84 
f 4576/84 4580/84 4577/84 4573/84 
f 4577/84 4581/84 4582/84 4578/84 
f 4578/84 4582/84 4583/84 4579/84 
f 4579/84 4583/84 4584/84 4580/84 
f 4580/84 4584/84 4581/84 4577/84 
f 4581/84 4585/84 4586/84 4582/84 
f 4582/84 4586/84 4587/84 4583/84 
f 4583/84 4587/84 4588/84 4584/84 
f 4584/84 4588/84 4585/84 4581/84 
f 4585/84 4589/84 4590/84 4586/84 
f 4586/84 4590/84 4591/84 4587/84 
f 4587/84 4591/84 4592/84 4588/84 
f 4588/84 4592/84 4589/84 4585/84 
f 4589/84 4593/84 4594/84 4590/84 
f 4590/84 4594/84 4595/84 4591/84 
f 4591/84 4595/84 4596/84 4592/84 
f 4592/84 4596/84 4593/84 4589/84 
f 4593/84 4597/84 4598/84 4594/84 
f 4594/84 4598/84 4599/84 4595/84 
f 4595/84 4599/84 4600/84 4596/84 
f 4596/84 4600/84 4597/84 4593/84 
f 4597/84 4601/84 4602/84 4598/84 
f 4598/84 4602/84 4603/84 4599/84 
f 4599/84 4603/84 4604/84 4600/84 
f 4600/84 4604/84 4601/84 4597/84 
f 4601/84 4605/84 4606/84 4602/84 
f 4602/84 4606/84 4607/84 4603/84 
f 4603/84 4607/84 4608/84 4604/84 
f 4604/84 4608/84 4605/84 4601/84 
f 4605/84 4609/84 4610/84 4606/84 
f 4606/84 4610/84 4611/84 4607/84 
f 4607/84 4611/84 4612/84 4608/84 
f 4608/84 4612/84 4609/84 4605/84 
f 4609/84 4613/84 4614/84 4610/84 
f 4610/84 4614/84 4615/84 4611/84 
f 4611/84 4615/84 4616/84 4612/84 
f 4612/84 4616/84 4613/84 4609/84 
f 4613/84 4617/84 4618/84 4614/84 
f 4614/84 4618/84 4619/84 4615/84 
f 4615/84 4619/84 4620/84 4616/84 
f 4616/84 4620/84 4617/84 4613/84 
f 4617/84 4621/84 4622/84 4618/84 
f 4618/84 4622/84 4623/84 4619/84 
f 4619/84 4623/84 4624/84 4620/84 
f 4620/84 4624/84 4621/84 4617/84 
f 4621/84 4625/84 4626/84 4622/84 
f 4622/84 4626/84 4627/84 4623/84 
f 4623/84 4627/84 4628/84 4624/84 
f 4624/84 4628/84 4625/84 4621/84 
f 4625/84 4629/84 4630/84 4626/84 
f 4626/84 4630/84 4631/84 4627/84 
f 4627/84 4631/84 4632/84 4628/84 
f 4628/84 4632/84 4629/84 4625/84 
f 4629/84 4633/84 4634/84 4630/84 
f 4630/84 4634/84 4635/84 4631/84 
f 4631/84 4635/84 4636/84 4632/84 
f 4632/84 4636/84 4633/84 4629/84 
f 4633/84 4637/84 4638/84 4634/84 
f 4634/84 4638/84 4639/84 4635/84 
f 4635/84 4639/84 4640/84 4636/84 
f 4636/84 4640/84 4637/84 4633/84 
f 4637/84 4641/84 4642/84 4638/84 
f 4638/84 4642/84 4643/84 4639/84 
f 4639/84 4643/84 4644/84 4640/84 
f 4640/84 4644/84 4641/84 4637/84 
f 4641/84 4645/84 4646/84 4642/84 
f 4642/84 4646/84 4647/84 4643/84 
f 4643/84 4647/84 4648/84 4644/84 
f 4644/84 4648/84 4645/84 4641/84 
f 4645/84 4649/84 4650/84 4646/84 
f 4646/84 4650/84 4651/84 4647/84 
f 4647/84 4651/84 4652/84 4648/84 
f 4648/84 4652/84 4649/84 4645/84 
f 4649/84 4653/84 4654/84 4650/84 
f 4650/84 4654/84 4655/84 4651/84 
f 4651/84 4655/84 4656/84 4652/84 
f 4652/84 4656/84 4653/84 4649/84 
f 4653/84 4657/84 4658/84 4654/84 
f 4654/84 4658/84 4659/84 4655/84 
f 4655/84 4659/84 4660/84 4656/84 
f 4656/84 4660/84 4657/84 4653/84 
f 4657/84 4661/84 4662/84 4658/84 
f 4658/84 4662/84 4663/84 4659/84 
f 4659/84 4663/84 4664/84 4660/84 
f 4660/84 4664/84 4661/84 4657/84 
f 4661/84 4665/84 4666/84 4662/84 
f 4662/84 4666/84 4667/84 4663/84 
f 4663/84 4667/84 4668/84 4664/84 
f 4664/84 4668/84 4665/84 4661/84 
f 4665/84 4669/84 4670/84 4666/84 
f 4666/84 4670/84 4671/84 4667/84 
f 4667/84 4671/84 4672/84 4668/84 
f 4668/84 4672/84 4669/84 4665/84 
f 4669/84 4673/84 4674/84 4670/84 
f 4670/84 4674/84 4675/84 4671/84 
f 4671/84 4675/84 4676/84 4672/84 
f 4672/84 4676/84 4673/84 4669/84 
f 4673/84 4677/84 4678/84 4674/84 
f 4674/84 4678/84 4679/84 4675/84 
f 4675/84 4679/84 4680/84 4676/84 
f 4676/84 4680/84 4677/84 4673/84 
f 4677/84 4681/84 4682/84 4678/84 
f 4678/84 4682/84 4683/84 4679/84 
f 4679/84 4683/84 4684/84 4680/84 
f 4680/84 4684/84 4681/84 4677/84 
f 4681/84 4685/84 4686/84 4682/84 
f 4682/84 4686/84 4687/84 4683/84 
f 4683/84 4687/84 4688/84 4684/84 
f 4684/84 4688/84 4685/84 4681/84 
f 4685/84 4689/84 4690/84 4686/84 
f 4686/84 4690/84 4691/84 4687/84 
f 4687/84 4691/84 4692/84 4688/84 
f 4688/84 4692/84 4689/84 4685/84 
f 4689/84 4693/84 4694/84 4690/84 
f 4690/84 4694/84 4695/84 4691/84 
f 4691/84 4695/84 4696/84 4692/84 
f 4692/84 4696/84 4693/84 4689/84 
f 4693/84 4697/84 4698/84 4694/84 
f 4694/84 4698/84 4699/84 4695/84 
f 4695/84 4699/84 4700/84 4696/84 
f 4696/84 4700/84 4697/84 4693/84 
f 4697/84 4701/84 4702/84 4698/84 
f 4698/84 4702/84 4703/84 4699/84 
f 4699/84 4703/84 4704/84 4700/84 
f 4700/84 4704/84 4701/84 4697/84 
f 4701/84 4705/84 4706/84 4702/84 
f 4702/84 4706/84 4707/84 4703/84 
f 4703/84 4707/84 4708/84 4704/84 
f 4704/84 4708/84 4705/84 4701/84 
f 4705/84 4709/84 4710/84 4706/84 
f 4706/84 4710/84 4711/84 4707/84 
f 4707/84 4711/84 4712/84 4708/84 
f 4708/84 4712/84 4709/84 4705/84 
f 4709/84 4713/84 4714/84 4710/84 
f 4710/84 4714/84 4715/84 4711/84 
f 4711/84 4715/84 4716/84 4712/84 
f 4712/84 4716/84 4713/84 4709/84 
f 4713/84 4717/84 4718/84 4714/84 
f 4714/84 4718/84 4719/84 4715/84 
f 4715/84 4719/84 4720/84 4716/84 
f 4716/84 4720/84 4717/84 4713/84 
f 4717/84 4721/84 4722/84 4718/84 
f 4718/84 4722/84 4723/84 4719/84 
f 4719/84 4723/84 4724/84 4720/84 
f 4720/84 4724/84 4721/84 4717/84 
f 4721/84 4725/84 4726/84 4722/84 
f 4722/84 4726/84 4727/84 4723/84 
f 4723/84 4727/84 4728/84 4724/84 
f 4724/84 4728/84 4725/84 4721/84 
f 4725/84 4729/84 4730/84 4726/84 
f 4726/84 4730/84 4731/84 4727/84 
f 4727/84 4731/84 4732/84 4728/84 
f 4728/84 4732/84 4729/84 4725/84 
f 4729/84 4733/84 4734/84 4730/84 
f 4730/84 4734/84 4735/84 4731/84 
f 4731/84 4735/84 4736/84 4732/84 
f 4732/84 4736/84 4733/84 4729/84 
f 4733/84 4737/84 4738/84 4734/84 
f 4734/84 4738/84 4739/84 4735/84 
f 4735/84 4739/84 4740/84 4736/84 
f 4736/84 4740/84 4737/84 4733/84 
f 4737/84 4741/84 4742/84 4738/84 
f 4738/84 4742/84 4743/84 4739/84 
f 4739/84 4743/84 4744/84 4740/84 
f 4740/84 4744/84 4741/84 4737/84 
f 4741/84 4745/84 4746/84 4742/84 
f 4742/84 4746/84 4747/84 4743/84 
f 4743/84 4747/84 4748/84 4744/84 
f 4744/84 4748/84 4745/84 4741/84 
f 4745/84 4749/84 4750/84 4746/84 
f 4746/84 4750/84 4751/84 4747/84 
f 4747/84 4751/84 4752/84 4748/84 
f 4748/84 4752/84 4749/84 4745/84 
f 4749/84 4753/84 4754/84 4750/84 
f 4750/84 4754/84 4755/84 4751/84 
f 4751/84 4755/84 4756/84 4752/84 
f 4752/84 4756/84 4753/84 4749/84 
f 4753/84 4757/84 4758/84 4754/84 
f 4754/84 4758/84 4759/84 4755/84 
f 4755/84 4759/84 4760/84 4756/84 
f 4756/84 4760/84 4757/84 4753/84 
f 4757/84 4761/84 4762/84 4758/84 
f 4758/84 4762/84 4763/84 4759/84 
f 4759/84 4763/84 4764/84 4760/84 
f 4760/84 4764/84 4761/84 4757/84 
f 4761/84 4765/84 4766/84 4762/84 
f 4762/84 4766/84 4767/84 4763/84 
f 4763/84 4767/84 4768/84 4764/84 
f 4764/84 4768/84 4765/84 4761/84 
f 4765/84 4769/84 4770/84 4766/84 
f 4766/84 4770/84 4771/84 4767/84 
f 4767/84 4771/84 4772/84 4768/84 
f 4768/84 4772/84 4769/84 4765/84 
f 4769/84 4773/84 4774/84 4770/84 
f 4770/84 4774/84 4775/84 4771/84 
f 4771/84 4775/84 4776/84 4772/84 
f 4772/84 4776/84 4773/84 4769/84 
f 4773/84 4777/84 4778/84 4774/84 
f 4774/84 4778/84 4779/84 4775/84 
f 4775/84 4779/84 4780/84 4776/84 
f 4776/84 4780/84 4777/84 4773/84 
f 4777/84 4781/84 4782/84 4778/84 
f 4778/84 4782/84 4783/84 4779/84 
f 4779/84 4783/84 4784/84 4780/84 
f 4780/84 4784/84 4781/84 4777/84 
f 4781/84 4785/84 4786/84 4782/84 
f 4782/84 4786/84 4787/84 4783/84 
f 4783/84 4787/84 4788/84 4784/84 
f 4784/84 4788/84 4785/84 4781/84 
f 4785/84 4789/84 4790/84 4786/84 
f 4786/84 4790/84 4791/84 4787/84 
f 4787/84 4791/84 4792/84 4788/84 
f 4788/84 4792/84 4789/84 4785/84 
f 4789/84 4793/84 4794/84 4790/84 
f 4790/84 4794/84 4795/84 4791/84 
f 4791/84 4795/84 4796/84 4792/84 
f 4792/84 4796/84 4793/84 4789/84 
f 4793/84 4797/84 4798/84 4794/84 
f 4794/84 4798/84 4799/84 4795/84 
f 4795/84 4799/84 4800/84 4796/84 
f 4796/84 4800/84 4797/84 4793/84 
f 4797/84 4801/84 4802/84 4798/84 
f 4798/84 4802/84 4803/84 4799/84 
f 4799/84 4803/84 4804/84 4800/84 
f 4800/84 4804/84 4801/84 4797/84 
f 4801/84 4805/84 4806/84 4802/84 
f 4802/84 4806/84 4807/84 4803/84 
f 4803/84 4807/84 4808/84 4804/84 
f 4804/84 4808/84 4805/84 4801/84 
f 4805/84 4809/84 4810/84 4806/84 
f 4806/84 4810/84 4811/84 4807/84 
f 4807/84 4811/84 4812/84 4808/84 
f 4808/84 4812/84 4809/84 4805/84 
f 4809/84 4813/84 4814/84 4810/84 
f 4810/84 4814/84 4815/84 4811/84 
f 4811/84 4815/84 4816/84 4812/84 
f 4812/84 4816/84 4813/84 4809/84 
f 4813/84 4817/84 4818/84 4814/84 
f 4814/84 4818/84 4819/84 4815/84 
f 4815/84 4819/84 4820/84 4816/84 
f 4816/84 4820/84 4817/84 4813/84 
f 4817/84 4821/84 4822/84 4818/84 
f 4818/84 4822/84 4823/84 4819/84 
f 4819/84 4823/84 4824/84 4820/84 
f 4820/84 4824/84 4821/84 4817/84 
f 4821/84 4825/84 4826/84 4822/84 
f 4822/84 4826/84 4827/84 4823/84 
f 4823/84 4827/84 4828/84 4824/84 
f 4824/84 4828/84 4825/84 4821/84 
f 4825/84 4829/84 4830/84 4826/84 
f 4826/84 4830/84 4831/84 4827/84 
f 4827/84 4831/84 4832/84 4828/84 
f 4828/84 4832/84 4829/84 4825/84 
f 4829/84 4833/84 4834/84 4830/84 
f 4830/84 4834/84 4835/84 4831/84 
f 4831/84 4835/84 4836/84 4832/84 
f 4832/84 4836/84 4833/84 4829/84 
f 4833/84 4837/84 4838/84 4834/84 
f 4834/84 4838/84 4839/84 4835/84 
f 4835/84 4839/84 4840/84 4836/84 
f 4836/84 4840/84 4837/84 4833/84 
f 4837/84 4841/84 4842/84 4838/84 
f 4838/84 4842/84 4843/84 4839/84 
f 4839/84 4843/84 4844/84 4840/84 
f 4840/84 4844/84 4841/84 4837/84 
f 4841/84 4845/84 4846/84 4842/84 
f 4842/84 4846/84 4847/84 4843/84 
f 4843/84 4847/84 4848/84 4844/84 
f 4844/84 4848/84 4845/84 4841/84 
f 4845/84 4849/84 4850/84 4846/84 
f 4846/84 4850/84 4851/84 4847/84 
f 4847/84 4851/84 4852/84 4848/84 
f 4848/84 4852/84 4849/84 4845/84 
f 4849/84 4853/84 4854/84 4850/84 
f 4850/84 4854/84 4855/84 4851/84 
f 4851/84 4855/84 4856/84 4852/84 
f 4852/84 4856/84 4853/84 4849/84 
f 4853/84 4857/84 4858/84 4854/84 
f 4854/84 4858/84 4859/84 4855/84 
f 4855/84 4859/84 4860/84 4856/84 
f 4856/84 4860/84 4857/84 4853/84 
f 4857/84 4861/84 4862/84 4858/84 
f 4858/84 4862/84 4863/84 4859/84 
f 4859/84 4863/84 4864/84 4860/84 
f 4860/84 4864/84 4861/84 4857/84 
f 4861/84 4865/84 4866/84 4862/84 
f 4862/84 4866/84 4867/84 4863/84 
f 4863/84 4867/84 4868/84 4864/84 
f 4864/84 4868/84 4865/84 4861/84 
f 4865/84 4869/84 4870/84 4866/84 
f 4866/84 4870/84 4871/84 4867/84 
f 4867/84 4871/84 4872/84 4868/84 
f 4868/84 4872/84 4869/84 4865/84 
f 4869/84 4873/84 4874/84 4870/84 
f 4870/84 4874/84 4875/84 4871/84 
f 4871/84 4875/84 4876/84 4872/84 
f 4872/84 4876/84 4873/84 4869/84 
f 4873/84 4877/84 4878/84 4874/84 
f 4874/84 4878/84 4879/84 4875/84 
f 4875/84 4879/84 4880/84 4876/84 
f 4876/84 4880/84 4877/84 4873/84 
f 4877/84 4881/84 4882/84 4878/84 
f 4878/84 4882/84 4883/84 4879/84 
f 4879/84 4883/84 4884/84 4880/84 
f 4880/84 4884/84 4881/84 4877/84 
f 4881/84 4885/84 4886/84 4882/84 
f 4882/84 4886/84 4887/84 4883/84 
f 4883/84 4887/84 4888/84 4884/84 
f 4884/84 4888/84 4885/84 4881/84 
f 4885/84 4889/84 4890/84 4886/84 
f 4886/84 4890/84 4891/84 4887/84 
f 4887/84 4891/84 4892/84 4888/84 
f 4888/84 4892/84 4889/84 4885/84 
f 4889/84 4893/84 4894/84 4890/84 
f 4890/84 4894/84 4895/84 4891/84 
f 4891/84 4895/84 4896/84 4892/84 
f 4892/84 4896/84 4893/84 4889/84 
f 4893/84 4897/84 4898/84 4894/84 
f 4894/84 4898/84 4899/84 4895/84 
f 4895/84 4899/84 4900/84 4896/84 
f 4896/84 4900/84 4897/84 4893/84 
f 4897/84 4901/84 4902/84 4898/84 
f 4898/84 4902/84 4903/84 4899/84 
f 4899/84 4903/84 4904/84 4900/84 
f 4900/84 4904/84 4901/84 4897/84 
f 4901/84 4905/84 4906/84 4902/84 
f 4902/84 4906/84 4907/84 4903/84 
f 4903/84 4907/84 4908/84 4904/84 
f 4904/84 4908/84 4905/84 4901/84 
f 4905/84 4909/84 4910/84 4906/84 
f 4906/84 4910/84 4911/84 4907/84 
f 4907/84 4911/84 4912/84 4908/84 
f 4908/84 4912/84 4909/84 4905/84 
f 4909/84 4913/84 4914/84 4910/84 
f 4910/84 4914/84 4915/84 4911/84 
f 4911/84 4915/84 4916/84 4912/84 
f 4912/84 4916/84 4913/84 4909/84 
f 4913/84 4917/84 4918/84 4914/84 
f 4914/84 4918/84 4919/84 4915/84 
f 4915/84 4919/84 4920/84 4916/84 
f 4916/84 4920/84 4917/84 4913/84 
f 4917/84 4921/84 4922/84 4918/84 
f 4918/84 4922/84 4923/84 4919/84 
f 4919/84 4923/84 4924/84 4920/84 
f 4920/84 4924/84 4921/84 4917/84 
f 4921/84 4925/84 4926/84 4922/84 
f 4922/84 4926/84 4927/84 4923/84 
f 4923/84 4927/84 4928/84 4924/84 
f 4924/84 4928/84 4925/84 4921/84 
f 4925/84 4545/84 4546/84 4926/84 
f 4926/84 4546/84 4547/84 4927/84 
f 4927/84 4547/84 4548/84 4928/84 
f 4928/84 4548/84 4545/84 4925/84 
f 4929/85 4933/85 4934/85 4930/85 
f 4930/85 4934/85 4935/85 4931/85 
f 4931/85 4935/85 4936/85 4932/85 
f 4932/85 4936/85 4933/85 4929/85 
f 4933/85 4937/85 4938/85 4934/85 
f 4934/85 4938/85 4939/85 4935/85 
f 4935/85 4939/85 4940/85 4936/85 
f 4936/85 4940/85 4937/85 4933/85 
f 4937/85 4941/85 4942/85 4938/85 
f 4938/85 4942/85 4943/85 4939/85 
f 4939/85 4943/85 4944/85 4940/85 
f 4940/85 4944/85 4941/85 4937/85 
f 4941/85 4945/85 4946/85 4942/85 
f 4942/85 4946/85 4947/85 4943/85 
f 4943/85 4947/85 4948/85 4944/85 
f 4944/85 4948/85 4945/85 4941/85 
f 4945/85 4949/85 4950/85 4946/85 
f 4946/85 4950/85 4951/85 4947/85 
f 4947/85 4951/85 4952/85 4948/85 
f 4948/85 4952/85 4949/85 4945/85 
f 4949/85 4953/85 4954/85 4950/85 
f 4950/85 4954/85 4955/85 4951/85 
f 4951/85 4955/85 4956/85 4952/85 
f 4952/85 4956/85 4953/85 4949/85 
f 4953/85 4957/85 4958/85 4954/85 
f 4954/85 4958/85 4959/85 4955/85 
f 4955/85 4959/85 4960/85 4956/85 
f 4956/85 4960/85 4957/85 4953/85 
f 4957/85 4961/85 4962/85 4958/85 
f 4958/85 4962/85 4963/85 4959/85 
f 4959/85 4963/85 4964/85 4960/85 
f 4960/85 4964/85 4961/85 4957/85 
f 4961/85 4965/85 4966/85 4962/85 
f 4962/85 4966/85 4967/85 4963/85 
f 4963/85 4967/85 4968/85 4964/85 
f 4964/85 4968/85 4965/85 4961/85 
f 4965/85 4969/85 4970/85 4966/85 
f 4966/85 4970/85 4971/85 4967/85 
f 4967/85 4971/85 4972/85 4968/85 
f 4968/85 4972/85 4969/85 4965/85 
f 4969/85 4973/85 4974/85 4970/85 
f 4970/85 4974/85 4975/85 4971/85 
f 4971/85 4975/85 4976/85 4972/85 
f 4972/85 4976/85 4973/85 4969/85 
f 4973/85 4977/85 4978/85 4974/85 
f 4974/85 4978/85 4979/85 4975/85 
f 4975/85 4979/85 4980/85 4976/85 
f 4976/85 4980/85 4977/85 4973/85 
f 4977/85 4981/85 4982/85 4978/85 
f 4978/85 4982/85 4983/85 4979/85 
f 4979/85 4983/85 4984/85 4980/85 
f 4980/85 4984/85 4981/85 4977/85 
f 4981/85 4985/85 4986/85 4982/85 
f 4982/85 4986/85 4987/85 4983/85 
f 4983/85 4987/85 4988/85 4984/85 
f 4984/85 4988/85 4985/85 4981/85 
f 4985/85 4989/85 4990/85 4986/85 
f 4986/85 4990/85 4991/85 4987/85 
f 4987/85 4991/85 4992/85 4988/85 
f 4988/85 4992/85 4989/85 4985/85 
f 4989/85 4993/85 4994/85 4990/85 
f 4990/85 4994/85 4995/85 4991/85 
f 4991/85 4995/85 4996/85 4992/85 
f 4992/85 4996/85 4993/85 4989/85 
f 4993/85 4997/85 4998/85 4994/85 
f 4994/85 4998/85 4999/85 4995/85 
f 4995/85 4999/85 5000/85 4996/85 
f 4996/85 5000/85 4997/85 4993/85 
f 4997/85 5001/85 5002/85 4998/85 
f 4998/85 5002/85 5003/85 4999/85 
f 4999/85 5003/85 5004/85 5000/85 
f 5000/85 5004/85 5001/85 4997/85 
f 5001/85 5005/85 5006/85 5002/85 
f 5002/85 5006/85 5007/85 5003/85 
f 5003/85 5007/85 5008/85 5004/85 
f 5004/85 5008/85 5005/85 5001/85 
f 5005/85 5009/85 5010/85 5006/85 
f 5006/85 5010/85 5011/85 5007/85 
f 5007/85 5011/85 5012/85 5008/85 
f 5008/85 5012/85 5009/85 5005/85 
f 5009/85 5013/85 5014/85 5010/85 
f 5010/85 5014/85 5015/85 5011/85 
f 5011/85 5015/85 5016/85 5012/85 
f 5012/85 5016/85 5013/85 5009/85 
f 5013/85 5017/85 5018/85 5014/85 
f 5014/85 5018/85 5019/85 5015/85 
f 5015/85 5019/85 5020/85 5016/85 
f 5016/85 5020/85 5017/85 5013/85 
f 5017/85 5021/85 5022/85 5018/85 
f 5018/85 5022/85 5023/85 5019/85 
f 5019/85 5023/85 5024/85 5020/85 
f 5020/85 5024/85 5021/85 5017/85 
f 5021/85 5025/85 5026/85 5022/85 
f 5022/85 5026/85 5027/85 5023/85 
f 5023/85 5027/85 5028/85 5024/85 
f 5024/85 5028/85 5025/85 5021/85 
f 5025/85 5029/85 5030/85 5026/85 
f 5026/85 5030/85 5031/85 5027/85 
f 5027/85 5031/85 5032/85 5028/85 
f 5028/85 5032/85 5029/85 5025/85 
f 5029/85 5033/85 5034/85 5030/85 
f 5030/85 5034/85 5035/85 5031/85 
f 5031/85 5035/85 5036/85 5032/85 
f 5032/85 5036/85 5033/85 5029/85 
f 5033/85 5037/85 5038/85 5034/85 
f 5034/85 5038/85 5039/85 5035/85 
f 5035/85 5039/85 5040/85 5036/85 
f 5036/85 5040/85 5037/85 5033/85 
f 5037/85 5041/85 5042/85 5038/85 
f 5038/85 5042/85 5043/85 5039/85 
f 5039/85 5043/85 5044/85 5040/85 
f 5040/85 5044/85 5041/85 5037/85 
f 5041/85 5045/85 5046/85 5042/85 
f 5042/85 5046/85 5047/85 5043/85 
f 5043/85 5047/85 5048/85 5044/85 
f 5044/85 5048/85 5045/85 5041/85 
f 5045/85 5049/85 5050/85 5046/85 
f 5046/85 5050/85 5051/85 5047/85 
f 5047/85 5051/85 5052/85 5048/85 
f 5048/85 5052/85 5049/85 5045/85 
f 5049/85 5053/85 5054/85 5050/85 
f 5050/85 5054/85 5055/85 5051/85 
f 5051/85 5055/85 5056/85 5052/85 
f 5052/85 5056/85 5053/85 5049/85 
f 5053/85 5057/85 5058/85 5054/85 
f 5054/85 5058/85 5059/85 5055/85 
f 5055/85 5059/85 5060/85 5056/85 
f 5056/85 5060/85 5057/85 5053/85 
f 5057/85 5061/85 5062/85 5058/85 
f 5058/85 5062/85 5063/85 5059/85 
f 5059/85 5063/85 5064/85 5060/85 
f 5060/85 5064/85 5061/85 5057/85 
f 5061/85 5065/85 5066/85 5062/85 
f 5062/85 5066/85 5067/85 5063/85 
f 5063/85 5067/85 5068/85 5064/85 
f 5064/85 5068/85 5065/85 5061/85 
f 5065/85 5069/85 5070/85 5066/85 
f 5066/85 5070/85 5071/85 5067/85 
f 5067/85 5071/85 5072/85 5068/85 
f 5068/85 5072/85 5069/85 5065/85 
f 5069/85 5073/85 5074/85 5070/85 
f 5070/85 5074/85 5075/85 5071/85 
f 5071/85 5075/85 5076/85 5072/85 
f 5072/85 5076/85 5073/85 5069/85 
f 5073/85 5077/85 5078/85 5074/85 
f 5074/85 5078/85 5079/85 5075/85 
f 5075/85 5079/85 5080/85 5076/85 
f 5076/85 5080/85 5077/85 5073/85 
f 5077/85 5081/85 5082/85 5078/85 
f 5078/85 5082/85 5083/85 5079/85 
f 5079/85 5083/85 5084/85 5080/85 
f 5080/85 5084/85 5081/85 5077/85 
f 5081/85 5085/85 5086/85 5082/85 
f 5082/85 5086/85 5087/85 5083/85 
f 5083/85 5087/85 5088/85 5084/85 
f 5084/85 5088/85 5085/85 5081/85 
f 5085/85 5089/85 5090/85 5086/85 
f 5086/85 5090/85 5091/85 5087/85 
f 5087/85 5091/85 5092/85 5088/85 
f 5088/85 5092/85 5089/85 5085/85 
f 5089/85 5093/85 5094/85 5090/85 
f 5090/85 5094/85 5095/85 5091/85 
f 5091/85 5095/85 5096/85 5092/85 
f 5092/85 5096/85 5093/85 5089/85 
f 5093/85 5097/85 5098/85 5094/85 
f 5094/85 5098/85 5099/85 5095/85 
f 5095/85 5099/85 5100/85 5096/85 
f 5096/85 5100/85 5097/85 5093/85 
f 5097/85 5101/85 5102/85 5098/85 
f 5098/85 5102/85 5103/85 5099/85 
f 5099/85 5103/85 5104/85 5100/85 
f 5100/85 5104/85 5101/85 5097/85 
f 5101/85 5105/85 5106/85 5102/85 
f 5102/85 5106/85 5107/85 5103/85 
f 5103/85 5107/85 5108/85 5104/85 
f 5104/85 5108/85 5105/85 5101/85 
f 5105/85 5109/85 5110/85 5106/85 
f 5106/85 5110/85 5111/85 5107/85 
f 5107/85 5111/85 5112/85 5108/85 
f 5108/85 5112/85 5109/85 5105/85 
f 5109/85 5113/85 5114/85 5110/85 
f 5110/85 5114/85 5115/85 5111/85 
f 5111/85 5115/85 5116/85 5112/85 
f 5112/85 5116/85 5113/85 5109/85 
f 5113/85 5117/85 5118/85 5114/85 
f 5114/85 5118/85 5119/85 5115/85 
f 5115/85 5119/85 5120/85 5116/85 
f 5116/85 5120/85 5117/85 5113/85 
f 5117/85 5121/85 5122/85 5118/85 
f 5118/85 5122/85 5123/85 5119/85 
f 5119/85 5123/85 5124/85 5120/85 
f 5120/85 5124/85 5121/85 5117/85 
f 5121/85 5125/85 5126/85 5122/85 
f 5122/85 5126/85 5127/85 5123/85 
f 5123/85 5127/85 5128/85 5124/85 
f 5124/85 5128/85 5125/85 5121/85 
f 5125/85 5129/85 5130/85 5126/85 
f 5126/85 5130/85 5131/85 5127/85 
f 5127/85 5131/85 5132/85 5128/85 
f 5128/85 5132/85 5129/85 5125/85 
f 5129/85 5133/85 5134/85 5130/85 
f 5130/85 5134/85 5135/85 5131/85 
f 5131/85 5135/85 5136/85 5132/85 
f 5132/85 5136/85 5133/85 5129/85 
f 5133/85 5137/85 5138/85 5134/85 
f 5134/85 5138/85 5139/85 5135/85 
f 5135/85 5139/85 5140/85 5136/85 
f 5136/85 5140/85 5137/85 5133/85 
f 5137/85 5141/85 5142/85 5138/85 
f 5138/85 5142/85 5143/85 5139/85 
f 5139/85 5143/85 5144/85 5140/85 
f 5140/85 5144/85 5141/85 5137/85 
f 5141/85 5145/85 5146/85 5142/85 
f 5142/85 5146/85 5147/85 5143/85 
f 5143/85 5147/85 5148/85 5144/85 
f 5144/85 5148/85 5145/85 5141/85 
f 5145/85 5149/85 5150/85 5146/85 
f 5146/85 5150/85 5151/85 5147/85 
f 5147/85 5151/85 5152/85 5148/85 
f 5148/85 5152/85 5149/85 5145/85 
f 5149/85 5153/85 5154/85 5150/85 
f 5150/85 5154/85 5155/85 5151/85 
f 5151/85 5155/85 5156/85 5152/85 
f 5152/85 5156/85 5153/85 5149/85 
f 5153/85 5157/85 5158/85 5154/85 
f 5154/85 5158/85 5159/85 5155/85 
f 5155/85 5159/85 5160/85 5156/85 
f 5156/85 5160/85 5157/85 5153/85 
f 5157/85 5161/85 5162/85 5158/85 
f 5158/85 5162/85 5163/85 5159/85 
f 5159/85 5163/85 5164/85 5160/85 
f 5160/85 5164/85 5161/85 5157/85 
f 5161/85 5165/85 5166/85 5162/85 
f 5162/85 5166/85 5167/85 5163/85 
f 5163/85 5167/85 5168/85 5164/85 
f 5164/85 5168/85 5165/85 5161/85 
f 5165/85 5169/85 5170/85 5166/85 
f 5166/85 5170/85 5171/85 5167/85 
f 5167/85 5171/85 5172/85 5168/85 
f 5168/85 5172/85 5169/85 5165/85 
f 5169/85 5173/85 5174/85 5170/85 
f 5170/85 5174/85 5175/85 5171/85 
f 5171/85 5175/85 5176/85 5172/85 
f 5172/85 5176/85 5173/85 5169/85 
f 5173/85 5177/85 5178/85 5174/85 
f 5174/85 5178/85 5179/85 5175/85 
f 5175/85 5179/85 5180/85 5176/85 
f 5176/85 5180/85 5177/85 5173/85 
f 5177/85 5181/85 5182/85 5178/85 
f 5178/85 5182/85 5183/85 5179/85 
f 5179/85 5183/85 5184/85 5180/85 
f 5180/85 5184/85 5181/85 5177/85 
f 5181/85 5185/85 5186/85 5182/85 
f 5182/85 5186/85 5187/85 5183/85 
f 5183/85 5187/85 5188/85 5184/85 
f 5184/85 5188/85 5185/85 5181/85 
f 5185/85 5189/85 5190/85 5186/85 
f 5186/85 5190/85 5191/85 5187/85 
f 5187/85 5191/85 5192/85 5188/85 
f 5188/85 5192/85 5189/85 5185/85 
f 5189/85 5193/85 5194/85 5190/85 
f 5190/85 5194/85 5195/85 5191/85 
f 5191/85 5195/85 5196/85 5192/85 
f 5192/85 5196/85 5193/85 5189/85 
f 5193/85 5197/85 5198/85 5194/85 
f 5194/85 5198/85 5199/85 5195/85 
f 5195/85 5199/85 5200/85 5196/85 
f 5196/85 5200/85 5197/85 5193/85 
f 5197/85 5201/85 5202/85 5198/85 
f 5198/85 5202/85 5203/85 5199/85 
f 5199/85 5203/85 5204/85 5200/85 
f 5200/85 5204/85 5201/85 5197/85 
f 5201/85 5205/85 5206/85 5202/85 
f 5202/85 5206/85 5207/85 5203/85 
f 5203/85 5207/85 5208/85 5204/85 
f 5204/85 5208/85 5205/85 5201/85 
f 5205/85 5209/85 5210/85 5206/85 
f 5206/85 5210/85 5211/85 5207/85 
f 5207/85 5211/85 5212/85 5208/85 
f 5208/85 5212/85 5209/85 5205/85 
f 5209/85 5213/85 5214/85 5210/85 
f 5210/85 5214/85 5215/85 5211/85 
f 5211/85 5215/85 5216/85 5212/85 
f 5212/85 5216/85 5213/85 5209/85 
f 5213/85 5217/85 5218/85 5214/85 
f 5214/85 5218/85 5219/85 5215/85 
f 5215/85 5219/85 5220/85 5216/85 
f 5216/85 5220/85 5217/85 5213/85 
f 5217/85 5221/85 5222/85 5218/85 
f 5218/85 5222/85 5223/85 5219/85 
f 5219/85 5223/85 5224/85 5220/85 
f 5220/85 5224/85 5221/85 5217/85 
f 5221/85 5225/85 5226/85 5222/85 
f 5222/85 5226/85 5227/85 5223/85 
f 5223/85 5227/85 5228/85 5224/85 
f 5224/85 5228/85 5225/85 5221/85 
f 5225/85 5229/85 5230/85 5226/85 
f 5226/85 5230/85 5231/85 5227/85 
f 5227/85 5231/85 5232/85 5228/85 
f 5228/85 5232/85 5229/85 5225/85 
f 5229/85 5233/85 5234/85 5230/85 
f 5230/85 5234/85 5235/85 5231/85 
f 5231/85 5235/85 5236/85 5232/85 
f 5232/85 5236/85 5233/85 5229/85 
f 5233/85 5237/85 5238/85 5234/85 
f 5234/85 5238/85 5239/85 5235/85 
f 5235/85 5239/85 5240/85 5236/85 
f 5236/85 5240/85 5237/85 5233/85 
f 5237/85 5241/85 5242/85 5238/85 
f 5238/85 5242/85 5243/85 5239/85 
f 5239/85 5243/85 5244/85 5240/85 
f 5240/85 5244/85 5241/85 5237/85 
f 5241/85 5245/85 5246/85 5242/85 
f 5242/85 5246/85 5247/85 5243/85 
f 5243/85 5247/85 5248/85 5244/85 
f 5244/85 5248/85 5245/85 5241/85 
f 5245/85 5249/85 5250/85 5246/85 
f 5246/85 5250/85 5251/85 5247/85 
f 5247/85 5251/85 5252/85 5248/85 
f 5248/85 5252/85 5249/85 5245/85 
f 5249/85 5253/85 5254/85 5250/85 
f 5250/85 5254/85 5255/85 5251/85 
f 5251/85 5255/85 5256/85 5252/85 
f 5252/85 5256/85 5253/85 5249/85 
f 5253/85 5257/85 5258/85 5254/85 
f 5254/85 5258/85 5259/85 5255/85 
f 5255/85 5259/85 5260/85 5256/85 
f 5256/85 5260/85 5257/85 5253/85 
f 5257/85 5261/85 5262/85 5258/85 
f 5258/85 5262/85 5263/85 5259/85 
f 5259/85 5263/85 5264/85 5260/85 
f 5260/85 5264/85 5261/85 5257/85 
f 5261/85 5265/85 5266/85 5262/85 
f 5262/85 5266/85 5267/85 5263/85 
f 5263/85 5267/85 5268/85 5264/85 
f 5264/85 5268/85 5265/85 5261/85 
f 5265/85 5269/85 5270/85 5266/85 
f 5266/85 5270/85 5271/85 5267/85 
f 5267/85 5271/85 5272/85 5268/85 
f 5268/85 5272/85 5269/85 5265/85 
f 5269/85 5273/85 5274/85 5270/85 
f 5270/85 5274/85 5275/85 5271/85 
f 5271/85 5275/85 5276/85 5272/85 
f 5272/85 5276/85 5273/85 5269/85 
f 5273/85 5277/85 5278/85 5274/85 
f 5274/85 5278/85 5279/85 5275/85 
f 5275/85 5279/85 5280/85 5276/85 
f 5276/85 5280/85 5277/85 5273/85 
f 5277/85 5281/85 5282/85 5278/85 
f 5278/85 5282/85 5283/85 5279/85 
f 5279/85 5283/85 5284/85 5280/85 
f 5280/85 5284/85 5281/85 5277/85 
f 5281/85 5285/85 5286/85 5282/85 
f 5282/85 5286/85 5287/85 5283/85 
f 5283/85 5287/85 5288/85 5284/85 
f 5284/85 5288/85 5285/85 5281/85 
f 5285/85 5289/85 5290/85 5286/85 
f 5286/85 5290/85 5291/85 5287/85 
f 5287/85 5291/85 5292/85 5288/85 
f 5288/85 5292/85 5289/85 5285/85 
f 5289/85 5293/85 5294/85 5290/85 
f 5290/85 5294/85 5295/85 5291/85 
f 5291/85 5295/85 5296/85 5292/85 
f 5292/85 5296/85 5293/85 5289/85 
f 5293/85 5297/85 5298/85 5294/85 
f 5294/85 5298/85 5299/85 5295/85 
f 5295/85 5299/85 5300/85 5296/85 
f 5296/85 5300/85 5297/85 5293/85 
f 5297/85 5301/85 5302/85 5298/85 
f 5298/85 5302/85 5303/85 5299/85 
f 5299/85 5303/85 5304/85 5300/85 
f 5300/85 5304/85 5301/85 5297/85 
f 5301/85 5305/85 5306/85 5302/85 
f 5302/85 5306/85 5307/85 5303/85 
f 5303/85 5307/85 5308/85 5304/85 
f 5304/85 5308/85 5305/85 5301/85 
f 5305/85 5309/85 5310/85 5306/85 
f 5306/85 5310/85 5311/85 5307/85 
f 5307/85 5311/85 5312/85 5308/85 
f 5308/85 5312/85 5309/85 5305/85 
f 5309/85 4929/85 4930/85 5310/85 
f 5310/85 4930/85 4931/85 5311/85 
f 5311/85 4931/85 4932/85 5312/85 
f 5312/85 4932/85 4929/85 5309/85 
f 5313/86 5317/86 5318/86 5314/86 
f 5314/86 5318/86 5319/86 5315/86 
f 5315/86 5319/86 5320/86 5316/86 
f 5316/86 5320/86 5317/86 5313/86 
f 5317/86 5321/86 5322/86 5318/86 
f 5318/86 5322/86 5323/86 5319/86 
f 5319/86 5323/86 5324/86 5320/86 
f 5320/86 5324/86 5321/86 5317/86 
f 5321/86 5325/86 5326/86 5322/86 
f 5322/86 5326/86 5327/86 5323/86 
f 5323/86 5327/86 5328/86 5324/86 
f 5324/86 5328/86 5325/86 5321/86 
f 5325/86 5329/86 5330/86 5326/86 
f 5326/86 5330/86 5331/86 5327/86 
f 5327/86 5331/86 5332/86 5328/86 
f 5328/86 5332/86 5329/86 5325/86 
f 5329/86 5333/86 5334/86 5330/86 
f 5330/86 5334/86 5335/86 5331/86 
f 5331/86 5335/86 5336/86 5332/86 
f 5332/86 5336/86 5333/86 5329/86 
f 5333/86 5337/86 5338/86 5334/86 
f 5334/86 5338/86 5339/86 5335/86 
f 5335/86 5339/86 5340/86 5336/86 
f 5336/86 5340/86 5337/86 5333/86 
f 5337/86 5341/86 5342/86 5338/86 
f 5338/86 5342/86 5343/86 5339/86 
f 5339/86 5343/86 5344/86 5340/86 
f 5340/86 5344/86 5341/86 5337/86 
f 5341/86 5345/86 5346/86 5342/86 
f 5342/86 5346/86 5347/86 5343/86 
f 5343/86 5347/86 5348/86 5344/86 
f 5344/86 5348/86 5345/86 5341/86 
f 5345/86 5349/86 5350/86 5346/86 
f 5346/86 5350/86 5351/86 5347/86 
f 5347/86 5351/86 5352/86 5348/86 
f 5348/86 5352/86 5349/86 5345/86 
f 5349/86 5353/86 5354/86 5350/86 
f 5350/86 5354/86 5355/86 5351/86 
f 5351/86 5355/86 5356/86 5352/86 
f 5352/86 5356/86 5353/86 5349/86 
f 5353/86 5357/86 5358/86 5354/86 
f 5354/86 5358/86 5359/86 5355/86 
f 5355/86 5359/86 5360/86 5356/86 
f 5356/86 5360/86 5357/86 5353/86 
f 5357/86 5361/86 5362/86 5358/86 
f 5358/86 5362/86 5363/86 5359/86 
f 5359/86 5363/86 5364/86 5360/86 
f 5360/86 5364/86 5361/86 5357/86 
f 5361/86 5365/86 5366/86 5362/86 
f 5362/86 5366/86 5367/86 5363/86 
f 5363/86 5367/86 5368/86 5364/86 
f 5364/86 5368/86 5365/86 5361/86 
f 5365/86 5369/86 5370/86 5366/86 
f 5366/86 5370/86 5371/86 5367/86 
f 5367/86 5371/86 5372/86 5368/86 
f 5368/86 5372/86 5369/86 5365/86 
f 5369/86 5373/86 5374/86 5370/86 
f 5370/86 5374/86 5375/86 5371/86 
f 5371/86 5375/86 5376/86 5372/86 
f 5372/86 5376/86 5373/86 5369/86 
f 5373/86 5377/86 5378/86 5374/86 
f 5374/86 5378/86 5379/86 5375/86 
f 5375/86 5379/86 5380/86 5376/86 
f 5376/86 5380/86 5377/86 5373/86 
f 5377/86 5381/86 5382/86 5378/86 
f 5378/86 5382/86 5383/86 5379/86 
f 5379/86 5383/86 5384/86 5380/86 
f 5380/86 5384/86 5381/86 5377/86 
f 5381/86 5385/86 5386/86 5382/86 
f 5382/86 5386/86 5387/86 5383/86 
f 5383/86 5387/86 5388/86 5384/86 
f 5384/86 5388/86 5385/86 5381/86 
f 5385/86 5389/86 5390/86 5386/86 
f 5386/86 5390/86 5391/86 5387/86 
f 5387/86 5391/86 5392/86 5388/86 
f 5388/86 5392/86 5389/86 5385/86 
f 5389/86 5393/86 5394/86 5390/86 
f 5390/86 5394/86 5395/86 5391/86 
f 5391/86 5395/86 5396/86 5392/86 
f 5392/86 5396/86 5393/86 5389/86 
f 5393/86 5397/86 5398/86 5394/86 
f 5394/86 5398/86 5399/86 5395/86 
f 5395/86 5399/86 5400/86 5396/86 
f 5396/86 5400/86 5397/86 5393/86 
f 5397/86 5401/86 5402/86 5398/86 
f 5398/86 5402/86 5403/86 5399/86 
f 5399/86 5403/86 5404/86 5400/86 
f 5400/86 5404/86 5401/86 5397/86 
f 5401/86 5405/86 5406/86 5402/86 
f 5402/86 5406/86 5407/86 5403/86 
f 5403/86 5407/86 5408/86 5404/86 
f 5404/86 5408/86 5405/86 5401/86 
f 5405/86 5409/86 5410/86 5406/86 
f 5406/86 5410/86 5411/86 5407/86 
f 5407/86 5411/86 5412/86 5408/86 
f 5408/86 5412/86 5409/86 5405/86 
f 5409/86 5413/86 5414/86 5410/86 
f 5410/86 5414/86 5415/86 5411/86 
f 5411/86 5415/86 5416/86 5412/86 
f 5412/86 5416/86 5413/86 5409/86 
f 5413/86 5417/86 5418/86 5414/86 
f 5414/86 5418/86 5419/86 5415/86 
f 5415/86 5419/86 5420/86 5416/86 
f 5416/86 5420/86 5417/86 5413/86 
f 5417/86 5421/86 5422/86 5418/86 
f 5418/86 5422/86 5423/86 5419/86 
f 5419/86 5423/86 5424/86 5420/86 
f 5420/86 5424/86 5421/86 5417/86 
f 5421/86 5425/86 5426/86 5422/86 
f 5422/86 5426/86 5427/86 5423/86 
f 5423/86 5427/86 5428/86 5424/86 
f 5424/86 5428/86 5425/86 5421/86 
f 5425/86 5429/86 5430/86 5426/86 
f 5426/86 5430/86 5431/86 5427/86 
f 5427/86 5431/86 5432/86 5428/86 
f 5428/86 5432/86 5429/86 5425/86 
f 5429/86 5433/86 5434/86 5430/86 
f 5430/86 5434/86 5435/86 5431/86 
f 5431/86 5435/86 5436/86 5432/86 
f 5432/86 5436/86 5433/86 5429/86 
f 5433/86 5437/86 5438/86 5434/86 
f 5434/86 5438/86 5439/86 5435/86 
f 5435/86 5439/86 5440/86 5436/86 
f 5436/86 5440/86 5437/86 5433/86 
f 5437/86 5441/86 5442/86 5438/86 
f 5438/86 5442/86 5443/86 5439/86 
f 5439/86 5443/86 5444/86 5440/86 
f 5440/86 5444/86 5441/86 5437/86 
f 5441/86 5445/86 5446/86 5442/86 
f 5442/86 5446/86 5447/86 5443/86 
f 5443/86 5447/86 5448/86 5444/86 
f 5444/86 5448/86 5445/86 5441/86 
f 5445/86 5449/86 5450/86 5446/86 
f 5446/86 5450/86 5451/86 5447/86 
f 5447/86 5451/86 5452/86 5448/86 
f 5448/86 5452/86 5449/86 5445/86 
f 5449/86 5453/86 5454/86 5450/86 
f 5450/86 5454/86 5455/86 5451/86 
f 5451/86 5455/86 5456/86 5452/86 
f 5452/86 5456/86 5453/86 5449/86 
f 5453/86 5457/86 5458/86 5454/86 
f 5454/86 5458/86 5459/86 5455/86 
f 5455/86 5459/86 5460/86 5456/86 
f 5456/86 5460/86 5457/86 5453/86 
f 5457/86 5461/86 5462/86 5458/86 
f 5458/86 5462/86 5463/86 5459/86 
f 5459/86 5463/86 5464/86 5460/86 
f 5460/86 5464/86 5461/86 5457/86 
f 5461/86 5465/86 5466/86 5462/86 
f 5462/86 5466/86 5467/86 5463/86 
f 5463/86 5467/86 5468/86 5464/86 
f 5464/86 5468/86 5465/86 5461/86 
f 5465/86 5469/86 5470/86 5466/86 
f 5466/86 5470/86 5471/86 5467/86 
f 5467/86 5471/86 5472/86 5468/86 
f 5468/86 5472/86 5469/86 5465/86 
f 5469/86 5473/86 5474/86 5470/86 
f 5470/86 5474/86 5475/86 5471/86 
f 5471/86 5475/86 5476/86 5472/86 
f 5472/86 5476/86 5473/86 5469/86 
f 5473/86 5477/86 5478/86 5474/86 
f 5474/86 5478/86 5479/86 5475/86 
f 5475/86 5479/86 5480/86 5476/86 
f 5476/86 5480/86 5477/86 5473/86 
f 5477/86 5481/86 5482/86 5478/86 
f 5478/86 5482/86 5483/86 5479/86 
f 5479/86 5483/86 5484/86 5480/86 
f 5480/86 5484/86 5481/86 5477/86 
f 5481/86 5485/86 5486/86 5482/86 
f 5482/86 5486/86 5487/86 5483/86 
f 5483/86 5487/86 5488/86 5484/86 
f 5484/86 5488/86 5485/86 5481/86 
f 5485/86 5489/86 5490/86 5486/86 
f 5486/86 5490/86 5491/86 5487/86 
f 5487/86 5491/86 5492/86 5488/86 
f 5488/86 5492/86 5489/86 5485/86 
f 5489/86 5493/86 5494/86 5490/86 
f 5490/86 5494/86 5495/86 5491/86 
f 5491/86 5495/86 5496/86 5492/86 
f 5492/86 5496/86 5493/86 5489/86 
f 5493/86 5497/86 5498/86 5494/86 
f 5494/86 5498/86 5499/86 5495/86 
f 5495/86 5499/86 5500/86 5496/86 
f 5496/86 5500/86 5497/86 5493/86 
f 5497/86 5501/86 5502/86 5498/86 
f 5498/86 5502/86 5503/86 5499/86 
f 5499/86 5503/86 5504/86 5500/86 
f 5500/86 5504/86 5501/86 5497/86 
f 5501/86 5505/86 5506/86 5502/86 
f 5502/86 5506/86 5507/86 5503/86 
f 5503/86 5507/86 5508/86 5504/86 
f 5504/86 5508/86 5505/86 5501/86 
f 5505/86 5509/86 5510/86 5506/86 
f 5506/86 5510/86 5511/86 5507/86 
f 5507/86 5511/86 5512/86 5508/86 
f 5508/86 5512/86 5509/86 5505/86 
f 5509/86 5513/86 5514/86 5510/86 
f 5510/86 5514/86 5515/86 5511/86 
f 5511/86 5515/86 5516/86 5512/86 
f 5512/86 5516/86 5513/86 5509/86 
f 5513/86 5517/86 5518/86 5514/86 
f 5514/86 5518/86 5519/86 5515/86 
f 5515/86 5519/86 5520/86 5516/86 
f 5516/86 5520/86 5517/86 5513/86 
f 5517/86 5521/86 5522/86 5518/86 
f 5518/86 5522/86 5523/86 5519/86 
f 5519/86 5523/86 5524/86 5520/86 
f 5520/86 5524/86 5521/86 5517/86 
f 5521/86 5525/86 5526/86 5522/86 
f 5522/86 5526/86 5527/86 5523/86 
f 5523/86 5527/86 5528/86 5524/86 
f 5524/86 5528/86 5525/86 5521/86 
f 5525/86 5529/86 5530/86 5526/86 
f 5526/86 5530/86 5531/86 5527/86 
f 5527/86 5531/86 5532/86 5528/86 
f 5528/86 5532/86 5529/86 5525/86 
f 5529/86 5533/86 5534/86 5530/86 
f 5530/86 5534/86 5535/86 5531/86 
f 5531/86 5535/86 5536/86 5532/86 
f 5532/86 5536/86 5533/86 5529/86 
f 5533/86 5537/86 5538/86 5534/86 
f 5534/86 5538/86 5539/86 5535/86 
f 5535/86 5539/86 5540/86 5536/86 
f 5536/86 5540/86 5537/86 5533/86 
f 5537/86 5541/86 5542/86 5538/86 
f 5538/86 5542/86 5543/86 5539/86 
f 5539/86 5543/86 5544/86 5540/86 
f 5540/86 5544/86 5541/86 5537/86 
f 5541/86 5545/86 5546/86 5542/86 
f 5542/86 5546/86 5547/86 5543/86 
f 5543/86 5547/86 5548/86 5544/86 
f 5544/86 5548/86 5545/86 5541/86 
f 5545/86 5549/86 5550/86 5546/86 
f 5546/86 5550/86 5551/86 5547/86 
f 5547/86 5551/86 5552/86 5548/86 
f 5548/86 5552/86 5549/86 5545/86 
f 5549/86 5553/86 5554/86 5550/86 
f 5550/86 5554/86 5555/86 5551/86 
f 5551/86 5555/86 5556/86 5552/86 
f 5552/86 5556/86 5553/86 5549/86 
f 5553/86 5557/86 5558/86 5554/86 
f 5554/86 5558/86 5559/86 5555/86 
f 5555/86 5559/86 5560/86 5556/86 
f 5556/86 5560/86 5557/86 5553/86 
f 5557/86 5561/86 5562/86 5558/86 
f 5558/86 5562/86 5563/86 5559/86 
f 5559/86 5563/86 5564/86 5560/86 
f 5560/86 5564/86 5561/86 5557/86 
f 5561/86 5565/86 5566/86 5562/86 
f 5562/86 5566/86 5567/86 5563/86 
f 5563/86 5567/86 5568/86 5564/86 
f 5564/86 5568/86 5565/86 5561/86 
f 5565/86 5569/86 5570/86 5566/86 
f 5566/86 5570/86 5571/86 5567/86 
f 5567/86 5571/86 5572/86 5568/86 
f 5568/86 5572/86 5569/86 5565/86 
f 5569/86 5573/86 5574/86 5570/86 
f 5570/86 5574/86 5575/86 5571/86 
f 5571/86 5575/86 5576/86 5572/86 
f 5572/86 5576/86 5573/86 5569/86 
f 5573/86 5577/86 5578/86 5574/86 
f 5574/86 5578/86 5579/86 5575/86 
f 5575/86 5579/86 5580/86 5576/86 
f 5576/86 5580/86 5577/86 5573/86 
f 5577/86 5581/86 5582/86 5578/86 
f 5578/86 5582/86 5583/86 5579/86 
f 5579/86 5583/86 5584/86 5580/86 
f 5580/86 5584/86 5581/86 5577/86 
f 5581/86 5585/86 5586/86 5582/86 
f 5582/86 5586/86 5587/86 5583/86 
f 5583/86 5587/86 5588/86 5584/86 
f 5584/86 5588/86 5585/86 5581/86 
f 5585/86 5589/86 5590/86 5586/86 
f 5586/86 5590/86 5591/86 5587/86 
f 5587/86 5591/86 5592/86 5588/86 
f 5588/86 5592/86 5589/86 5585/86 
f 5589/86 5593/86 5594/86 5590/86 
f 5590/86 5594/86 5595/86 5591/86 
f 5591/86 5595/86 5596/86 5592/86 
f 5592/86 5596/86 5593/86 5589/86 
f 5593/86 5597/86 5598/86 5594/86 
f 5594/86 5598/86 5599/86 5595/86 
f 5595/86 5599/86 5600/86 5596/86 
f 5596/86 5600/86 5597/86 5593/86 
f 5597/86 5601/86 5602/86 5598/86 
f 5598/86 5602/86 5603/86 5599/86 
f 5599/86 5603/86 5604/86 5600/86 
f 5600/86 5604/86 5601/86 5597/86 
f 5601/86 5605/86 5606/86 5602/86 
f 5602/86 5606/86 5607/86 5603/86 
f 5603/86 5607/86 5608/86 5604/86 
f 5604/86 5608/86 5605/86 5601/86 
f 5605/86 5609/86 5610/86 5606/86 
f 5606/86 5610/86 5611/86 5607/86 
f 5607/86 5611/86 5612/86 5608/86 
f 5608/86 5612/86 5609/86 5605/86 
f 5609/86 5613/86 5614/86 5610/86 
f 5610/86 5614/86 5615/86 5611/86 
f 5611/86 5615/86 5616/86 5612/86 
f 5612/86 5616/86 5613/86 5609/86 
f 5613/86 5617/86 5618/86 5614/86 
f 5614/86 5618/86 5619/86 5615/86 
f 5615/86 5619/86 5620/86 5616/86 
f 5616/86 5620/86 5617/86 5613/86 
f 5617/86 5621/86 5622/86 5618/86 
f 5618/86 5622/86 5623/86 5619/86 
f 5619/86 5623/86 5624/86 5620/86 
f 5620/86 5624/86 5621/86 5617/86 
f 5621/86 5625/86 5626/86 5622/86 
f 5622/86 5626/86 5627/86 5623/86 
f 5623/86 5627/86 5628/86 5624/86 
f 5624/86 5628/86 5625/86 5621/86 
f 5625/86 5629/86 5630/86 5626/86 
f 5626/86 5630/86 5631/86 5627/86 
f 5627/86 5631/86 5632/86 5628/86 
f 5628/86 5632/86 5629/86 5625/86 
f 5629/86 5633/86 5634/86 5630/86 
f 5630/86 5634/86 5635/86 5631/86 
f 5631/86 5635/86 5636/86 5632/86 
f 5632/86 5636/86 5633/86 5629/86 
f 5633/86 5637/86 5638/86 5634/86 
f 5634/86 5638/86 5639/86 5635/86 
f 5635/86 5639/86 5640/86 5636/86 
f 5636/86 5640/86 5637/86 5633/86 
f 5637/86 5641/86 5642/86 5638/86 
f 5638/86 5642/86 5643/86 5639/86 
f 5639/86 5643/86 5644/86 5640/86 
f 5640/86 5644/86 5641/86 5637/86 
f 5641/86 5645/86 5646/86 5642/86 
f 5642/86 5646/86 5647/86 5643/86 
f 5643/86 5647/86 5648/86 5644/86 
f 5644/86 5648/86 5645/86 5641/86 
f 5645/86 5649/86 5650/86 5646/86 
f 5646/86 5650/86 5651/86 5647/86 
f 5647/86 5651/86 5652/86 5648/86 
f 5648/86 5652/86 5649/86 5645/86 
f 5649/86 5653/86 5654/86 5650/86 
f 5650/86 5654/86 5655/86 5651/86 
f 5651/86 5655/86 5656/86 5652/86 
f 5652/86 5656/86 5653/86 5649/86 
f 5653/86 5657/86 5658/86 5654/86 
f 5654/86 5658/86 5659/86 5655/86 
f 5655/86 5659/86 5660/86 5656/86 
f 5656/86 5660/86 5657/86 5653/86 
f 5657/86 5661/86 5662/86 5658/86 
f 5658/86 5662/86 5663/86 5659/86 
f 5659/86 5663/86 5664/86 5660/86 
f 5660/86 5664/86 5661/86 5657/86 
f 5661/86 5665/86 5666/86 5662/86 
f 5662/86 5666/86 5667/86 5663/86 
f 5663/86 5667/86 5668/86 5664/86 
f 5664/86 5668/86 5665/86 5661/86 
f 5665/86 5669/86 5670/86 5666/86 
f 5666/86 5670/86 5671/86 5667/86 
f 5667/86 5671/86 5672/86 5668/86 
f 5668/86 5672/86 5669/86 5665/86 
f 5669/86 5673/86 5674/86 5670/86 
f 5670/86 5674/86 5675/86 5671/86 
f 5671/86 5675/86 5676/86 5672/86 
f 5672/86 5676/86 5673/86 5669/86 
f 5673/86 5677/86 5678/86 5674/86 
f 5674/86 5678/86 5679/86 5675/86 
f 5675/86 5679/86 5680/86 5676/86 
f 5676/86 5680/86 5677/86 5673/86 
f 5677/86 5681/86 5682/86 5678/86 
f 5678/86 5682/86 5683/86 5679/86 
f 5679/86 5683/86 5684/86 5680/86 
f 5680/86 5684/86 5681/86 5677/86 
f 5681/86 5685/86 5686/86 5682/86 
f 5682/86 5686/86 5687/86 5683/86 
f 5683/86 5687/86 5688/86 5684/86 
f 5684/86 5688/86 5685/86 5681/86 
f 5685/86 5689/86 5690/86 5686/86 
f 5686/86 5690/86 5691/86 5687/86 
f 5687/86 5691/86 5692/86 5688/86 
f 5688/86 5692/86 5689/86 5685/86 
f 5689/86 5693/86 5694/86 5690/86 
f 5690/86 5694/86 5695/86 5691/86 
f 5691/86 5695/86 5696/86 5692/86 
f 5692/86 5696/86 5693/86 5689/86 
f 5693/86 5313/86 5314/86 5694/86 
f 5694/86 5314/86 5315/86 5695/86 
f 5695/86 5315/86 5316/86 5696/86 
f 5696/86 5316/86 5313/86 5693/86 
usemtl Floor
f 5697/87 5700/87 5699/87 5698/87 
f 5701/87 5702/87 5703/87 5704/87 
f 5697/87 5698/87 5702/87 5701/87 
f 5699/87 5700/87 5704/87 5703/87 
f 5700/87 5697/87 5701/87 5704/87 
f 5698/87 5699/87 5703/87 5702/87 
f 5705/87 5708/87 5707/87 5706/87 
f 5709/87 5710/87 5711/87 5712/87 
f 5705/87 5706/87 5710/87 5709/87 
f 5707/87 5708/87 5712/87 5711/87 
f 5708/87 5705/87 5709/87 5712/87 
f 5706/87 5707/87 5711/87 5710/87 
f 5713/87 5716/87 5715/87 5714/87 
f 5717/87 5718/87 5719/87 5720/87 
f 5713/87 5714/87 5718/87 5717/87 
f 5715/87 5716/87 5720/87 5719/87 
f 5716/87 5713/87 5717/87 5720/87 
f 5714/87 5715/87 5719/87 5718/87 
f 5721/87 5724/87 5723/87 5722/87 
f 5725/87 5726/87 5727/87 5728/87 
f 5721/87 5722/87 5726/87 5725/87 
f 5723/87 5724/87 5728/87 5727/87 
f 5724/87 5721/87 5725/87 5728/87 
f 5722/87 5723/87 5727/87 5726/87 
f 5729/87 5732/87 5731/87 5730/87 
f 5733/87 5734/87 5735/87 5736/87 
f 5729/87 5730/87 5734/87 5733/87 
f 5731/87 5732/87 5736/87 5735/87 
f 5732/87 5729/87 5733/87 5736/87 
f 5730/87 5731/87 5735/87 5734/87 
f 5737/87 5740/87 5739/87 5738/87 
f 5741/87 5742/87 5743/87 5744/87 
f 5737/87 5738/87 5742/87 5741/87 
f 5739/87 5740/87 5744/87 5743/87 
f 5740/87 5737/87 5741/87 5744/87 
f 5738/87 5739/87 5743/87 5742/87 
usemtl wire_006134006
f 5745/88 5748/88 5747/88 5746/88 
f 5749/88 5750/88 5751/88 5752/88 
f 5745/88 5746/88 5750/88 5749/88 
f 5747/88 5748/88 5752/88 5751/88 
f 5748/88 5745/88 5749/88 5752/88 
f 5746/88 5747/88 5751/88 5750/88 
f 5753/88 5756/88 5755/88 5754/88 
f 5757/88 5758/88 5759/88 5760/88 
f 5753/88 5754/88 5758/88 5757/88 
f 5755/88 5756/88 5760/88 5759/88 
f 5756/88 5753/88 5757/88 5760/88 
f 5754/88 5755/88 5759/88 5758/88 
f 5761/88 5764/88 5763/88 5762/88 
f 5765/88 5766/88 5767/88 5768/88 
f 5761/88 5762/88 5766/88 5765/88 
f 5763/88 5764/88 5768/88 5767/88 
f 5764/88 5761/88 5765/88 5768/88 
f 5762/88 5763/88 5767/88 5766/88 
f 5769/88 5772/88 5771/88 5770/88 
f 5773/88 5774/88 5775/88 5776/88 
f 5769/88 5770/88 5774/88 5773/88 
f 5771/88 5772/88 5776/88 5775/88 
f 5772/88 5769/88 5773/88 5776/88 
f 5770/88 5771/88 5775/88 5774/88 
f 5777/88 5780/88 5779/88 5778/88 
f 5781/88 5782/88 5783/88 5784/88 
f 5777/88 5778/88 5782/88 5781/88 
f 5779/88 5780/88 5784/88 5783/88 
f 5780/88 5777/88 5781/88 5784/88 
f 5778/88 5779/88 5783/88 5782/88 
f 5785/88 5788/88 5787/88 5786/88 
f 5789/88 5790/88 5791/88 5792/88 
f 5785/88 5786/88 5790/88 5789/88 
f 5787/88 5788/88 5792/88 5791/88 
f 5788/88 5785/88 5789/88 5792/88 
f 5786/88 5787/88 5791/88 5790/88 
f 5793/88 5796/88 5795/88 5794/88 
f 5797/88 5798/88 5799/88 5800/88 
f 5793/88 5794/88 5798/88 5797/88 
f 5795/88 5796/88 5800/88 5799/88 
f 5796/88 5793/88 5797/88 5800/88 
f 5794/88 5795/88 5799/88 5798/88 
f 5801/88 5804/88 5803/88 5802/88 
f 5805/88 5806/88 5807/88 5808/88 
f 5801/88 5802/88 5806/88 5805/88 
f 5803/88 5804/88 5808/88 5807/88 
f 5804/88 5801/88 5805/88 5808/88 
f 5802/88 5803/88 5807/88 5806/88 
f 5809/88 5812/88 5811/88 5810/88 
f 5813/88 5814/88 5815/88 5816/88 
f 5809/88 5810/88 5814/88 5813/88 
f 5811/88 5812/88 5816/88 5815/88 
f 5812/88 5809/88 5813/88 5816/88 
f 5810/88 5811/88 5815/88 5814/88 
f 5817/88 5820/88 5819/88 5818/88 
f 5821/88 5822/88 5823/88 5824/88 
f 5817/88 5818/88 5822/88 5821/88 
f 5819/88 5820/88 5824/88 5823/88 
f 5820/88 5817/88 5821/88 5824/88 
f 5818/88 5819/88 5823/88 5822/88 
usemtl Floor
f 5825/89 5828/89 5827/89 5826/89 
f 5829/89 5830/89 5831/89 5832/89 
f 5825/89 5826/89 5830/89 5829/89 
f 5827/89 5828/89 5832/89 5831/89 
f 5828/89 5825/89 5829/89 5832/89 
f 5826/89 5827/89 5831/89 5830/89 
f 5833/89 5836/89 5835/89 5834/89 
f 5837/89 5838/89 5839/89 5840/89 
f 5833/89 5834/89 5838/89 5837/89 
f 5835/89 5836/89 5840/89 5839/89 
f 5836/89 5833/89 5837/89 5840/89 
f 5834/89 5835/89 5839/89 5838/89 
f 5841/89 5844/89 5843/89 5842/89 
f 5845/89 5846/89 5847/89 5848/89 
f 5841/89 5842/89 5846/89 5845/89 
f 5843/89 5844/89 5848/89 5847/89 
f 5844/89 5841/89 5845/89 5848/89 
f 5842/89 5843/89 5847/89 5846/89 
f 5849/89 5852/89 5851/89 5850/89 
f 5853/89 5854/89 5855/89 5856/89 
f 5849/89 5850/89 5854/89 5853/89 
f 5851/89 5852/89 5856/89 5855/89 
f 5852/89 5849/89 5853/89 5856/89 
f 5850/89 5851/89 5855/89 5854/89 
f 5857/89 5860/89 5859/89 5858/89 
f 5861/89 5862/89 5863/89 5864/89 
f 5857/89 5858/89 5862/89 5861/89 
f 5859/89 5860/89 5864/89 5863/89 
f 5860/89 5857/89 5861/89 5864/89 
f 5858/89 5859/89 5863/89 5862/89 
f 5865/89 5868/89 5867/89 5866/89 
f 5869/89 5870/89 5871/89 5872/89 
f 5865/89 5866/89 5870/89 5869/89 
f 5867/89 5868/89 5872/89 5871/89 
f 5868/89 5865/89 5869/89 5872/89 
f 5866/89 5867/89 5871/89 5870/89 
f 5873/89 5876/89 5875/89 5874/89 
f 5877/89 5878/89 5879/89 5880/89 
f 5873/89 5874/89 5878/89 5877/89 
f 5875/89 5876/89 5880/89 5879/89 
f 5876/89 5873/89 5877/89 5880/89 
f 5874/89 5875/89 5879/89 5878/89 
f 5881/89 5884/89 5883/89 5882/89 
f 5885/89 5886/89 5887/89 5888/89 
f 5881/89 5882/89 5886/89 5885/89 
f 5883/89 5884/89 5888/89 5887/89 
f 5884/89 5881/89 5885/89 5888/89 
f 5882/89 5883/89 5887/89 5886/89 
f 5889/89 5892/89 5891/89 5890/89 
f 5893/89 5894/89 5895/89 5896/89 
f 5889/89 5890/89 5894/89 5893/89 
f 5891/89 5892/89 5896/89 5895/89 
f 5892/89 5889/89 5893/89 5896/89 
f 5890/89 5891/89 5895/89 5894/89 
f 5897/89 5900/89 5899/89 5898/89 
f 5901/89 5902/89 5903/89 5904/89 
f 5897/89 5898/89 5902/89 5901/89 
f 5899/89 5900/89 5904/89 5903/89 
f 5900/89 5897/89 5901/89 5904/89 
f 5898/89 5899/89 5903/89 5902/89 
f 5905/89 5908/89 5907/89 5906/89 
f 5909/89 5910/89 5911/89 5912/89 
f 5905/89 5906/89 5910/89 5909/89 
f 5907/89 5908/89 5912/89 5911/89 
f 5908/89 5905/89 5909/89 5912/89 
f 5906/89 5907/89 5911/89 5910/89 
f 5913/89 5916/89 5915/89 5914/89 
f 5917/89 5918/89 5919/89 5920/89 
f 5913/89 5914/89 5918/89 5917/89 
f 5915/89 5916/89 5920/89 5919/89 
f 5916/89 5913/89 5917/89 5920/89 
f 5914/89 5915/89 5919/89 5918/89 
f 5921/89 5924/89 5923/89 5922/89 
f 5925/89 5926/89 5927/89 5928/89 
f 5921/89 5922/89 5926/89 5925/89 
f 5923/89 5924/89 5928/89 5927/89 
f 5924/89 5921/89 5925/89 5928/89 
f 5922/89 5923/89 5927/89 5926/89 
f 5929/89 5932/89 5931/89 5930/89 
f 5933/89 5934/89 5935/89 5936/89 
f 5929/89 5930/89 5934/89 5933/89 
f 5931/89 5932/89 5936/89 5935/89 
f 5932/89 5929/89 5933/89 5936/89 
f 5930/89 5931/89 5935/89 5934/89 
f 5937/89 5940/89 5939/89 5938/89 
f 5941/89 5942/89 5943/89 5944/89 
f 5937/89 5938/89 5942/89 5941/89 
f 5939/89 5940/89 5944/89 5943/89 
f 5940/89 5937/89 5941/89 5944/89 
f 5938/89 5939/89 5943/89 5942/89 
f 5945/89 5948/89 5947/89 5946/89 
f 5949/89 5950/89 5951/89 5952/89 
f 5945/89 5946/89 5950/89 5949/89 
f 5947/89 5948/89 5952/89 5951/89 
f 5948/89 5945/89 5949/89 5952/89 
f 5946/89 5947/89 5951/89 5950/89 
f 5953/89 5956/89 5955/89 5954/89 
f 5957/89 5958/89 5959/89 5960/89 
f 5953/89 5954/89 5958/89 5957/89 
f 5955/89 5956/89 5960/89 5959/89 
f 5956/89 5953/89 5957/89 5960/89 
f 5954/89 5955/89 5959/89 5958/89 
f 5961/89 5964/89 5963/89 5962/89 
f 5965/89 5966/89 5967/89 5968/89 
f 5961/89 5962/89 5966/89 5965/89 
f 5963/89 5964/89 5968/89 5967/89 
f 5964/89 5961/89 5965/89 5968/89 
f 5962/89 5963/89 5967/89 5966/89 
f 5969/89 5972/89 5971/89 5970/89 
f 5973/89 5974/89 5975/89 5976/89 
f 5969/89 5970/89 5974/89 5973/89 
f 5971/89 5972/89 5976/89 5975/89 
f 5972/89 5969/89 5973/89 5976/89 
f 5970/89 5971/89 5975/89 5974/89 
f 5977/89 5980/89 5979/89 5978/89 
f 5981/89 5982/89 5983/89 5984/89 
f 5977/89 5978/89 5982/89 5981/89 
f 5979/89 5980/89 5984/89 5983/89 
f 5980/89 5977/89 5981/89 5984/89 
f 5978/89 5979/89 5983/89 5982/89 
f 5985/89 5988/89 5987/89 5986/89 
f 5989/89 5990/89 5991/89 5992/89 
f 5985/89 5986/89 5990/89 5989/89 
f 5987/89 5988/89 5992/89 5991/89 
f 5988/89 5985/89 5989/89 5992/89 
f 5986/89 5987/89 5991/89 5990/89 
f 5993/89 5996/89 5995/89 5994/89 
f 5997/89 5998/89 5999/89 6000/89 
f 5993/89 5994/89 5998/89 5997/89 
f 5995/89 5996/89 6000/89 5999/89 
f 5996/89 5993/89 5997/89 6000/89 
f 5994/89 5995/89 5999/89 5998/89 
f 6001/89 6004/89 6003/89 6002/89 
f 6005/89 6006/89 6007/89 6008/89 
f 6001/89 6002/89 6006/89 6005/89 
f 6003/89 6004/89 6008/89 6007/89 
f 6004/89 6001/89 6005/89 6008/89 
f 6002/89 6003/89 6007/89 6006/89 
f 6009/89 6012/89 6011/89 6010/89 
f 6013/89 6014/89 6015/89 6016/89 
f 6009/89 6010/89 6014/89 6013/89 
f 6011/89 6012/89 6016/89 6015/89 
f 6012/89 6009/89 6013/89 6016/89 
f 6010/89 6011/89 6015/89 6014/89 
f 6017/89 6020/89 6019/89 6018/89 
f 6021/89 6022/89 6023/89 6024/89 
f 6017/89 6018/89 6022/89 6021/89 
f 6019/89 6020/89 6024/89 6023/89 
f 6020/89 6017/89 6021/89 6024/89 
f 6018/89 6019/89 6023/89 6022/89 
f 6025/89 6028/89 6027/89 6026/89 
f 6029/89 6030/89 6031/89 6032/89 
f 6025/89 6026/89 6030/89 6029/89 
f 6027/89 6028/89 6032/89 6031/89 
f 6028/89 6025/89 6029/89 6032/89 
f 6026/89 6027/89 6031/89 6030/89 
f 6033/89 6036/89 6035/89 6034/89 
f 6037/89 6038/89 6039/89 6040/89 
f 6033/89 6034/89 6038/89 6037/89 
f 6035/89 6036/89 6040/89 6039/89 
f 6036/89 6033/89 6037/89 6040/89 
f 6034/89 6035/89 6039/89 6038/89 
f 6041/89 6044/89 6043/89 6042/89 
f 6045/89 6046/89 6047/89 6048/89 
f 6041/89 6042/89 6046/89 6045/89 
f 6043/89 6044/89 6048/89 6047/89 
f 6044/89 6041/89 6045/89 6048/89 
f 6042/89 6043/89 6047/89 6046/89 
f 6049/89 6052/89 6051/89 6050/89 
f 6053/89 6054/89 6055/89 6056/89 
f 6049/89 6050/89 6054/89 6053/89 
f 6051/89 6052/89 6056/89 6055/89 
f 6052/89 6049/89 6053/89 6056/89 
f 6050/89 6051/89 6055/89 6054/89 
f 6057/89 6060/89 6059/89 6058/89 
f 6061/89 6062/89 6063/89 6064/89 
f 6057/89 6058/89 6062/89 6061/89 
f 6059/89 6060/89 6064/89 6063/89 
f 6060/89 6057/89 6061/89 6064/89 
f 6058/89 6059/89 6063/89 6062/89 
f 6065/89 6068/89 6067/89 6066/89 
f 6069/89 6070/89 6071/89 6072/89 
f 6065/89 6066/89 6070/89 6069/89 
f 6067/89 6068/89 6072/89 6071/89 
f 6068/89 6065/89 6069/89 6072/89 
f 6066/89 6067/89 6071/89 6070/89 
f 6073/89 6076/89 6075/89 6074/89 
f 6077/89 6078/89 6079/89 6080/89 
f 6073/89 6074/89 6078/89 6077/89 
f 6075/89 6076/89 6080/89 6079/89 
f 6076/89 6073/89 6077/89 6080/89 
f 6074/89 6075/89 6079/89 6078/89 
f 6081/89 6084/89 6083/89 6082/89 
f 6085/89 6086/89 6087/89 6088/89 
f 6081/89 6082/89 6086/89 6085/89 
f 6083/89 6084/89 6088/89 6087/89 
f 6084/89 6081/89 6085/89 6088/89 
f 6082/89 6083/89 6087/89 6086/89 
f 6089/89 6092/89 6091/89 6090/89 
f 6093/89 6094/89 6095/89 6096/89 
f 6089/89 6090/89 6094/89 6093/89 
f 6091/89 6092/89 6096/89 6095/89 
f 6092/89 6089/89 6093/89 6096/89 
f 6090/89 6091/89 6095/89 6094/89 
f 6097/89 6100/89 6099/89 6098/89 
f 6101/89 6102/89 6103/89 6104/89 
f 6097/89 6098/89 6102/89 6101/89 
f 6099/89 6100/89 6104/89 6103/89 
f 6100/89 6097/89 6101/89 6104/89 
f 6098/89 6099/89 6103/89 6102/89 
usemtl wire_006134006
f 6105/90 6108/90 6107/90 6106/90 
f 6109/90 6110/90 6111/90 6112/90 
f 6105/90 6106/90 6110/90 6109/90 
f 6107/90 6108/90 6112/90 6111/90 
f 6108/90 6105/90 6109/90 6112/90 
f 6106/90 6107/90 6111/90 6110/90 
f 6113/90 6116/90 6115/90 6114/90 
f 6117/90 6118/90 6119/90 6120/90 
f 6113/90 6114/90 6118/90 6117/90 
f 6115/90 6116/90 6120/90 6119/90 
f 6116/90 6113/90 6117/90 6120/90 
f 6114/90 6115/90 6119/90 6118/90 
f 6121/90 6124/90 6123/90 6122/90 
f 6125/90 6126/90 6127/90 6128/90 
f 6121/90 6122/90 6126/90 6125/90 
f 6123/90 6124/90 6128/90 6127/90 
f 6124/90 6121/90 6125/90 6128/90 
f 6122/90 6123/90 6127/90 6126/90 
f 6129/90 6132/90 6131/90 6130/90 
f 6133/90 6134/90 6135/90 6136/90 
f 6129/90 6130/90 6134/90 6133/90 
f 6131/90 6132/90 6136/90 6135/90 
f 6132/90 6129/90 6133/90 6136/90 
f 6130/90 6131/90 6135/90 6134/90 
f 6137/90 6140/90 6139/90 6138/90 
f 6141/90 6142/90 6143/90 6144/90 
f 6137/90 6138/90 6142/90 6141/90 
f 6139/90 6140/90 6144/90 6143/90 
f 6140/90 6137/90 6141/90 6144/90 
f 6138/90 6139/90 6143/90 6142/90 
f 6145/90 6148/90 6147/90 6146/90 
f 6149/90 6150/90 6151/90 6152/90 
f 6145/90 6146/90 6150/90 6149/90 
f 6147/90 6148/90 6152/90 6151/90 
f 6148/90 6145/90 6149/90 6152/90 
f 6146/90 6147/90 6151/90 6150/90 
f 6153/90 6156/90 6155/90 6154/90 
f 6157/90 6158/90 6159/90 6160/90 
f 6153/90 6154/90 6158/90 6157/90 
f 6155/90 6156/90 6160/90 6159/90 
f 6156/90 6153/90 6157/90 6160/90 
f 6154/90 6155/90 6159/90 6158/90 
f 6161/90 6164/90 6163/90 6162/90 
f 6165/90 6166/90 6167/90 6168/90 
f 6161/90 6162/90 6166/90 6165/90 
f 6163/90 6164/90 6168/90 6167/90 
f 6164/90 6161/90 6165/90 6168/90 
f 6162/90 6163/90 6167/90 6166/90 
f 6169/90 6172/90 6171/90 6170/90 
f 6173/90 6174/90 6175/90 6176/90 
f 6169/90 6170/90 6174/90 6173/90 
f 6171/90 6172/90 6176/90 6175/90 
f 6172/90 6169/90 6173/90 6176/90 
f 6170/90 6171/90 6175/90 6174/90 
f 6177/90 6180/90 6179/90 6178/90 
f 6181/90 6182/90 6183/90 6184/90 
f 6177/90 6178/90 6182/90 6181/90 
f 6179/90 6180/90 6184/90 6183/90 
f 6180/90 6177/90 6181/90 6184/90 
f 6178/90 6179/90 6183/90 6182/90 
# 5430 polygons

